author_first,city_code1,ym1,coauthor1,class_num1,mag_classn1,city_code2,ym2,coauthor2,class_num2,mag_classn2,move_time,class_overlap,mag_overlap,coauthor_overlap
万广华,5301.0,2013-05-01;2008-12-01;2008-04-01;2012-04-01;2008-10-01;2008-04-01;, 张茵; M.S.Qureshi; 伏润民; 吴一平; 张藕香;,F;F;F;F;F;D;D;F;F;F;F;,经济与管理;经济与管理;经济与管理;经济与管理;经济与管理;经济与管理;,6104.0,2006-06-01;2004-08-01;, 张茵;,F;F;,经济与管理;经济与管理;,1,1,1,1
云鹤,4401.0,2004-07-01;, 刘涛; 舒元;,F;F;,经济与管理;,3301.0,2005-06-01;2012-01-01;2008-07-01;, 舒元; 胡剑锋; 吕品; 舒元;,F;F;F;F;F;F;,经济与管理;经济与管理;经济与管理;,1,1,1,1
付强,3701.0,2017-03-01;,,F;,经济与管理;,5000.0,2013-04-01;, 刘星; 计方;,F;,经济与管理;,1,1,1,0
付文林,3100.0,2014-05-01;2012-05-01;, 赵永辉; 沈坤荣;,F;F;F;F;,经济与管理;经济与管理;,3201.0,2011-07-01;, 耿强;,F;F;F;,经济与管理;,1,1,1,0
代谦,3502.0,2015-10-01;, 别朝霞;,K;D;,经济与管理;,4201.0,2015-05-01;2010-06-01;2009-03-01;2006-04-01;, 何祚宇; 李唐; 李唐; 别朝霞;,F;F;F;F;F;F;F;,经济与管理;经济与管理;经济与管理;经济与管理;,1,0,1,1
任寿根,3601.0,2003-02-01;2002-01-01;,,F;F;F;,经济与管理;经济与管理;,3201.0,2001-03-01;,,F;,经济与管理;,1,1,1,0
何启志,3201.0,2011-07-01;, 范从来;,F;F;,经济与管理;,3403.0,2017-05-01;, 姚梦雨;,F;,经济与管理;,1,1,1,0
何德旭,1100.0,2016-02-01;2006-09-01;2002-09-01;2017-08-01;2015-02-01;2013-10-01;2012-10-01;2011-04-01;2002-08-01;, 苗文龙; 姚战琪; 余升国; 蒋照辉; 周宇; 钟震; 娄峰; 吴伯磊;,F;F;F;F;F;F;F;F;F;F;F;,经济与管理;经济与管理;经济与管理;经济与管理;经济与管理;经济与管理;经济与管理;经济与管理;经济与管理;,1401.0,2010-04-01;, 常戈;,F;F;,经济与管理;,2,1,1,0
何德旭,1100.0,2016-02-01;2006-09-01;2002-09-01;2017-08-01;2015-02-01;2013-10-01;2012-10-01;2011-04-01;2002-08-01;, 苗文龙; 姚战琪; 余升国; 蒋照辉; 周宇; 钟震; 娄峰; 吴伯磊;,F;F;F;F;F;F;F;F;F;F;F;,经济与管理;经济与管理;经济与管理;经济与管理;经济与管理;经济与管理;经济与管理;经济与管理;经济与管理;,4201.0,2009-03-01;, 张雪兰;,F;,经济与管理;,2,1,1,0
何德旭,1401.0,2010-04-01;, 常戈;,F;F;,经济与管理;,4201.0,2009-03-01;, 张雪兰;,F;,经济与管理;,1,1,1,0
何自力,4401.0,2007-01-01;2006-01-01;,,F;F;F;,经济与管理;经济与管理;,1200.0,2009-08-01;2001-02-01;,,F;F;,经济与管理;经济与管理;,2,1,1,0
何诚颖,4403.0,2003-09-01;,,F;,经济与管理;,3301.0,2013-10-01;, 刘林; 徐向阳; 王占海;,F;F;F;,经济与管理;,1,1,1,0
何雄浪,5101.0,2013-04-01;2015-04-01;, 赵峰;;,F;F;X;F;,经济与管理;经济与管理;,5115.0,2007-07-01;2007-12-01;2006-06-01;, 李国平; 李国平; 杨继瑞;,F;F;F;,经济与管理;经济与管理;经济与管理;,1,1,1,0
何青,1100.0,2015-12-01;2014-12-01;, 钱宗鑫; 郭俊杰; 杜巨澜; 薛畅;,F;F;F;,经济与管理;经济与管理;,1200.0,2013-06-01;2008-12-01;, 李皓鹏; 王冲;,F;F;F;F;,经济与管理;经济与管理;,1,1,1,0
余翔,1100.0,2016-01-01;,,F;,经济与管理;,4201.0,2007-12-01;, 邱洪华;,F;,经济与管理;,1,1,1,0
俞乔,3100.0,2001-04-01;2002-04-01;, 程滢; 陈剑波; 杨江; 张玮;,F;F;F;,经济与管理;经济与管理;,1100.0,2013-02-01;2009-06-01;, 刘家鹏; 赵昌文;,F;F;F;,经济与管理;经济与管理;,1,1,1,0
俞红海,3100.0,2010-08-01;, 徐龙炳; 陈百助;,F;F;,经济与管理;,3201.0,2014-05-01;, 陆蓉; 徐龙炳;,F;F;,经济与管理;,1,1,1,1
倪馨,1100.0,2005-10-01;,,F;;,经济与管理;,1301.0,2002-11-01;, 李海燕;,F;,经济与管理;,1,1,1,0
冯旭南,3100.0,2012-04-01;,,F;F;,经济与管理;,5101.0,2016-10-01;2014-04-01;,,F;F;F;,经济与管理;经济与管理;,1,1,1,0
刘冲,3100.0,2017-10-01;, 郭峰; 傅家范; 周强龙;,D;F;,经济与管理;,1100.0,2013-02-01;, 厉行;,F;F;,经济与管理;,1,1,1,0
刘刚,4401.0,2017-08-01;2015-03-01;, 屈恒; 吴思虹; 卢燕峰;,F;F;F;F;F;,经济与管理;经济与管理;,1100.0,2016-08-01;, 王泽宇; 程熙鎔;,F;F;,经济与管理;,2,1,1,0
刘刚,4401.0,2017-08-01;2015-03-01;, 屈恒; 吴思虹; 卢燕峰;,F;F;F;F;F;,经济与管理;经济与管理;,1200.0,2003-10-01;2002-04-01;,,F;F;,经济与管理;经济与管理;,1,1,1,0
刘刚,1100.0,2016-08-01;, 王泽宇; 程熙鎔;,F;F;,经济与管理;,1200.0,2003-10-01;2002-04-01;,,F;F;,经济与管理;经济与管理;,1,1,1,0
刘力,4401.0,2005-08-01;,,F;,经济与管理;,1100.0,2002-08-01;, 俞竞;,F;,经济与管理;,1,1,1,0
刘勇,4201.0,2012-12-01;, 白小滢; 邹薇;,F;F;,经济与管理;,3601.0,2001-03-01;,,F;,经济与管理;,1,1,1,0
刘啟仁,3502.0,2015-12-01;, 黄建忠;,F;,经济与管理;,4401.0,2016-12-01;, 黄建忠;,F;,经济与管理;,1,1,1,1
刘喜和,3100.0,2017-06-01;, 周扬; 穆圆媛;,F;F;,经济与管理;,1200.0,2013-06-01;2008-08-01;,,F;F;F;F;F;,经济与管理;经济与管理;,1,1,1,0
刘德鹏,3201.0,2015-12-01;, 贾良定; 孙雀密; 蔡亚华; 杨椅伊;,C;,经济与管理;,3701.0,2017-11-01;, 贾良定; 刘畅唱; 蔡亚华; 郑雅琴;,F;,经济与管理;,1,0,1,2
刘拥军,1100.0,2004-04-01;,,F;,经济与管理;,1200.0,2002-02-01;,,F;,经济与管理;,1,1,1,0
刘文革,3301.0,2016-11-01;2016-01-01;, 周方召; 肖园园; 谢杰; 孙瑾;,F;F;F;F;,经济与管理;经济与管理;,2301.0,2005-07-01;2003-12-01;, 关立新; 张广中; 曲振涛;,F;F;,经济与管理;经济与管理;,1,1,1,0
刘斌,1100.0,2016-03-01;2016-09-01;2003-09-01;2002-07-01;2001-07-01;2001-10-01;, 魏倩; 吕越; 祝坤福; 王乃嘉; 张怀清;,F;F;F;F;F;F;F;,经济与管理;经济与管理;经济与管理;经济与管理;经济与管理;经济与管理;,1200.0,2012-01-01;, 李磊;,F;F;F;,经济与管理;,2,1,1,0
刘晴,3401.0,2017-05-01;, 程玲; 邵智; 陈清萍;,F;F;,经济与管理;,3100.0,2013-09-01;, 徐蕾;,F;F;,经济与管理;,1,1,1,0
刘洪军,1200.0,2002-10-01;,,F;,经济与管理;,2301.0,2004-04-01;,,F;,经济与管理;,1,1,1,0
刘瑞明,1100.0,2016-10-01;2017-03-01;, 赵仁杰; 段雨玮; 黄维乔;,G;F;D;F;,经济与管理;经济与管理;,3100.0,2010-01-01;2011-01-01;, 石磊;,F;F;F;F;F;,经济与管理;经济与管理;,1,1,1,0
刘瑞明,1100.0,2016-10-01;2017-03-01;, 赵仁杰; 段雨玮; 黄维乔;,G;F;D;F;,经济与管理;经济与管理;,6101.0,2015-08-01;2015-04-01;2011-12-01;2011-12-01;2007-10-01;, 赵仁杰; 石磊; 石磊; 白永秀;,F;F;F;F;F;F;F;,经济与管理;经济与管理;经济与管理;经济与管理;经济与管理;,1,1,1,1
刘瑞明,3100.0,2010-01-01;2011-01-01;, 石磊;,F;F;F;F;F;,经济与管理;经济与管理;,6101.0,2015-08-01;2015-04-01;2011-12-01;2011-12-01;2007-10-01;, 赵仁杰; 石磊; 石磊; 白永秀;,F;F;F;F;F;F;F;,经济与管理;经济与管理;经济与管理;经济与管理;经济与管理;,2,1,1,1
刘瑶,2102.0,2012-10-01;, 孙浦阳;,F;F;F;,经济与管理;,1200.0,2011-03-01;,,F;F;,经济与管理;,1,1,1,0
刘畅,3201.0,2017-07-01;, 易福金; 徐志刚;,C;,经济与管理;,1100.0,2017-08-01;, 刘冲; 马光荣;,F;F;,经济与管理;,1,0,1,0
刘胜会,1100.0,2011-10-01;,,F;,经济与管理;,1200.0,2006-06-01;,,F;,经济与管理;,1,1,1,0
刘阳,3201.0,2013-12-01;, 董俊杰;,F;,经济与管理;,1200.0,2003-08-01;,,F;,经济与管理;,1,1,1,0
刘青,1200.0,2007-02-01;, 刘志远; 张健;,F;,经济与管理;,1100.0,2017-01-01;2012-07-01;, 陶攀; 洪俊杰;;,F;F;,经济与管理;经济与管理;,1,1,1,0
刘静,1100.0,2008-01-01;, Ruth Meinzen-Dick; 钱克明; 张陆彪; 蒋藜;,F;,经济与管理;,1200.0,2002-06-01;,,F;,经济与管理;,1,1,1,0
刘飞,4201.0,2013-02-01;,,F;F;F;,经济与管理;,6101.0,2015-04-01;2014-06-01;2011-08-01;,;;,F;F;F;F;,经济与管理;经济与管理;经济与管理;,2,1,1,0
卢晶亮,3100.0,2014-04-01;, 冯帅章; 艾春荣;,D;F;F;,经济与管理;,4401.0,2017-01-01;,,F;F;,经济与管理;,1,1,1,0
叶光亮,4401.0,2010-01-01;, 邓国营;,F;F;,经济与管理;,1100.0,2011-12-01;, 邓国营; 黎志刚;,F;F;,经济与管理;,1,1,1,1
吴先明,4201.0,2017-10-01;, 张楠; 赵奇伟;,F;F;,经济与管理;,1200.0,2002-08-01;,,F;,经济与管理;,1,1,1,0
吴志峰,4403.0,2006-05-01;,,F;F;,经济与管理;,1100.0,2005-06-01;,,F;,经济与管理;,1,1,1,0
吴联生,1100.0,2009-10-01;2007-08-01;2005-07-01;2004-03-01;2003-06-01;2002-04-01;, 王亚平; 王亚平;,F;F;F;F;F;F;F;F;,经济与管理;经济与管理;经济与管理;经济与管理;经济与管理;经济与管理;,3502.0,2001-02-01;,,F;,经济与管理;,1,1,1,0
周丹,3301.0,2014-02-01;, 金雪军;,F;F;,经济与管理;,1100.0,2015-06-01;,,F;F;,经济与管理;,1,1,1,0
周云波,1200.0,2017-11-01;2009-07-01;2004-06-01;, 田柳; 陈岑;,F;F;F;F;F;,经济与管理;经济与管理;经济与管理;,1100.0,2015-12-01;, 陈岑; 田柳;,F;F;,经济与管理;,2,1,1,2
周冰,1200.0,2001-01-01;2008-04-01;2006-12-01;2004-10-01;, 郑志; 黄卫华; 商晨; 谭庆刚; 谭庆刚;,F;D;F;F;,经济与管理;经济与管理;经济与管理;经济与管理;,3100.0,2012-02-01;,,F;,经济与管理;,1,1,1,0
周密,3201.0,2006-09-01;, 张桂霞;,F;,经济与管理;,1200.0,2017-02-01;2012-06-01;, 刘秉镰; 盛玉雪;,F;F;F;,经济与管理;经济与管理;,1,1,1,0
周建,3100.0,2013-02-01;2015-02-01;2009-01-01;2007-06-01;, 艾春荣; 王丹枫; 唐莹; 况明; 杨秀祯;,F;F;F;F;F;F;F;F;,经济与管理;经济与管理;经济与管理;经济与管理;,1100.0,2002-04-01;,,F;,经济与管理;,1,1,1,0
周建波,3100.0,2003-05-01;, 孙菊生;,F;,经济与管理;,1100.0,2017-04-01;2013-10-01;, 张博; 周建涛; 张博; 周建涛;,F;F;K;,经济与管理;经济与管理;,1,1,1,0
周彬,3301.0,2003-09-01;,,F;,经济与管理;,1100.0,2001-02-01;,,F;,经济与管理;,1,1,1,0
周文,5301.0,2012-05-01;, 赵果庆;,F;F;,经济与管理;,3100.0,2017-06-01;2016-03-01;, 赵方; 杨飞; 李鲁;,D;F;F;F;,经济与管理;经济与管理;,1,1,1,0
周炎,5301.0,2017-12-01;, 王如丰; 魏熙晔; 黄晶;,F;,经济与管理;,1100.0,2012-07-01;, 陈昆亭;,F;F;,经济与管理;,1,1,1,0
周炎,5301.0,2017-12-01;, 王如丰; 魏熙晔; 黄晶;,F;,经济与管理;,3301.0,2016-01-01;, 黄晶; 魏熙晔; 陈昆亭;,F;,经济与管理;,1,1,1,2
周炎,1100.0,2012-07-01;, 陈昆亭;,F;F;,经济与管理;,3301.0,2016-01-01;, 黄晶; 魏熙晔; 陈昆亭;,F;,经济与管理;,1,1,1,1
周燕,1200.0,2012-10-01;, 佟家栋;,F;F;,经济与管理;,4401.0,2017-08-01;,,D;F;,经济与管理;,1,1,1,0
周鹏,1100.0,2001-09-01;,,F;,经济与管理;,2102.0,2014-12-01;2004-10-01;2002-06-01;, 燕浩珍; 张思杰; 张宏志;,F;F;F;,经济与管理;经济与管理;经济与管理;,1,1,1,0
唐庆春,1100.0,2001-06-01;,,F;,经济与管理;,1200.0,2001-12-01;, 庞继英;,F;,经济与管理;,1,1,1,0
唐跃军,1200.0,2006-02-01;, 谢仍明;,F;,经济与管理;,3100.0,2014-02-01;2010-01-01;2008-01-01;2009-02-01;2007-12-01;, 左晶晶; 李汇东; 宋渊洋; 吕斐适; 程新生; 赵武阳;,D;F;F;F;F;D;F;F;,经济与管理;经济与管理;经济与管理;经济与管理;经济与管理;,1,1,1,0
姚勇,1100.0,2005-04-01;, 董利;,F;,经济与管理;,1200.0,2003-04-01;, 罗娅;,F;,经济与管理;,1,1,1,0
姚树洁,6101.0,2005-07-01;, 冯根福; 韩钟伟;,F;,经济与管理;,5000.0,2017-05-01;2015-12-01;2014-11-01;, 冯根福; 王攀; 欧璄华;,F;F;F;F;F;,经济与管理;经济与管理;经济与管理;,1,1,1,1
姚洪心,3100.0,2012-07-01;, 海闻;,F;F;F;,经济与管理;,5101.0,2005-08-01;, 刘存绪; 武振业;,F;,经济与管理;,1,1,1,0
孙军,3201.0,2008-10-01;,,F;F;F;,经济与管理;,3207.0,2016-05-01;, 高彦彦;,F;,经济与管理;,1,1,1,0
孙凤,1200.0,2001-02-01;,,F;,经济与管理;,1100.0,2002-04-01;,,F;,经济与管理;,1,1,1,0
孙君阳,3701.0,2008-09-01;, 殷世波;,F;,经济与管理;,1100.0,2011-08-01;, 徐娜;,F;F;,经济与管理;,1,1,1,0
孙天琦,3701.0,2004-08-01;,,F;,经济与管理;,6101.0,2001-10-01;,,F;,经济与管理;,1,1,1,0
孙楚仁,5101.0,2017-06-01;, 凌海涛; 陈瑾;,F;F;F;,经济与管理;,3100.0,2014-10-01;, 王松; 赵瑞丽;,F;,经济与管理;,1,1,1,0
孙涛,1100.0,2007-07-01;, 张晓晶;,F;,经济与管理;,3701.0,2010-12-01;, 黄少安;,F;F;,经济与管理;,1,1,1,0
孙红梅,3100.0,2013-07-01;, 王雪;,F;F;F;,经济与管理;,5000.0,2017-05-01;, 宋宗宇;,F;,经济与管理;,1,1,1,0
孙茂辉,3100.0,2006-11-01;,,F;,经济与管理;,4401.0,2001-08-01;,,F;,经济与管理;,1,1,1,0
孟庆斌,1100.0,2015-03-01;2017-12-01;, 吴卫星; 于上尧; 杨俊华; 鲁冰;,F;F;F;,经济与管理;经济与管理;,1200.0,2008-08-01;, 周爱民; 靳晓婷;,F;F;,经济与管理;,1,1,1,0
宋凌云,4401.0,2012-10-01;, 王贤彬; 徐现祥;,F;F;,经济与管理;,4503.0,2016-12-01;, 王贤彬;,F;,经济与管理;,1,1,1,1
尹振东,3701.0,2011-04-01;,,D;,经济与管理;,1100.0,2016-04-01;, 汤玉刚;,F;,经济与管理;,1,0,1,0
巫强,3201.0,2009-06-01;, 刘志彪;,F;F;,经济与管理;,1100.0,2017-08-01;, 周波;,F;,经济与管理;,1,1,1,0
巴曙松,1100.0,2012-06-01;, 韦勇凤; 孙兴亮;,F;,经济与管理;,3401.0,2009-06-01;, 严敏;,F;F;F;,经济与管理;,1,1,1,0
张东刚,1200.0,2001-06-01;,,F;,经济与管理;,1100.0,2002-12-01;,,F;,经济与管理;,1,1,1,0
张云,1100.0,2015-07-01;,,F;F;,经济与管理;,1200.0,2017-10-01;, 刘帅光; 李双建;,F;F;,经济与管理;,1,1,1,0
张伟,3201.0,2016-12-01;, 朱启贵; 高辉;,F;F;F;,经济与管理;,1100.0,2004-07-01;,,F;,经济与管理;,1,1,1,0
张伟,3201.0,2016-12-01;, 朱启贵; 高辉;,F;F;F;,经济与管理;,5201.0,2013-10-01;2011-10-01;, 朱启贵; 李汉文; 吴文元;,F;X;F;F;,经济与管理;经济与管理;,1,1,1,1
张伟,3201.0,2016-12-01;, 朱启贵; 高辉;,F;F;F;,经济与管理;,3701.0,2017-03-01;, 于良春;,F;,经济与管理;,1,1,1,0
张伟,1100.0,2004-07-01;,,F;,经济与管理;,5201.0,2013-10-01;2011-10-01;, 朱启贵; 李汉文; 吴文元;,F;X;F;F;,经济与管理;经济与管理;,1,1,1,0
张伟,1100.0,2004-07-01;,,F;,经济与管理;,3701.0,2017-03-01;, 于良春;,F;,经济与管理;,1,1,1,0
张伟,5201.0,2013-10-01;2011-10-01;, 朱启贵; 李汉文; 吴文元;,F;X;F;F;,经济与管理;经济与管理;,3701.0,2017-03-01;, 于良春;,F;,经济与管理;,1,1,1,0
张兵,1200.0,2011-09-01;2015-06-01;2012-08-01;, 李翠莲;,F;F;F;F;F;,经济与管理;经济与管理;经济与管理;,3201.0,2010-11-01;2008-09-01;2003-01-01;2017-10-01;2015-01-01;, 范致镇; 李心丹; 封思贤; 李心丹; 汪慧建; 李晓明; 陈晓莹; 李丹; 孟德峰;,F;F;F;F;F;F;F;F;F;,经济与管理;经济与管理;经济与管理;经济与管理;经济与管理;,4,1,1,0
张勇,2102.0,2017-04-01;,,F;F;F;,经济与管理;,4401.0,2008-02-01;,,F;F;,经济与管理;,1,1,1,0
张勇,2102.0,2017-04-01;,,F;F;F;,经济与管理;,1100.0,2014-10-01;2009-05-01;, 李政军; 龚六堂; 王玺; 古明明;,F;F;F;F;F;,经济与管理;经济与管理;,1,1,1,0
张勇,2102.0,2017-04-01;,,F;F;F;,经济与管理;,3201.0,2015-07-01;,,F;,经济与管理;,1,1,1,0
张勇,4401.0,2008-02-01;,,F;F;,经济与管理;,1100.0,2014-10-01;2009-05-01;, 李政军; 龚六堂; 王玺; 古明明;,F;F;F;F;F;,经济与管理;经济与管理;,1,1,1,0
张勇,4401.0,2008-02-01;,,F;F;,经济与管理;,3201.0,2015-07-01;,,F;,经济与管理;,1,1,1,0
张勇,1100.0,2014-10-01;2009-05-01;, 李政军; 龚六堂; 王玺; 古明明;,F;F;F;F;F;,经济与管理;经济与管理;,3201.0,2015-07-01;,,F;,经济与管理;,1,1,1,0
张卫国,3701.0,2011-08-01;2008-02-01;, 任燕燕; 花小安;;,F;D;H;,经济与管理;经济与管理;,5000.0,2011-07-01;2015-08-01;, 梁小翠; 陆静; 罗超平; 李海明;,F;F;F;F;F;F;,经济与管理;经济与管理;,3,1,1,0
张卫平,3100.0,2012-04-01;, 李天栋;,F;F;,经济与管理;,1100.0,2007-07-01;,,F;F;,经济与管理;,1,1,1,0
张同龙,4401.0,2017-01-01;, 张林秀;,D;,经济与管理;,1200.0,2008-01-01;,,F;,经济与管理;,1,0,1,0
张宁,1100.0,2006-07-01;, 胡鞍钢; 郑京海;,F;,经济与管理;,4401.0,2005-06-01;,,F;F;,经济与管理;,1,1,1,0
张宇,1100.0,2017-05-01;2016-06-01;,,F;F;F;,经济与管理;经济与管理;,1200.0,2014-04-01;2010-07-01;2013-06-01;, 蒋殿春;,F;F;F;F;F;F;F;F;F;,经济与管理;经济与管理;经济与管理;,1,1,1,0
张峰,1100.0,2017-04-01;, 黄玖立; 禹航;,D;,经济与管理;,1200.0,2016-02-01;, 黄玖立; 王睿;,F;D;,经济与管理;,1,1,1,1
张平,1100.0,2016-08-01;2006-02-01;, 郭冠清;,F;F;,经济与管理;经济与管理;,3100.0,2016-12-01;2012-01-01;, 侯一麟; 赵国昌; 罗知;,F;F;D;F;F;,经济与管理;经济与管理;,3,1,1,0
张庆君,1100.0,2013-06-01;, 何德旭;,F;F;,经济与管理;,1200.0,2017-07-01;, 刘靖;,F;F;,经济与管理;,1,1,1,0
张建军,1100.0,2001-09-01;,,F;,经济与管理;,4201.0,2017-03-01;,,D;,经济与管理;,1,0,1,0
张强,5301.0,2015-10-01;, 李颖异;,F;,经济与管理;,1100.0,2002-11-01;2011-04-01;, 刘西顺; 王伟; 卢荻;,F;F;F;,经济与管理;经济与管理;,1,1,1,0
张强,5301.0,2015-10-01;, 李颖异;,F;,经济与管理;,4301.0,2010-04-01;2005-09-01;2002-05-01;, 武次冰; 刘彦; 付强;,F;F;F;,经济与管理;经济与管理;经济与管理;,1,1,1,0
张强,1100.0,2002-11-01;2011-04-01;, 刘西顺; 王伟; 卢荻;,F;F;F;,经济与管理;经济与管理;,4301.0,2010-04-01;2005-09-01;2002-05-01;, 武次冰; 刘彦; 付强;,F;F;F;,经济与管理;经济与管理;经济与管理;,3,1,1,0
张惠,4401.0,2015-06-01;,,D;,经济与管理;,3201.0,2010-12-01;, 陆岷峰;,F;,经济与管理;,1,0,1,0
张晏,1100.0,2004-07-01;, 龚六堂;,F;,经济与管理;,3100.0,2005-10-01;, 龚六堂;,F;F;,经济与管理;,1,1,1,1
张杰,1100.0,2015-10-01;2016-05-01;2017-03-01;2016-01-01;2014-10-01;2013-10-01;2011-03-01;2011-08-01;2010-08-01;2006-06-01;2004-06-01;2003-01-01;2017-08-01;2017-02-01;2015-12-01;2013-12-01;2013-04-01;2011-04-01;2011-12-01;2010-10-01;2017-02-01;2016-04-01;2015-04-01;2011-01-01;2010-07-01;2017-10-01;, 陈志远; 杨连星; 新夫; 杨连星; 新夫; 郑文平; 郑文平; 翟福昕; 陈志远; 刘元春; 周晓艳; 李勇; 张培丽; 黄泰岩; 郑文平; 翟福昕; 郑文平; 陈志远; 李克; 刘志彪; 李勇; 刘志彪; 郑文平; 新夫;,F;F;F;F;F;F;F;F;F;F;F;F;F;F;F;F;F;F;F;F;F;F;F;B;F;F;F;F;F;F;F;F;F;F;F;F;F;F;F;F;F;F;F;,经济与管理;经济与管理;经济与管理;经济与管理;经济与管理;经济与管理;经济与管理;经济与管理;经济与管理;经济与管理;经济与管理;经济与管理;经济与管理;经济与管理;经济与管理;经济与管理;经济与管理;经济与管理;经济与管理;经济与管理;经济与管理;经济与管理;经济与管理;经济与管理;经济与管理;经济与管理;,3201.0,2007-06-01;, 张少军; 刘志彪;,F;,经济与管理;,2,1,1,1
张杰,1100.0,2015-10-01;2016-05-01;2017-03-01;2016-01-01;2014-10-01;2013-10-01;2011-03-01;2011-08-01;2010-08-01;2006-06-01;2004-06-01;2003-01-01;2017-08-01;2017-02-01;2015-12-01;2013-12-01;2013-04-01;2011-04-01;2011-12-01;2010-10-01;2017-02-01;2016-04-01;2015-04-01;2011-01-01;2010-07-01;2017-10-01;, 陈志远; 杨连星; 新夫; 杨连星; 新夫; 郑文平; 郑文平; 翟福昕; 陈志远; 刘元春; 周晓艳; 李勇; 张培丽; 黄泰岩; 郑文平; 翟福昕; 郑文平; 陈志远; 李克; 刘志彪; 李勇; 刘志彪; 郑文平; 新夫;,F;F;F;F;F;F;F;F;F;F;F;F;F;F;F;F;F;F;F;F;F;F;F;B;F;F;F;F;F;F;F;F;F;F;F;F;F;F;F;F;F;F;F;,经济与管理;经济与管理;经济与管理;经济与管理;经济与管理;经济与管理;经济与管理;经济与管理;经济与管理;经济与管理;经济与管理;经济与管理;经济与管理;经济与管理;经济与管理;经济与管理;经济与管理;经济与管理;经济与管理;经济与管理;经济与管理;经济与管理;经济与管理;经济与管理;经济与管理;经济与管理;,6101.0,2001-03-01;,,F;,经济与管理;,1,1,1,0
张杰,3201.0,2007-06-01;, 张少军; 刘志彪;,F;,经济与管理;,6101.0,2001-03-01;,,F;,经济与管理;,1,1,1,0
张波,3100.0,2011-11-01;,,D;F;,经济与管理;,1200.0,2002-02-01;,,F;,经济与管理;,1,1,1,0
张波,3100.0,2011-11-01;,,D;F;,经济与管理;,4403.0,2008-05-01;,,F;,经济与管理;,1,1,1,0
张波,1200.0,2002-02-01;,,F;,经济与管理;,4403.0,2008-05-01;,,F;,经济与管理;,1,1,1,0
张海洋,1100.0,2016-10-01;,,F;F;,经济与管理;,3301.0,2017-09-01;2011-01-01;2010-04-01;, 金则杨; 史晋川;,F;F;F;F;F;F;,经济与管理;经济与管理;经济与管理;,2,1,1,0
张琦,4201.0,2015-06-01;2016-05-01;, 吕敏康; 步丹璐; 郁智;,F;F;F;,经济与管理;经济与管理;,1200.0,2003-12-01;,,F;,经济与管理;,1,1,1,0
张红,4401.0,2017-12-01;, 周黎安; 梁建章;,F;,经济与管理;,1100.0,2016-04-01;2016-04-01;, 周黎安; 梁建章; 周黎安; 徐晋涛; 赵锦勇;,F;F;,经济与管理;经济与管理;,1,1,1,2
张羽,1100.0,2010-08-01;, 李黎;,F;,经济与管理;,2102.0,2005-05-01;, 李黎;,F;,经济与管理;,1,1,1,1
张超,1200.0,2007-12-01;,,F;,经济与管理;,3100.0,2005-10-01;, 顾锋;,F;,经济与管理;,1,1,1,0
张辉,1100.0,2014-11-01;,,F;,经济与管理;,1200.0,2016-12-01;, 刘鹏; 于涛; 安虎森; 戚安邦;,F;F;,经济与管理;,1,1,1,0
彭恒文,1100.0,2009-12-01;, 石磊;,F;,经济与管理;,3100.0,2008-04-01;, 石磊;,C;,经济与管理;,1,0,1,1
彭江波,1100.0,2002-12-01;,,F;,经济与管理;,5101.0,2010-09-01;, 郭琪;,X;,经济与管理;,1,0,1,0
徐枫,4401.0,2004-09-01;,,F;,经济与管理;,1100.0,2016-04-01;2014-12-01;,,F;F;F;,经济与管理;经济与管理;,1,1,1,0
徐琰超,1100.0,2010-04-01;, 沈拓彬; 尹恒;,F;F;F;,经济与管理;,5301.0,2016-08-01;2014-04-01;, 柳荻; 杨龙见; 杨龙见;,F;F;F;,经济与管理;经济与管理;,1,1,1,0
戈建国,1100.0,2011-10-01;, 周继忠;,F;F;,经济与管理;,3100.0,2007-11-01;,,F;,经济与管理;,1,1,1,0
戴翔,3403.0,2014-07-01;2013-07-01;2013-04-01;2011-06-01;, 金碚; 张雨;,F;F;F;F;F;F;F;F;F;,经济与管理;经济与管理;经济与管理;经济与管理;,3201.0,2016-09-01;2016-12-01;2016-09-01;, 郑岚; 张为付; 刘梦; 任志成;,F;F;F;F;F;F;,经济与管理;经济与管理;经济与管理;,1,1,1,0
方红生,3100.0,2002-08-01;,,F;,经济与管理;,3301.0,2013-03-01;, 张军;,F;,经济与管理;,1,1,1,0
易先忠,3201.0,2017-07-01;, 包群; 高凌云; 张亚斌;,F;F;,经济与管理;,4301.0,2014-06-01;, 欧阳峣; 傅晓岚;,F;,经济与管理;,1,1,1,0
曲振涛,2301.0,2005-09-01;,,F;,经济与管理;,1100.0,2002-07-01;, 刘文革;,F;,经济与管理;,1,1,1,0
曹春方,5101.0,2015-09-01;2014-07-01;, 周大伟; 吴澄澄; 张婷婷; 马连福; 沈小秀;,F;F;D;F;F;,经济与管理;经济与管理;,4401.0,2017-12-01;, 张婷婷; 范子英;,F;,经济与管理;,1,1,1,1
曹艳华,3702.0,2009-01-01;, 牛筱颖;,F;F;,经济与管理;,6101.0,2009-05-01;2007-02-01;, 张芳洁;,F;F;F;,经济与管理;经济与管理;,2,1,1,0
曹阳,5101.0,2015-12-01;,,F;,经济与管理;,3100.0,2005-10-01;, 王波;,F;,经济与管理;,1,1,1,0
曹静,1200.0,2003-08-01;,,F;,经济与管理;,1100.0,2014-04-01;, 王鑫; 钟笑寒;,X;D;,经济与管理;,1,0,1,0
曾建光,1100.0,2013-07-01;, 伍利娜; 王立彦;,D;F;F;,经济与管理;,5101.0,2016-04-01;2015-07-01;, 张英; 杨勋;,B;F;F;F;,经济与管理;经济与管理;,1,1,1,0
曾海舰,4501.0,2015-10-01;, 林灵;,F;F;F;,经济与管理;,4401.0,2010-04-01;,,F;F;,经济与管理;,1,1,1,0
朱文晖,1100.0,2003-12-01;,,F;,经济与管理;,3100.0,2002-12-01;, 汪前明;,F;,经济与管理;,1,1,1,0
权小锋,3502.0,2010-11-01;, 吴世农; 文芳;,F;F;,经济与管理;,3205.0,2017-01-01;2016-01-01;2015-11-01;, 尹洪英; 肖斌卿; 吴世农; 吴世农; 尹洪英;,F;F;F;F;,经济与管理;经济与管理;经济与管理;,1,1,1,1
李世刚,4301.0,2016-11-01;, 李晓萍;,nan;,经济与管理;,4401.0,2017-04-01;, 尹恒;,C;F;,经济与管理;,1,0,1,0
李世刚,4301.0,2016-11-01;, 李晓萍;,nan;,经济与管理;,1100.0,2014-07-01;, 尹恒;,F;C;,经济与管理;,1,0,1,0
李世刚,4401.0,2017-04-01;, 尹恒;,C;F;,经济与管理;,1100.0,2014-07-01;, 尹恒;,F;C;,经济与管理;,1,2,1,1
李任玉,5101.0,2014-10-01;, 杜在超; 何勤英; 龚强;,F;,经济与管理;,4403.0,2017-09-01;, 陈悉榕; 甘犁;,F;,经济与管理;,1,1,1,0
李佳,1100.0,2013-05-01;2012-10-01;,,F;F;,经济与管理;经济与管理;,3301.0,2016-09-01;,,F;F;F;,经济与管理;,1,1,1,0
李健,4201.0,2015-10-01;, 卫平;,F;F;,经济与管理;,1100.0,2012-12-01;2017-04-01;, 范祚军; 谢巧燕; 林文浩;,F;F;F;,经济与管理;经济与管理;,2,1,1,0
李君华,4301.0,2011-04-01;, 彭玉兰;,F;,经济与管理;,4201.0,2016-10-01;2009-04-01;, 欧阳峣;;,F;F;F;,经济与管理;经济与管理;,2,1,1,0
李四海,4401.0,2013-04-01;, 刘星河; 吴伟炯;,F;F;,经济与管理;,4201.0,2016-05-01;2014-08-01;, 陈旋; 宋献中; 宋献中; 罗俊伟;,F;F;C;F;F;,经济与管理;经济与管理;,1,1,1,0
李宏瑾,2201.0,2001-02-01;, 项卫星;,F;,经济与管理;,1100.0,2016-01-01;2014-10-01;2012-04-01;, 苏乃芳; 洪浩;;,F;F;F;F;F;F;,经济与管理;经济与管理;经济与管理;,1,1,1,0
李宾,4303.0,2012-10-01;,,F;,经济与管理;,1100.0,2008-10-01;, 金一; 曾志雄;,F;F;,经济与管理;,1,1,1,0
李小平,3201.0,2006-02-01;, 朱钟棣;,F;,经济与管理;,4201.0,2015-08-01;2010-01-01;2008-01-01;, 周记顺; 卢现祥; 胡久凯; 卢现祥; 卢现祥; 朱钟棣;,F;X;F;F;F;,经济与管理;经济与管理;经济与管理;,1,1,1,1
李尚骜,1100.0,2012-07-01;, 龚六堂;,F;F;,经济与管理;,4201.0,2011-06-01;2010-05-01;, 陈继勇; 李卓;;,F;F;,经济与管理;经济与管理;,1,1,1,0
李平,3703.0,2011-04-01;2014-12-01;2013-06-01;2010-06-01;2006-12-01;, 许家云; 季永宝; 宫旭红; 齐丹丹; 张庆昌; 随洪光;,F;F;F;F;F;F;F;F;,经济与管理;经济与管理;经济与管理;经济与管理;经济与管理;,1100.0,2017-12-01;, 付一夫; 张艳芳;,F;F;,经济与管理;,1,1,1,0
李平,3703.0,2011-04-01;2014-12-01;2013-06-01;2010-06-01;2006-12-01;, 许家云; 季永宝; 宫旭红; 齐丹丹; 张庆昌; 随洪光;,F;F;F;F;F;F;F;F;,经济与管理;经济与管理;经济与管理;经济与管理;经济与管理;,1200.0,2001-12-01;, 刘志勇;,F;,经济与管理;,1,1,1,0
李平,1100.0,2017-12-01;, 付一夫; 张艳芳;,F;F;,经济与管理;,1200.0,2001-12-01;, 刘志勇;,F;,经济与管理;,1,1,1,0
李庆海,1100.0,2011-10-01;, 李锐; 王兆华;,F;F;,经济与管理;,3201.0,2017-10-01;, 吕小锋; 李锐; 孙光林;,F;F;F;,经济与管理;,1,1,1,1
李建军,5101.0,2012-04-01;, 肖育才;,F;,经济与管理;,1100.0,2001-11-01;2004-01-01;2004-05-01;2004-09-01;, 田光宁;;,F;F;F;F;,经济与管理;经济与管理;经济与管理;经济与管理;,1,1,1,0
李强,1200.0,2003-06-01;,,F;,经济与管理;,5101.0,2010-10-01;, 臧文斌;,D;,经济与管理;,1,0,1,0
李成,1100.0,2016-12-01;,,F;F;,经济与管理;,6101.0,2011-10-01;2010-03-01;2014-02-01;2013-04-01;2009-02-01;2009-10-01;2007-07-01;2006-09-01;2005-01-01;2004-06-01;2010-10-01;2009-12-01;, 马文涛; 王彬; 王彬; 马文涛; 郑怡; 白璐; 王建军; 尚振宁; 黎克俊; 王焱; 姜柳; 马文涛; 王彬; 马文涛; 王彬;,F;F;F;F;F;F;F;F;F;F;F;F;F;F;F;F;F;F;F;F;F;F;F;F;,经济与管理;经济与管理;经济与管理;经济与管理;经济与管理;经济与管理;经济与管理;经济与管理;经济与管理;经济与管理;经济与管理;经济与管理;,1,1,1,0
李文星,4201.0,2008-07-01;, 徐长生; 艾春荣;,F;C;,经济与管理;,5101.0,2002-04-01;, 蒋瑛;,F;,经济与管理;,1,1,1,0
李斌,3502.0,2006-06-01;, 江伟;,F;F;,经济与管理;,1100.0,2004-06-01;2001-07-01;,;;,F;F;,经济与管理;经济与管理;,1,1,1,0
李新,3100.0,2001-04-01;,,F;,经济与管理;,1100.0,2001-03-01;,,F;,经济与管理;,1,1,1,0
李杰,3301.0,2011-05-01;, 李捷瑜; 黄先海;,F;F;,经济与管理;,4403.0,2009-06-01;,,F;,经济与管理;,1,1,1,0
李楠,3100.0,2016-07-01;2015-02-01;2015-07-01;, 林友宏; 甄茂生; 林矗;,D;F;C;C;,经济与管理;经济与管理;经济与管理;,1100.0,2013-01-01;2013-10-01;2014-11-01;, 王家强; 陈暮紫; 陈敏; 黄旭; 谢尔曼;,F;F;F;F;,经济与管理;经济与管理;经济与管理;,1,1,1,0
李永友,3301.0,2017-01-01;2016-07-01;2014-04-01;, 张子楠; 郑春荣;,D;F;R;F;F;,经济与管理;经济与管理;经济与管理;,3201.0,2008-05-01;, 沈坤荣;,F;F;F;,经济与管理;,1,1,1,0
李涛,1100.0,2017-03-01;2014-03-01;2015-06-01;2011-09-01;2010-07-01;2009-02-01;2008-01-01;2007-08-01;, 朱俊兵; 伏霖; 陈斌开; 张文韬; 史宇鹏; 陈斌开; 王志芳; 王海港; 谭松涛; 郭杰; 黄纯纯; 何兴强; 周开国;,C;F;F;B;F;F;F;F;F;F;D;F;F;,经济与管理;经济与管理;经济与管理;经济与管理;经济与管理;经济与管理;经济与管理;经济与管理;,5000.0,2013-01-01;,,F;F;X;,经济与管理;,2,1,1,0
李涛,1100.0,2017-03-01;2014-03-01;2015-06-01;2011-09-01;2010-07-01;2009-02-01;2008-01-01;2007-08-01;, 朱俊兵; 伏霖; 陈斌开; 张文韬; 史宇鹏; 陈斌开; 王志芳; 王海港; 谭松涛; 郭杰; 黄纯纯; 何兴强; 周开国;,C;F;F;B;F;F;F;F;F;F;D;F;F;,经济与管理;经济与管理;经济与管理;经济与管理;经济与管理;经济与管理;经济与管理;经济与管理;,4401.0,2006-01-01;2006-08-01;2005-07-01;2004-11-01;2003-12-01;2004-10-01;, 李红;,F;F;F;F;F;F;F;,经济与管理;经济与管理;经济与管理;经济与管理;经济与管理;经济与管理;,1,1,1,0
李涛,5000.0,2013-01-01;,,F;F;X;,经济与管理;,4401.0,2006-01-01;2006-08-01;2005-07-01;2004-11-01;2003-12-01;2004-10-01;, 李红;,F;F;F;F;F;F;F;,经济与管理;经济与管理;经济与管理;经济与管理;经济与管理;经济与管理;,1,1,1,0
李猛,1100.0,2015-04-01;,,F;,经济与管理;,3100.0,2010-12-01;, 沈坤荣;,F;,经济与管理;,1,1,1,0
李虹,1100.0,2017-07-01;2011-02-01;2004-11-01;, 熊振兴; 董亮; 谢明华;,F;X;F;F;,经济与管理;经济与管理;经济与管理;,3100.0,2007-09-01;,,D;,经济与管理;,2,0,1,0
李超,1100.0,2015-05-01;, 倪鹏飞; 万海远;,F;C;,经济与管理;,5101.0,2017-08-01;, 李涵;,F;F;X;,经济与管理;,1,1,1,0
李超,1100.0,2015-05-01;, 倪鹏飞; 万海远;,F;C;,经济与管理;,4401.0,2011-08-01;, 覃成林;,F;F;,经济与管理;,1,1,1,0
李超,5101.0,2017-08-01;, 李涵;,F;F;X;,经济与管理;,4401.0,2011-08-01;, 覃成林;,F;F;,经济与管理;,1,1,1,0
李雪莲,1200.0,2003-10-01;2001-06-01;, 张运鹏; 安辉;,F;F;,经济与管理;经济与管理;,5101.0,2015-05-01;, 马双; 邓翔;,D;D;F;,经济与管理;,1,1,1,0
李静,3401.0,2017-03-01;, 楠玉; 刘霞辉;,F;F;,经济与管理;,1401.0,2017-06-01;,,F;F;G;,经济与管理;,1,1,1,0
李静,3401.0,2017-03-01;, 楠玉; 刘霞辉;,F;F;,经济与管理;,1200.0,2005-04-01;,,F;,经济与管理;,1,1,1,0
李静,1401.0,2017-06-01;,,F;F;G;,经济与管理;,1200.0,2005-04-01;,,F;,经济与管理;,1,1,1,0
杨俊,1200.0,2015-09-01;, 张玉利; 刘依冉;,F;,经济与管理;,1100.0,2006-03-01;2008-06-01;, 龚六堂; 王亚平; 龚六堂;,F;F;F;,经济与管理;经济与管理;,1,1,1,0
杨光,3100.0,2017-12-01;, 汪立;,F;,经济与管理;,1200.0,2015-02-01;2015-10-01;2008-06-01;, 孙浦阳; 龚刚; 孙浦阳;,F;F;F;F;F;F;,经济与管理;经济与管理;经济与管理;,1,1,1,0
杨剑侠,3100.0,2009-07-01;, 陈宏民; 包兴;,F;F;,经济与管理;,5000.0,2004-07-01;, 司有和; 孙兴征;,F;,经济与管理;,1,1,1,0
杨勇,3201.0,2003-11-01;, 魏浩;,F;,经济与管理;,4201.0,2017-09-01;,,F;,经济与管理;,1,1,1,0
杨华磊,1100.0,2014-04-01;, 何凌云; 周晓波;,F;,经济与管理;,6201.0,2012-12-01;, 周晓波;,F;F;F;,经济与管理;,1,1,1,1
杨文,1100.0,2012-04-01;, 孙蚌珠; 王学龙;,F;F;,经济与管理;,4403.0,2015-01-01;, 孙蚌珠; 程相宾;,F;,经济与管理;,1,1,1,1
杨柳,1100.0,2015-08-01;2001-02-01;,;;,F;F;,经济与管理;经济与管理;,4201.0,2016-10-01;, 李力; 吴婷;,F;,经济与管理;,1,1,1,0
杨汝岱,1100.0,2016-03-01;2015-02-01;2013-07-01;, 李艳; 朱诗娥;,F;F;F;F;F;,经济与管理;经济与管理;经济与管理;,4303.0,2011-11-01;2009-08-01;2008-08-01;2007-12-01;, 陈斌开; 朱诗娥; 陈斌开; 姚洋; 朱诗娥;,F;F;G;F;F;F;F;,经济与管理;经济与管理;经济与管理;经济与管理;,1,1,1,1
林伯强,3501.0,2014-04-01;2013-09-01;2012-11-01;, 李江龙; 杜克锐; 李爱军;,F;F;F;F;X;,经济与管理;经济与管理;经济与管理;,3502.0,2015-09-01;2017-09-01;2016-10-01;2012-03-01;2010-08-01;2009-06-01;2009-12-01;2008-11-01;2008-05-01;2007-02-01;, 刘泓汛; 孙传旺; 姚昕; 刘畅; 刘希颖; 姚昕; 王锋; 牟敦国; 何晓萍; 魏巍贤; 李丕东;,F;F;F;F;X;F;F;F;F;F;F;F;F;F;F;F;F;F;F;F;F;F;,经济与管理;经济与管理;经济与管理;经济与管理;经济与管理;经济与管理;经济与管理;经济与管理;经济与管理;经济与管理;,2,2,1,0
林煜恩,3303.0,2014-12-01;, 陈秀玲; 池祥萱;,F;,经济与管理;,3507.0,2014-02-01;2014-03-01;, 池祥萱; 池祥萱; 李乐;,F;F;F;,经济与管理;经济与管理;,1,1,1,1
林煜恩,3303.0,2014-12-01;, 陈秀玲; 池祥萱;,F;,经济与管理;,2201.0,2017-08-01;2015-08-01;2016-07-01;, 尚铎; 陈宜群; 池祥萱; 郑玉敏; 邵文霞; 池祥萱; 王柘君;,F;F;F;F;,经济与管理;经济与管理;经济与管理;,1,1,1,1
林煜恩,3507.0,2014-02-01;2014-03-01;, 池祥萱; 池祥萱; 李乐;,F;F;F;,经济与管理;经济与管理;,2201.0,2017-08-01;2015-08-01;2016-07-01;, 尚铎; 陈宜群; 池祥萱; 郑玉敏; 邵文霞; 池祥萱; 王柘君;,F;F;F;F;,经济与管理;经济与管理;经济与管理;,1,1,1,1
桂荷发,3601.0,2011-11-01;, 蔡明超; 石劲; 汪勇祥;,F;F;,经济与管理;,1100.0,2002-06-01;,,F;,经济与管理;,1,1,1,0
梁平汉,5101.0,2012-10-01;,,C;F;,经济与管理;,4401.0,2017-04-01;, 高楠;,D;,经济与管理;,1,0,1,0
梁正,1200.0,2001-02-01;,,F;,经济与管理;,1100.0,2003-10-01;,,F;,经济与管理;,1,1,1,0
梁琦,3201.0,2005-07-01;2004-07-01;2002-10-01;2003-06-01;, 施晓苏; 张二震;,F;F;F;F;F;,经济与管理;经济与管理;经济与管理;经济与管理;,4401.0,2012-04-01;2012-04-01;2008-07-01;, 丁树; 王如玉; 黄卓; 吴俊;,F;F;F;F;F;F;,经济与管理;经济与管理;经济与管理;,1,1,1,0
楼国强,3100.0,2010-12-01;2013-12-01;2011-08-01;,,F;C;F;F;F;,经济与管理;经济与管理;经济与管理;,1100.0,2005-08-01;,,F;,经济与管理;,1,1,1,0
樊丽明,3100.0,2014-08-01;, 解垩;,F;F;,经济与管理;,3701.0,2002-04-01;,,F;,经济与管理;,1,1,1,0
欧阳志刚,4201.0,2017-02-01;2013-07-01;2015-06-01;, 薛龙; 潜力;,F;F;F;F;,经济与管理;经济与管理;经济与管理;,3601.0,2012-09-01;2011-07-01;2010-07-01;2009-09-01;, 高凌云; 史焕平; 史焕平; 王世杰;,F;F;F;F;F;F;F;F;F;,经济与管理;经济与管理;经济与管理;经济与管理;,1,1,1,0
毛捷,1100.0,2015-07-01;2015-07-01;2011-12-01;2012-07-01;, 吕冰洋; 马光荣; 管汉晖; 林智贤; 汪德华; 白重恩; 汪德华; 白重恩;,F;D;F;F;F;F;F;F;F;,经济与管理;经济与管理;经济与管理;经济与管理;,3301.0,2005-04-01;, 金雪军; 袁佳;,F;F;,经济与管理;,1,1,1,0
江求川,4101.0,2015-07-01;,,D;F;,经济与管理;,4201.0,2013-04-01;, 张克中;,F;F;,经济与管理;,1,1,1,0
汤二子,3201.0,2017-02-01;,,F;,经济与管理;,2102.0,2011-06-01;, 李影; 张海英;,F;F;F;,经济与管理;,1,1,1,0
汤向俊,3211.0,2015-10-01;, 刘瑞明; 马光辉;,D;F;,经济与管理;,6101.0,2010-10-01;, 任保平;,F;F;,经济与管理;,1,1,1,0
汤玉刚,3100.0,2007-01-01;, 赵大平;,F;,经济与管理;,3701.0,2010-09-01;2015-10-01;2010-10-01;, 关凤利; 陈强; 满利苹; 苑程浩;,F;F;F;F;,经济与管理;经济与管理;经济与管理;,1,1,1,0
汪伟,3301.0,2006-03-01;, 金祥荣; 汪淼军;,F;,经济与管理;,3100.0,2015-06-01;2013-11-01;2010-10-01;2016-10-01;2009-10-01;2008-04-01;, 艾春荣; 郭新强; 艾春荣;,F;C;F;F;F;C;F;C;F;F;C;F;F;F;F;,经济与管理;经济与管理;经济与管理;经济与管理;经济与管理;经济与管理;,1,1,1,0
汪洋,1100.0,2016-04-01;,,F;F;,经济与管理;,3601.0,2010-11-01;2007-04-01;2005-04-01;,,F;F;F;,经济与管理;经济与管理;经济与管理;,1,1,1,0
沈利生,3505.0,2006-03-01;, 王恒;,F;,经济与管理;,1100.0,2003-11-01;, 吴振宇;,F;,经济与管理;,1,1,1,0
沈国兵,3100.0,2015-04-01;2015-06-01;2010-06-01;2004-12-01;2005-06-01;, 张鑫; 姚白羽;;,F;F;F;F;F;F;F;F;F;F;F;,经济与管理;经济与管理;经济与管理;经济与管理;经济与管理;,3301.0,2002-06-01;,,F;,经济与管理;,1,1,1,0
沈悦,1100.0,2004-06-01;, 刘洪玉;,F;,经济与管理;,5101.0,2012-05-01;, 储巍;,F;F;F;,经济与管理;,1,1,1,0
沈悦,1100.0,2004-06-01;, 刘洪玉;,F;,经济与管理;,6101.0,2013-03-01;2007-10-01;, 谢坤锋; 谢勇; 田嫄;,F;F;F;F;,经济与管理;经济与管理;,1,1,1,0
沈悦,5101.0,2012-05-01;, 储巍;,F;F;F;,经济与管理;,6101.0,2013-03-01;2007-10-01;, 谢坤锋; 谢勇; 田嫄;,F;F;F;F;,经济与管理;经济与管理;,2,1,1,0
沈沛龙,1100.0,2002-06-01;2001-02-01;, 任若恩; 任若恩;,F;F;,经济与管理;经济与管理;,1401.0,2012-02-01;2013-08-01;, 樊欢; 王晓婷;,F;F;F;,经济与管理;经济与管理;,1,1,1,0
潘珊,1100.0,2015-09-01;, 龚六堂;,F;,经济与管理;,4401.0,2016-10-01;, 龚六堂; 李尚骜;,F;F;,经济与管理;,1,1,1,1
燕志雄,4401.0,2016-09-01;, 张敬卫; 费方域;,F;F;,经济与管理;,3100.0,2007-02-01;2007-10-01;, 费方域; 费方域;,F;F;F;,经济与管理;经济与管理;,1,1,1,1
王伟光,1100.0,2016-03-01;2010-12-01;, 陈锡文; 李扬; 刘世锦; 刘诗白; 刘伟; 蔡昉; 白钦先; 李稻葵;,F;F;,经济与管理;经济与管理;,2101.0,2015-06-01;, 冯荣凯; 尹博;,F;,经济与管理;,2,1,1,0
王俊,1100.0,2012-01-01;2008-07-01;2007-12-01;2007-04-01;, 龚强; 王威; 昌忠泽; 刘宏; 昌忠泽; 昌忠泽;,D;F;R;F;F;F;,经济与管理;经济与管理;经济与管理;经济与管理;,3403.0,2010-09-01;, 王刚贞;,F;F;,经济与管理;,2,1,1,0
王倩,1200.0,2012-05-01;, 李颖华;,F;,经济与管理;,3701.0,2016-05-01;, 马云霄;,F;F;,经济与管理;,1,1,1,0
王兰芳,1200.0,2001-06-01;,,F;,经济与管理;,3100.0,2010-10-01;, 王苏生;,F;F;,经济与管理;,1,1,1,0
王勇,1100.0,2003-02-01;2002-04-01;,,F;G;,经济与管理;经济与管理;,3302.0,2005-01-01;2003-12-01;, 袁葵芳;,F;F;,经济与管理;经济与管理;,1,1,1,0
王博,1200.0,2013-05-01;2013-03-01;2012-06-01;, 郭廓; 马君潞; 刘永余; 刘澜飚;,F;F;F;F;F;F;F;,经济与管理;经济与管理;经济与管理;,5101.0,2017-04-01;, 张晓玫; 卢露;,F;F;,经济与管理;,1,1,1,0
王向楠,1100.0,2012-08-01;, 徐舒;,F;F;,经济与管理;,5101.0,2011-10-01;,,F;F;,经济与管理;,1,1,1,0
王国静,3100.0,2014-03-01;, 田国强;,F;F;,经济与管理;,3506.0,2014-09-01;, 田国强;,F;F;,经济与管理;,1,1,1,1
王宇,1100.0,2015-04-01;, 李宏瑾;,F;F;,经济与管理;,1501.0,2014-10-01;, 郭新强; 干春晖;,F;F;,经济与管理;,1,1,1,0
王小龙,1100.0,2004-04-01;2015-11-01;2011-08-01;,; 方金金; 兰永生;,F;F;F;D;F;,经济与管理;经济与管理;经济与管理;,6101.0,2002-01-01;2002-04-01;, 李斌;,F;F;F;,经济与管理;经济与管理;,1,1,1,0
王平,1100.0,2012-05-01;, 肖军;,F;F;,经济与管理;,5101.0,2009-06-01;, 邹易; 唐柳;,F;,经济与管理;,1,1,1,0
王弟海,1100.0,2006-04-01;, 龚六堂;,F;F;,经济与管理;,3100.0,2016-08-01;2012-06-01;2008-01-01;, 黄亮; 李宏毅; 龚六堂;,R;F;F;F;F;F;,经济与管理;经济与管理;经济与管理;,1,1,1,1
王晓,1100.0,2010-01-01;, 李佳;,F;,经济与管理;,3701.0,2012-04-01;,,F;,经济与管理;,1,1,1,0
王欢,3701.0,2014-08-01;, 郭建强;,F;F;,经济与管理;,6101.0,2017-04-01;, 史耀疆; 王爱琴; 罗朴尚; 罗思高; 诸彦杰;,G;G;,经济与管理;,1,0,1,0
王永进,1200.0,2016-07-01;2014-04-01;2012-07-01;, 张国峰; 施炳展; 盛丹;,F;F;F;F;,经济与管理;经济与管理;经济与管理;,3502.0,2010-07-01;, 盛丹; 施炳展; 李坤望;,F;F;,经济与管理;,1,1,1,2
王海港,4401.0,2007-08-01;, 李实; 刘京军;,G;,经济与管理;,1100.0,2005-01-01;2009-09-01;,; 黄少安; 李琴; 罗凤金;,F;F;F;,经济与管理;经济与管理;,2,0,1,0
王爱俭,3209.0,2014-04-01;2017-10-01;, 王璟怡; 杜强;,F;F;F;F;,经济与管理;经济与管理;,1200.0,2007-10-01;2007-02-01;, 林楠; 温博慧;,F;F;F;F;,经济与管理;经济与管理;,1,1,1,0
王玲玲,5301.0,2015-02-01;, 尹晓冰;,F;F;,经济与管理;,4201.0,2012-06-01;, 王宗军; 毛磊;,F;F;,经济与管理;,1,1,1,0
王珏,2102.0,2012-01-01;,,F;F;,经济与管理;,1100.0,2004-02-01;, 饶晓鹏;,F;,经济与管理;,1,1,1,0
王璐,3201.0,2014-11-01;, 童中文;,F;F;,经济与管理;,1200.0,2008-06-01;, 柳欣;,F;,经济与管理;,1,1,1,0
王璐,3201.0,2014-11-01;, 童中文;,F;F;,经济与管理;,5101.0,2008-04-01;, 庞皓;,F;F;,经济与管理;,1,1,1,0
王璐,1200.0,2008-06-01;, 柳欣;,F;,经济与管理;,5101.0,2008-04-01;, 庞皓;,F;F;,经济与管理;,1,1,1,0
王艳,1200.0,2002-06-01;,,F;,经济与管理;,4401.0,2017-12-01;, 李善民;,F;,经济与管理;,1,1,1,0
王苍峰,3100.0,2007-08-01;,,F;,经济与管理;,3701.0,2011-12-01;, 司传宁;,F;F;F;,经济与管理;,1,1,1,0
王锋,3203.0,2017-09-01;, 李紧想; 张芳; 吴艳杰;,F;F;,经济与管理;,3502.0,2010-02-01;, 吴丽华; 杨超;,X;,经济与管理;,1,0,1,0
王锋,3203.0,2017-09-01;, 李紧想; 张芳; 吴艳杰;,F;F;,经济与管理;,6101.0,2013-08-01;, 冯根福; 吴丽华;,X;F;,经济与管理;,1,1,1,0
王锋,3502.0,2010-02-01;, 吴丽华; 杨超;,X;,经济与管理;,6101.0,2013-08-01;, 冯根福; 吴丽华;,X;F;,经济与管理;,1,1,1,1
王静,1200.0,2016-04-01;, 张卓; 武舜臣;,F;,经济与管理;,4102.0,2017-02-01;, 庄鹏睿; 罗良清;,F;,经济与管理;,1,1,1,0
王静,1200.0,2016-04-01;, 张卓; 武舜臣;,F;,经济与管理;,3301.0,2002-11-01;,,F;,经济与管理;,1,1,1,0
王静,4102.0,2017-02-01;, 庄鹏睿; 罗良清;,F;,经济与管理;,3301.0,2002-11-01;,,F;,经济与管理;,1,1,1,0
王鹏,1401.0,2002-08-01;,,F;,经济与管理;,1100.0,2012-12-01;2008-02-01;,;;,F;F;,经济与管理;经济与管理;,1,1,1,0
王鹏,1401.0,2002-08-01;,,F;,经济与管理;,5101.0,2014-12-01;, 付延平; 李文贺;,F;,经济与管理;,1,1,1,0
王鹏,1100.0,2012-12-01;2008-02-01;,;;,F;F;,经济与管理;经济与管理;,5101.0,2014-12-01;, 付延平; 李文贺;,F;,经济与管理;,1,1,1,0
田利辉,1200.0,2017-11-01;2014-01-01;2013-04-01;2013-11-01;2015-04-01;2014-04-01;, 王可第; 张伟; 谭德凯; 王冠英;,F;F;F;F;F;F;F;F;F;F;F;F;,经济与管理;经济与管理;经济与管理;经济与管理;经济与管理;经济与管理;,1100.0,2005-10-01;2005-10-01;2004-10-01;,,F;F;F;F;,经济与管理;经济与管理;经济与管理;,1,1,1,0
田青,2102.0,2009-10-01;, 高铁梅;,F;F;,经济与管理;,1100.0,2017-01-01;,,F;,经济与管理;,1,1,1,0
白钦先,4401.0,2001-04-01;, 薛誉华;,F;,经济与管理;,2101.0,2011-10-01;2017-04-01;2005-06-01;, 张志文; 张坤; 常海中;,F;F;F;,经济与管理;经济与管理;经济与管理;,1,1,1,0
皮建才,1100.0,2008-03-01;2007-05-01;2007-01-01;2006-10-01;2007-08-01;,,F;F;F;C;F;F;F;,经济与管理;经济与管理;经济与管理;经济与管理;经济与管理;,3201.0,2014-10-01;2012-10-01;2011-02-01;, 殷军; 周愚;,D;D;F;,经济与管理;经济与管理;经济与管理;,1,1,1,0
程令国,3100.0,2016-01-01;2014-10-01;, 张晔; 刘志彪; 张晔; 沈可;,D;F;G;,经济与管理;经济与管理;,3201.0,2013-08-01;, 张晔; 刘志彪;,F;F;,经济与管理;,1,1,1,2
程令国,3100.0,2016-01-01;2014-10-01;, 张晔; 刘志彪; 张晔; 沈可;,D;F;G;,经济与管理;经济与管理;,1100.0,2012-01-01;2011-08-01;, 张晔; 张晔;,R;F;,经济与管理;经济与管理;,1,1,1,1
程令国,3201.0,2013-08-01;, 张晔; 刘志彪;,F;F;,经济与管理;,1100.0,2012-01-01;2011-08-01;, 张晔; 张晔;,R;F;,经济与管理;经济与管理;,1,1,1,1
程培堽,3205.0,2009-07-01;, 周应恒; 殷志扬;,F;F;,经济与管理;,3502.0,2003-06-01;,,F;,经济与管理;,1,1,1,0
简泽,3100.0,2013-05-01;2014-08-01;, 干春晖; 余典范; 张涛; 伏玉林;,F;F;F;F;,经济与管理;经济与管理;,3601.0,2017-05-01;, 谭利萍; 吕大国; 符通;,F;F;,经济与管理;,1,1,1,0
管七海,1100.0,2005-08-01;2005-04-01;,,F;F;,经济与管理;经济与管理;,4403.0,2006-01-01;,,F;,经济与管理;,1,1,1,0
胡洁,3100.0,2014-08-01;, 陈彦煌;,F;,经济与管理;,6101.0,2010-08-01;, 陈彦煌;,F;F;F;,经济与管理;,1,1,1,1
范子英,3100.0,2010-03-01;2010-04-01;2008-10-01;2015-05-01;2017-02-01;2016-01-01;2016-07-01;, 张军; 孟令杰; 石慧; 刘甲炎; 彭飞; 彭飞; 刘冲; 田彬彬;,F;F;K;K;F;F;F;D;F;F;F;D;,经济与管理;经济与管理;经济与管理;经济与管理;经济与管理;经济与管理;经济与管理;,3201.0,2006-08-01;2007-01-01;, 孟令杰; 孟令杰;,F;F;F;,经济与管理;经济与管理;,1,1,1,1
范子英,3100.0,2010-03-01;2010-04-01;2008-10-01;2015-05-01;2017-02-01;2016-01-01;2016-07-01;, 张军; 孟令杰; 石慧; 刘甲炎; 彭飞; 彭飞; 刘冲; 田彬彬;,F;F;K;K;F;F;F;D;F;F;F;D;,经济与管理;经济与管理;经济与管理;经济与管理;经济与管理;经济与管理;经济与管理;,4201.0,2014-06-01;2013-09-01;2013-01-01;, 李欣; 田彬彬; 石慧;,F;F;F;F;,经济与管理;经济与管理;经济与管理;,2,1,1,2
范子英,3201.0,2006-08-01;2007-01-01;, 孟令杰; 孟令杰;,F;F;F;,经济与管理;经济与管理;,4201.0,2014-06-01;2013-09-01;2013-01-01;, 李欣; 田彬彬; 石慧;,F;F;F;F;,经济与管理;经济与管理;经济与管理;,1,1,1,0
葛兆强,1100.0,2006-02-01;2005-05-01;,,F;F;,经济与管理;经济与管理;,4403.0,2009-08-01;2002-11-01;2001-10-01;,,F;F;F;,经济与管理;经济与管理;经济与管理;,2,1,1,0
董保民,3502.0,2003-10-01;,,D;,经济与管理;,1100.0,2006-07-01;, 郭桂霞;,F;F;,经济与管理;,1,0,1,0
蒙英华,3502.0,2008-02-01;, 黄建忠;,F;F;F;,经济与管理;,3100.0,2009-12-01;2015-10-01;, 蔡宏波; 蔡宏波; 黄建忠;,F;F;,经济与管理;经济与管理;,1,1,1,1
蒲成毅,1200.0,2005-02-01;,,F;,经济与管理;,5101.0,2012-12-01;, 潘小军;,F;F;F;,经济与管理;,1,1,1,0
蔡宁,1100.0,2017-02-01;, 刘勇;,F;,经济与管理;,3301.0,2017-03-01;, 贺锦江; 王节祥;,F;F;F;,经济与管理;,1,1,1,0
蔡昱,1200.0,2013-02-01;2008-04-01;, 龚刚; 张前程; 龚刚;,R;D;,经济与管理;经济与管理;,5301.0,2016-02-01;2014-12-01;, 龚刚; 龚刚;,C;A;,经济与管理;经济与管理;,1,0,1,1
薛白,4506.0,2011-12-01;,,F;F;,经济与管理;,1100.0,2014-12-01;,,F;F;,经济与管理;,1,1,1,0
许伟,4501.0,2008-06-01;, 曾屹; 陈兴海;,F;,经济与管理;,1100.0,2016-05-01;2009-04-01;, 陈斌开; 陈斌开;,F;F;F;F;,经济与管理;经济与管理;,1,1,1,0
许年行,1100.0,2016-12-01;2012-07-01;2011-04-01;2013-01-01;, 李哲; 江轩宇; 伊志宏; 徐信忠; 洪涛; 吴世农; 徐信忠; 江轩宇; 伊志宏; 袁清波;,C;F;F;F;F;F;D;D;,经济与管理;经济与管理;经济与管理;经济与管理;,3502.0,2007-01-01;2006-04-01;, 吴世农; 吴世农;,F;F;F;,经济与管理;经济与管理;,1,1,1,1
许承明,3100.0,2001-08-01;,,F;,经济与管理;,3201.0,2005-03-01;, 宋海林;,F;,经济与管理;,1,1,1,0
谢刚,1100.0,2009-01-01;, 李勇;,F;,经济与管理;,5101.0,2011-06-01;, 侯景亮; 贾建民;,F;,经济与管理;,1,1,1,0
谢康,3100.0,2002-02-01;,,F;,经济与管理;,4401.0,2017-08-01;2016-02-01;2016-04-01;2012-01-01;2001-05-01;, 刘意; 肖静华; 刘亚平; 吴瑶; 肖静华; 廖雪华; 赖金天; 肖静华; 乌家培; 肖静华; 周先波; 乌家培;,D;F;F;F;F;F;F;F;,经济与管理;经济与管理;经济与管理;经济与管理;经济与管理;,2,1,1,0
谢建国,3201.0,2007-06-01;2014-07-01;2006-07-01;2010-12-01;2005-12-01;, 姜珮珊; 张悦; 徐华;,F;F;F;F;F;F;G;F;,经济与管理;经济与管理;经济与管理;经济与管理;经济与管理;,1200.0,2004-04-01;,,F;,经济与管理;,1,1,1,0
谭之博,1100.0,2012-12-01;, 赵岳;,F;F;,经济与管理;,3100.0,2016-02-01;2015-04-01;, 张晓波; 周黎安; 赵岳;,C;R;D;F;,经济与管理;经济与管理;,1,1,1,1
谭旭东,1100.0,2004-12-01;,,F;,经济与管理;,3502.0,2008-09-01;2007-02-01;,,F;F;F;F;,经济与管理;经济与管理;,1,1,1,0
贺京同,3701.0,2013-12-01;, 郝身永;,F;,经济与管理;,1200.0,2014-07-01;2011-12-01;2007-06-01;2004-04-01;2002-12-01;, 那艺; 郝身永; 冯尧; 徐璐; 李峰; 霍焰; 李大勇;,C;C;F;F;F;F;F;F;F;,经济与管理;经济与管理;经济与管理;经济与管理;经济与管理;,2,1,1,1
贾良定,1100.0,2002-04-01;,,F;F;,经济与管理;,3201.0,2001-03-01;, 陈秋霖;,F;,经济与管理;,1,1,1,0
赵文军,3201.0,2008-12-01;2009-08-01;, 于津平; 于津平;,F;F;F;F;,经济与管理;经济与管理;,4403.0,2012-08-01;2014-06-01;, 于津平; 于津平;,F;F;F;F;F;F;F;,经济与管理;经济与管理;,1,1,1,1
赵旭,3100.0,2013-12-01;, 李浩;,F;,经济与管理;,3201.0,2007-12-01;2006-12-01;,,F;F;F;,经济与管理;经济与管理;,1,1,1,0
赵进文,2102.0,2013-04-01;2010-12-01;2007-08-01;2005-12-01;2005-02-01;2004-10-01;2004-07-01;2001-12-01;, 苏明政; 邢天才; 邢天才; 熊磊; 范继涛; 闵捷; 闵捷; 高辉; 邵国莉;,F;F;F;F;F;F;F;F;F;C;F;F;F;,经济与管理;经济与管理;经济与管理;经济与管理;经济与管理;经济与管理;经济与管理;经济与管理;,1200.0,2004-06-01;, 高辉;,F;,经济与管理;,2,1,1,1
逄锦聚,1100.0,2017-11-01;2016-10-01;,,D;F;F;,经济与管理;经济与管理;,1200.0,2005-02-01;2004-02-01;2002-02-01;2001-10-01;,,F;F;F;F;,经济与管理;经济与管理;经济与管理;经济与管理;,1,1,1,0
邓伟,1100.0,2009-10-01;,,F;,经济与管理;,4201.0,2013-01-01;, 唐齐鸣;,F;F;,经济与管理;,1,1,1,0
邓伟,1100.0,2009-10-01;,,F;,经济与管理;,3201.0,2012-06-01;, 叶林祥;,F;F;F;,经济与管理;,1,1,1,0
邓伟,4201.0,2013-01-01;, 唐齐鸣;,F;F;,经济与管理;,3201.0,2012-06-01;, 叶林祥;,F;F;F;,经济与管理;,1,1,1,0
邵帅,3100.0,2015-05-01;2016-09-01;2013-02-01;2011-12-01;2017-03-01;, 吕长江; 李欣; 曹建华; 杨莉莉; 杨莉莉; 黄涛; 杨莉莉; 张曦; 赵兴荣;,F;X;X;F;F;F;F;F;F;F;X;,经济与管理;经济与管理;经济与管理;经济与管理;经济与管理;,2301.0,2008-04-01;, 齐中英;,F;F;F;,经济与管理;,1,1,1,0
邵挺,1100.0,2017-02-01;2011-04-01;, 王瑞民; 王微; 崔凡; 范英; 许庆;,F;F;F;,经济与管理;经济与管理;,3100.0,2010-06-01;, 袁志刚;,F;,经济与管理;,1,1,1,0
邹薇,4201.0,2005-05-01;, 钱雪松;,F;,经济与管理;,4303.0,2007-06-01;, 陈云;,F;F;,经济与管理;,1,1,1,0
郑挺国,3502.0,2013-06-01;2012-03-01;2010-03-01;2010-10-01;, 王霞; 王霞; 苏娜; 刘金全; 王霞;,F;F;F;F;F;F;F;,经济与管理;经济与管理;经济与管理;经济与管理;,2201.0,2008-01-01;, 刘金全;,F;F;,经济与管理;,1,1,1,1
郭克莎,1100.0,2002-11-01;,,F;,经济与管理;,3505.0,2017-02-01;2017-10-01;2016-09-01;, 杨阔;,F;F;F;F;,经济与管理;经济与管理;经济与管理;,1,1,1,0
郭凯明,4401.0,2016-06-01;2015-07-01;2016-04-01;2017-03-01;2017-04-01;, 颜色; 颜色; 余靖雯; 龚六堂; 杭静; 颜色; 颜色;,F;C;F;F;F;C;F;F;,经济与管理;经济与管理;经济与管理;经济与管理;经济与管理;,1100.0,2011-12-01;2011-07-01;, 张全升; 龚六堂; 颜色;,F;F;C;,经济与管理;经济与管理;,1,2,1,2
郭峰,1100.0,2016-06-01;,,D;F;,经济与管理;,3100.0,2017-07-01;2017-07-01;2015-04-01;, 石庆玲; 李欣;;,D;X;G;F;,经济与管理;经济与管理;经济与管理;,2,2,1,0
郭广珍,3100.0,2014-02-01;, 张军;,F;,经济与管理;,2101.0,2017-03-01;, 张玉兰; 胡可嘉;,F;F;,经济与管理;,1,1,1,0
郭强,1200.0,2017-06-01;2014-10-01;2013-12-01;2012-08-01;2015-02-01;, 张明; 邓黎桥; 殷无弦; 董昀; 谭小芬; 董昀; 李向前; 李向前; 付志刚;,F;F;F;F;F;F;F;F;F;F;,经济与管理;经济与管理;经济与管理;经济与管理;经济与管理;,1100.0,2011-08-01;, 谭小芬; 李向前;,F;F;F;,经济与管理;,1,1,1,2
郭玉清,1100.0,2006-06-01;,,F;F;,经济与管理;,1200.0,2017-06-01;2016-03-01;2011-08-01;, 孙希芳; 何杨; 何杨; 李龙;,F;D;F;F;,经济与管理;经济与管理;经济与管理;,1,1,1,0
钟昌标,5301.0,2014-12-01;2013-12-01;, 黄远浙; 刘伟; 黄远浙; 刘伟;,F;F;F;F;,经济与管理;经济与管理;,3302.0,2010-01-01;2007-09-01;,,F;F;F;,经济与管理;经济与管理;,1,1,1,0
钟春平,4403.0,2005-07-01;, 徐长生;,F;,经济与管理;,1100.0,2015-05-01;, 田敏;,F;,经济与管理;,1,1,1,0
钟春平,4403.0,2005-07-01;, 徐长生;,F;,经济与管理;,4201.0,2012-12-01;2006-08-01;2011-01-01;, 陈静; 孙焕民; 徐长生; 徐长生;,F;F;F;F;F;F;,经济与管理;经济与管理;经济与管理;,1,1,1,1
钟春平,1100.0,2015-05-01;, 田敏;,F;,经济与管理;,4201.0,2012-12-01;2006-08-01;2011-01-01;, 陈静; 孙焕民; 徐长生; 徐长生;,F;F;F;F;F;F;,经济与管理;经济与管理;经济与管理;,1,1,1,0
钱先航,3701.0,2017-02-01;2015-07-01;2017-12-01;2014-07-01;, 曹廷求; 曹廷求; 曹春方; 王可; 徐业坤;,D;F;D;C;F;D;F;,经济与管理;经济与管理;经济与管理;经济与管理;,1200.0,2011-12-01;, 曹廷求; 李维安;,F;,经济与管理;,1,1,1,1
闫国庆,3302.0,2009-05-01;, 孙琪; 仲鸿生; 赵娜; 荆娴;,F;,经济与管理;,2101.0,2002-05-01;,,F;,经济与管理;,1,1,1,0
陆磊,1100.0,2001-04-01;,,F;,经济与管理;,4401.0,2005-08-01;,,F;,经济与管理;,1,1,1,0
陆磊,1100.0,2001-04-01;,,F;,经济与管理;,5101.0,2004-10-01;, 李世宏;,F;,经济与管理;,1,1,1,0
陆磊,4401.0,2005-08-01;,,F;,经济与管理;,5101.0,2004-10-01;, 李世宏;,F;,经济与管理;,1,1,1,0
陆立军,3307.0,2007-04-01;, 杨海军;,F;F;,经济与管理;,3301.0,2002-02-01;,,F;,经济与管理;,1,1,1,0
陆蓉,4401.0,2004-03-01;2004-01-01;, 徐龙炳; 徐龙炳;,F;F;,经济与管理;经济与管理;,3100.0,2017-11-01;2017-11-01;2007-06-01;, 邓鸣茂; 何婧; 崔晓蕾; 陈百助; 徐龙炳; 谢新厚;,F;O;F;F;,经济与管理;经济与管理;经济与管理;,1,1,1,1
陈仕华,2102.0,2017-05-01;2016-06-01;2014-10-01;, 卢昌崇; 李维安; 姜广省; 李维安; 王春林;,F;F;F;D;,经济与管理;经济与管理;经济与管理;,1200.0,2015-09-01;, 卢昌崇; 姜广省; 王雅茹;,F;F;,经济与管理;,2,1,1,2
陈健,1100.0,2007-11-01;,,F;,经济与管理;,3201.0,2009-04-01;, 徐康宁;,F;F;,经济与管理;,1,1,1,0
陈健,1100.0,2007-11-01;,,F;,经济与管理;,3701.0,2013-09-01;, 黄少安;,F;D;,经济与管理;,1,1,1,0
陈健,3201.0,2009-04-01;, 徐康宁;,F;F;,经济与管理;,3701.0,2013-09-01;, 黄少安;,F;D;,经济与管理;,1,1,1,0
陈冬华,3201.0,2017-05-01;2015-05-01;2013-09-01;2011-12-01;2010-07-01;2008-03-01;, 相加凤; 范从来; 沈永建; 胡晓莉; 梁上坤; 新夫; 陈富生; 沈永建; 尤海峰; 范从来; 沈永建; 周亚虹; 章铁生; 李翔;,F;F;F;B;D;F;F;F;F;D;,经济与管理;经济与管理;经济与管理;经济与管理;经济与管理;经济与管理;,3100.0,2005-02-01;, 陈信元; 万华林;,F;,经济与管理;,1,1,1,0
陈利平,4201.0,2001-03-01;2003-04-01;,,F;F;,经济与管理;经济与管理;,3100.0,2007-07-01;,,F;F;,经济与管理;,1,1,1,0
陈叶烽,1100.0,2012-02-01;, 叶航; 汪丁丁;,F;,经济与管理;,3301.0,2011-06-01;2009-12-01;, 周业安; 宋紫峰;,F;C;,经济与管理;经济与管理;,1,1,1,0
陈平,4401.0,2002-06-01;, 王曦;,F;,经济与管理;,1100.0,2006-10-01;2002-01-01;,,F;F;F;,经济与管理;经济与管理;,2,1,1,0
陈强,3701.0,2011-07-01;2015-07-01;2014-10-01;2017-08-01;, 乔兆纲; 孙丰凯; 徐艳娴;,F;K;K;F;X;,经济与管理;经济与管理;经济与管理;经济与管理;,3501.0,2009-04-01;, 叶阿忠;,F;F;F;,经济与管理;,1,1,1,0
陈志俊,4201.0,2003-10-01;, 邱敬渊;,F;,经济与管理;,3301.0,2004-10-01;, 张昕竹;,G;,经济与管理;,1,0,1,0
陈昆亭,5301.0,2017-07-01;, 周炎;,F;,经济与管理;,3302.0,2012-01-01;2011-11-01;, 周炎; 龚六堂; 李浩; 熊爱民; 柯建飞;,F;F;F;,经济与管理;经济与管理;,1,1,1,1
陈昆亭,5301.0,2017-07-01;, 周炎;,F;,经济与管理;,3701.0,2008-02-01;2004-07-01;, 周炎; 龚六堂;,F;F;F;,经济与管理;经济与管理;,1,1,1,1
陈昆亭,5301.0,2017-07-01;, 周炎;,F;,经济与管理;,3301.0,2015-06-01;2014-12-01;, 周炎; 黄晶; 周炎; 虞晓芬;,F;F;,经济与管理;经济与管理;,1,1,1,1
陈昆亭,3302.0,2012-01-01;2011-11-01;, 周炎; 龚六堂; 李浩; 熊爱民; 柯建飞;,F;F;F;,经济与管理;经济与管理;,3701.0,2008-02-01;2004-07-01;, 周炎; 龚六堂;,F;F;F;,经济与管理;经济与管理;,1,1,1,2
陈昆亭,3302.0,2012-01-01;2011-11-01;, 周炎; 龚六堂; 李浩; 熊爱民; 柯建飞;,F;F;F;,经济与管理;经济与管理;,3301.0,2015-06-01;2014-12-01;, 周炎; 黄晶; 周炎; 虞晓芬;,F;F;,经济与管理;经济与管理;,1,1,1,1
陈昆亭,3701.0,2008-02-01;2004-07-01;, 周炎; 龚六堂;,F;F;F;,经济与管理;经济与管理;,3301.0,2015-06-01;2014-12-01;, 周炎; 黄晶; 周炎; 虞晓芬;,F;F;,经济与管理;经济与管理;,1,1,1,1
陈浪南,4401.0,2009-03-01;2007-04-01;2007-11-01;2004-05-01;2014-10-01;2008-10-01;, 刘宏伟; 洪如明; 黄洵; 田磊; 陈云;,F;F;F;F;F;F;F;F;,经济与管理;经济与管理;经济与管理;经济与管理;经济与管理;经济与管理;,1100.0,2010-04-01;2007-10-01;, 孙坚强; 林伟斌; 欧阳永卫;,F;F;F;,经济与管理;经济与管理;,4,1,1,0
陈浪南,4401.0,2009-03-01;2007-04-01;2007-11-01;2004-05-01;2014-10-01;2008-10-01;, 刘宏伟; 洪如明; 黄洵; 田磊; 陈云;,F;F;F;F;F;F;F;F;,经济与管理;经济与管理;经济与管理;经济与管理;经济与管理;经济与管理;,3502.0,2002-05-01;, 黄杰鲲;,F;,经济与管理;,1,1,1,0
陈浪南,1100.0,2010-04-01;2007-10-01;, 孙坚强; 林伟斌; 欧阳永卫;,F;F;F;,经济与管理;经济与管理;,3502.0,2002-05-01;, 黄杰鲲;,F;,经济与管理;,1,1,1,0
陈灯塔,3502.0,2006-01-01;, 周颖刚;,F;F;,经济与管理;,1100.0,2003-10-01;, 洪永淼;,F;,经济与管理;,1,1,1,0
陈琳,1200.0,2010-04-01;, 翟崇碧;,F;,经济与管理;,3100.0,2015-10-01;,,F;,经济与管理;,1,1,1,0
陈良文,1100.0,2007-10-01;, 杨开忠;,F;,经济与管理;,1200.0,2008-10-01;, 杨开忠; 沈体雁; 王伟;,F;F;F;,经济与管理;,1,1,1,1
陈霄,4503.0,2013-11-01;, 丁晓裕; 王贝芬;,F;F;,经济与管理;,4401.0,2016-04-01;, 叶德珠;,F;F;C;,经济与管理;,1,1,1,0
陈飞,2102.0,2015-10-01;2014-02-01;2010-11-01;, 翟伟娟; 卢建词; 范庆泉; 高铁梅;,F;F;F;F;F;,经济与管理;经济与管理;经济与管理;,2201.0,2002-10-01;, 赵昕东; 高铁梅;,F;,经济与管理;,1,1,1,1
陶江,1200.0,2003-10-01;,,F;,经济与管理;,4301.0,2012-05-01;, 胡荣尚;,F;,经济与管理;,1,1,1,0
雷鸣,3201.0,2013-04-01;, 王军; 叶五一;,F;F;F;,经济与管理;,1200.0,2007-04-01;,,F;,经济与管理;,1,1,1,0
靳卫东,3701.0,2017-04-01;, 王鹏帆; 毛中根;,F;R;,经济与管理;,3201.0,2007-02-01;,,F;F;,经济与管理;,1,1,1,0
靳卫萍,1200.0,2002-10-01;,,F;,经济与管理;,1100.0,2012-10-01;, 熊柴;,F;,经济与管理;,1,1,1,0
鞠晓生,1100.0,2013-01-01;, 卢荻; 虞义华;,F;F;,经济与管理;,4301.0,2016-03-01;2015-01-01;, 黄朝峰; 卢荻; 黄朝峰; 管瑞龙;,F;E;F;F;F;,经济与管理;经济与管理;,1,1,1,1
韩胜飞,4401.0,2007-07-01;,,F;,经济与管理;,1200.0,2006-04-01;, 戴金平;,F;,经济与管理;,1,1,1,0
顾标,3100.0,2009-10-01;, 周纪恩;,F;,经济与管理;,1100.0,2007-10-01;, 周纪恩;,F;,经济与管理;,1,1,1,1
马亚明,3209.0,2014-12-01;, 刘翠;,F;F;,经济与管理;,1200.0,2003-08-01;, 张岩贵;,F;,经济与管理;,1,1,1,0
马明,1200.0,2004-10-01;,,F;,经济与管理;,1100.0,2002-04-01;, 向桢;,F;,经济与管理;,1,1,1,0
马涛,3100.0,2002-06-01;,,F;,经济与管理;,1100.0,2010-08-01;, 刘仕国;,F;F;F;,经济与管理;,1,1,1,0
马草原,1200.0,2010-08-01;, 李运达;,F;F;F;,经济与管理;,6101.0,2017-11-01;2013-07-01;2015-04-01;, 马文涛; 李成; 李成; 周亚雄;,F;F;F;X;F;,经济与管理;经济与管理;经济与管理;,1,1,1,0
马骏,1100.0,2015-05-01;,,F;F;,经济与管理;,4401.0,2004-10-01;2003-01-01;2003-06-01;, 侯一麟;,F;D;F;,经济与管理;经济与管理;经济与管理;,1,1,1,0
高保中,1200.0,2004-08-01;,,F;,经济与管理;,4102.0,2015-12-01;, 赵学增;,F;,经济与管理;,1,1,1,0
高凌云,1100.0,2011-01-01;2010-01-01;, 毛日昇; 王洛林;,F;F;F;F;F;F;,经济与管理;经济与管理;,5301.0,2012-05-01;, 王洛林; 苏庆义;,F;,经济与管理;,1,1,1,1
高峰,1200.0,2005-10-01;2004-10-01;2001-12-01;, 张仁德; 陈瑞华;,F;F;F;,经济与管理;经济与管理;经济与管理;,1100.0,2003-03-01;, 宋逢明;,F;,经济与管理;,2,1,1,0
高梦滔,1100.0,2005-12-01;2004-07-01;, 姚洋; 姚洋;,F;C;,经济与管理;经济与管理;,5301.0,2006-12-01;, 姚洋;,F;F;,经济与管理;,1,1,1,1
高阳,5301.0,2017-02-01;, 田友春;,F;,经济与管理;,1200.0,2015-02-01;,,F;,经济与管理;,1,1,1,0
魏巍贤,3502.0,2006-04-01;,,F;,经济与管理;,1100.0,2007-12-01;, 林伯强;,F;F;,经济与管理;,1,1,1,0
黄勋敬,3201.0,2013-07-01;2012-09-01;2010-03-01;, 赵曙明; 程秋虎; 赵曙明; 赵曙明;,F;F;F;,经济与管理;经济与管理;经济与管理;,4401.0,2007-01-01;2009-05-01;, 胡晔;;,F;F;F;,经济与管理;经济与管理;,1,1,1,0
黄志刚,1100.0,2009-06-01;2017-05-01;2011-03-01;2012-04-01;2010-07-01;,; 许伟;,F;F;F;F;F;F;F;F;F;F;F;F;F;F;,经济与管理;经济与管理;经济与管理;经济与管理;经济与管理;,3501.0,2010-05-01;, 陈晓杰;,F;F;,经济与管理;,2,1,1,0
黄枫,3100.0,2015-07-01;2012-12-01;2013-01-01;2017-02-01;, 孙世龙; 吴纯杰; 吴纯杰; 傅伟;,F;F;R;F;F;C;,经济与管理;经济与管理;经济与管理;经济与管理;,5101.0,2010-06-01;2009-12-01;, 甘犁; 吴纯杰;,F;F;,经济与管理;经济与管理;,1,1,1,1
黄荣哲,4501.0,2013-05-01;, 农丽娜;,F;F;F;,经济与管理;,4401.0,2008-12-01;, 何问陶; 农丽娜;,F;F;,经济与管理;,1,1,1,1
黄飞鸣,3502.0,2009-12-01;,,F;F;,经济与管理;,3601.0,2010-10-01;,,F;F;,经济与管理;,1,1,1,0
黎峰,1200.0,2015-08-01;,,F;F;F;,经济与管理;,3201.0,2017-09-01;,,F;,经济与管理;,1,1,1,0
黎德福,1200.0,2006-02-01;, 黄玖立;,F;,经济与管理;,3100.0,2013-04-01;2006-10-01;2007-08-01;, 唐雪梅; 陈宗胜; 黄玖立;,F;F;F;F;,经济与管理;经济与管理;经济与管理;,1,1,1,1
龚关,3100.0,2013-04-01;, 胡关亮;,F;F;,经济与管理;,1200.0,2007-12-01;,,F;F;,经济与管理;,1,1,1,0
龚刚,5301.0,2016-06-01;2013-11-01;, 徐文舸; 杨光; 高阳;,F;F;,经济与管理;经济与管理;,1200.0,2012-09-01;2008-06-01;2008-10-01;2007-10-01;, 高坚; 李炳念; 高坚; 何学中;,F;F;F;F;F;F;F;,经济与管理;经济与管理;经济与管理;经济与管理;,1,1,1,0
龚刚,5301.0,2016-06-01;2013-11-01;, 徐文舸; 杨光; 高阳;,F;F;,经济与管理;经济与管理;,1100.0,2007-04-01;2004-07-01;2003-04-01;2007-04-01;, 林毅夫; Willi Semmler; 陈琳;,F;F;F;F;F;,经济与管理;经济与管理;经济与管理;经济与管理;,1,1,1,0
龚刚,1200.0,2012-09-01;2008-06-01;2008-10-01;2007-10-01;, 高坚; 李炳念; 高坚; 何学中;,F;F;F;F;F;F;F;,经济与管理;经济与管理;经济与管理;经济与管理;,1100.0,2007-04-01;2004-07-01;2003-04-01;2007-04-01;, 林毅夫; Willi Semmler; 陈琳;,F;F;F;F;F;,经济与管理;经济与管理;经济与管理;经济与管理;,1,1,1,0
龚强,4201.0,2015-08-01;, 雷丽衡; 袁燕;,F;,经济与管理;,1100.0,2008-02-01;2011-01-01;2009-07-01;2010-02-01;2009-02-01;, 徐朝阳; 张懿;,F;F;F;F;F;F;F;F;F;,经济与管理;经济与管理;经济与管理;经济与管理;经济与管理;,1,1,1,0
龚强,4201.0,2015-08-01;, 雷丽衡; 袁燕;,F;,经济与管理;,5101.0,2014-04-01;2013-03-01;2012-06-01;2011-07-01;2014-02-01;2012-12-01;, 张一林; 林毅夫; 张一林; 余建宇; 李涵; 张彤; 王俊; 贾珅; 成酩; 陈丰;,F;F;F;F;F;F;F;F;F;,经济与管理;经济与管理;经济与管理;经济与管理;经济与管理;经济与管理;,1,1,1,0
龚强,1100.0,2008-02-01;2011-01-01;2009-07-01;2010-02-01;2009-02-01;, 徐朝阳; 张懿;,F;F;F;F;F;F;F;F;F;,经济与管理;经济与管理;经济与管理;经济与管理;经济与管理;,5101.0,2014-04-01;2013-03-01;2012-06-01;2011-07-01;2014-02-01;2012-12-01;, 张一林; 林毅夫; 张一林; 余建宇; 李涵; 张彤; 王俊; 贾珅; 成酩; 陈丰;,F;F;F;F;F;F;F;F;F;,经济与管理;经济与管理;经济与管理;经济与管理;经济与管理;经济与管理;,1,1,1,0
龚锋,4201.0,2017-03-01;2015-08-01;, 李智; 雷欣; 余锦亮;,C;F;C;,经济与管理;经济与管理;,4419.0,2016-01-01;, 曾爱玲;,F;,经济与管理;,2,1,1,0
