mag_name,mag_unit,guanxi_drop,mag_class,mag_city,zengkan,mag_city_code
管理世界,国务院,1,管理学,北京市,0,1100
经济研究,中国社会科学院,1,经济学,北京市,0,1100
金融评论,中国社会科学院,1,经济学,北京市,0,1100
金融论坛,工商银行,1,经济学,北京市,0,1100
经济学季刊,北京大学,1,经济学,北京市,0,1100
南开经济研究,南开大学,1,经济学,天津市,0,1200
世界经济文汇,复旦大学,1,经济学,上海市,0,3100
金融研究,中国人民银行,1,经济学,北京市,0,1100
中国工业经济,中国社会科学院,1,经济学,北京市,0,1100
数量经济技术经济研究,中国社会科学院,1,经济学,北京市,0,1100
经济学家,西南财经大学,1,经济学,成都市,0,5101
中国农村经济,中国社会科学院,1,经济学,北京市,0,1100
经济评论,武汉大学,1,经济学,武汉市,0,4201
产业经济研究,南京财经大学,1,经济学,南京市,0,3201
财贸经济,中国社会科学院,1,经济学,北京市,0,1100
国际金融研究,中国银行,0,经济学,北京市,0,1100
农业经济问题,农业部,0,经济学,北京市,0,1100
财经研究,上海财经大学,1,经济学,上海市,0,3100
中国农村观察,中国社会科学院,1,经济学,北京市,0,1100
经济社会体制比较,中央编译局,0,经济学,北京市,0,1100
国际经济评论,中国社会科学院,1,经济学,北京市,0,1100
世界经济研究,上海社会科学院,1,经济学,上海市,0,3100
农业技术经济,农业部,0,经济学,北京市,0,1100
南方经济,广东省社会科学院,1,经济学,广州市,0,4401
审计研究,审计署,0,经济学,北京市,0,1100
国际经贸探索,广东外语外贸大学,1,经济学,广州市,0,4401
世界经济与政治论坛,江苏省社会科学院,1,经济学,南京市,0,3201
商业经济与管理,浙江工商大学,1,经济学,杭州市,0,3301
财贸研究,安徽财经大学,1,经济学,合肥市,0,3401
审计与经济研究,南京审计大学,1,经济学,南京市,0,3201
经济经纬,河南财经政法大学,1,经济学,郑州市,0,4101
上海经济研究,上海社会科学院,1,经济学,上海市,0,3100
国际贸易,中国商务出版社,0,经济学,北京市,0,1100
财经理论与实践,湖南大学,1,经济学,长沙市,0,4301
经济与管理研究,首都经济贸易大学,1,经济学,北京市,0,1100
当代经济研究,吉林财经大学,1,经济学,长春市,0,2201
税务研究,中国税务杂志社,0,经济学,北京市,0,1100
亚太经济,福建社会科学院,1,经济学,福州市,0,3501
经济问题探索,云南省发展和改革委员会,0,经济学,昆明市,0,5301
现代经济探讨,江苏省社会科学院,1,经济学,长春市,0,2201
经济问题,山西省社会科学院,1,经济学,太原市,0,1401
保险研究,中国银行保险监督管理委员会,0,经济学,北京市,0,1100
中南财经政法大学学报,中南财经政法大学,1,经济学,武汉市,0,4201
山西财经大学学报,山西财经大学,1,经济学,太原市,0,1401
现代财经,天津财经大学,1,经济学,天津市,0,1200
河北经贸大学学报,河北经贸大学,1,经济学,石家庄市,0,1301
河北经贸大学学报综合版,河北经贸大学,1,经济学,石家庄市,0,1301
公共管理学报,哈尔滨工业大学,1,管理学,哈尔滨市,0,2301
科研管理,中国科学院,1,管理学,北京市,0,1100
管理科学,哈尔滨工业大学,1,管理学,哈尔滨市,0,2301
外国经济与管理,上海财经大学,1,管理学,上海市,0,3100
中国行政管理,中国行政管理学会,0,管理学,北京市,0,1100
中国科技论坛,科技部,0,管理学,北京市,0,1100
预测,合肥工业大学,1,管理学,合肥市,0,3401
科技进步与对策,湖北省科技信息研究院,0,管理学,武汉市,0,4201
系统工程,湖南省系统工程与管理学会,0,管理学,长沙市,0,4301
社会保障评论,人民大学,0,管理学,北京市,0,1100
统计研究,国家统计局,1,经济学,北京市,0,1100
数理统计与管理,北京工业大学,1,经济学,北京市,0,1100
统计与决策,湖北省统计局,0,经济学,武汉市,0,4201
世界经济,中国社会科学院,1,经济学,北京市,0,1100
经济科学,北京大学,1,经济学,北京市,0,1100
经济理论与经济管理,人民大学,1,经济学,北京市,0,1100
改革,重庆社会科学院,1,经济学,重庆市,0,5000
现代日本经济,吉林大学,1,经济学,长春市,0,2201
经济学动态,中国社会科学院,1,经济学,北京市,0,1100
宏观经济研究,国家发展和改革委员会,0,经济学,北京市,0,1100
中国土地科学,中国土地勘测规划院,0,经济学,北京市,0,1100
财经问题研究,东北财经大学,1,经济学,大连市,0,2102
证券市场导报,深圳证劵交易所,0,经济学,深圳市,0,4403
经济纵横,吉林省社会科学院,1,经济学,长春市,0,2201
农村经济,四川省农业经济学会,0,经济学,成都市,0,5101
上海财经大学学报,上海财经大学,1,经济学,上海市,0,3100
中央财经大学学报,中央财经大学,1,经济学,北京市,0,1100
贵州财经大学学报,贵州财经大学,1,经济学,贵阳市,0,5201
财经论丛,浙江财经大学,1,经济学,杭州市,0,3301
国际商务,对外经济贸易大学,1,经济学,北京市,0,1100
江西财经大学学报,江西财经大学,1,经济学,南昌市,0,3601
广东财经大学学报,广东财经大学,1,经济学,广州市,0,4401
云南财经大学学报,云南财经大学,1,经济学,昆明市,0,5301
科学学研究,中国科学院,1,管理学,北京市,0,1100
科学学与科学技术管理,中国科学院,1,管理学,北京市,0,1100
中国管理科学,中国科学院,1,管理学,北京市,0,1100
管理评论,中国科学院,1,管理学,北京市,0,1100
管理学报,华中科技大学,1,管理学,武汉市,0,4201
软科学,四川省科技促进发展研究中心,0,管理学,成都市,0,5101
系统工程理论与实践,中国系统工程学会,0,管理学,北京市,0,1100
科学管理研究,内蒙古自治区软科学研究会,0,管理学,呼和浩特市,0,1501
系统管理学报,上海交通大学,1,管理学,上海市,0,3100
华东经济管理,安徽经济管理学院,1,管理学,合肥市,0,3401
会计研究,财政部,0,经济学,北京市,0,1100
国际贸易问题,对外经济贸易大学,1,经济学,北京市,0,1100
当代经济科学,西安交通大学,1,经济学,西安市,0,6101
当代财经,江西财经大学,1,经济学,南昌市,0,3601
财经科学,西南财经大学,1,经济学,成都市,0,5101
金融经济学研究,广东金融学院,1,经济学,广州市,0,4401
政治经济学评论,人民大学,1,经济学,北京市,0,1100
中国经济问题,厦门大学,1,经济学,厦门市,0,3502
财政研究,财政部,0,经济学,北京市,0,1100
商业研究,哈尔滨商业大学,1,经济学,哈尔滨市,0,2301
南开管理评论,南开大学,1,管理学,天津市,0,1200
中国软科学,中国软科学研究会,0,管理学,北京市,0,1100
管理科学学报,国家自然科学基金委员会,0,管理学,北京市,0,1100
研究与发展管理,复旦大学,1,管理学,上海市,0,3100
管理工程学报,浙江大学,1,管理学,杭州市,0,3301
经济管理,中国社会科学院,1,管理学,北京市,0,1100
科学决策,中国航天科技集团公司,0,管理学,北京市,0,1100
经济体制改革,四川省社会科学院,1,管理学,成都市,0,5101
统计与信息论坛,西安财经学院,1,经济学,西安市,0,6101
中国社会科学,中国社会科学院,1,综合社会科学,北京市,0,1100
开放时代,广州市社会科学院,1,综合社会科学,广州市,0,4401
社会科学,上海社会科学院,1,综合社会科学,上海市,0,3100
江海学刊,江苏省社会科学院,1,综合社会科学,南京市,0,3201
浙江社会科学,浙江省社会科学界联合会,0,综合社会科学,杭州市,0,3301
天津社会科学,天津社会科学院,1,综合社会科学,天津市,0,1200
广东社会科学,广东省社会科学院,1,综合社会科学,广州市,0,4401
江汉论坛,湖北省社会科学院,1,综合社会科学,武汉市,0,4201
文史哲,山东大学,1,综合社会科学,济南市,0,3701
山东社会科学,山东省社会科学界联合会,0,综合社会科学,济南市,0,3701
干旱区资源与环境,内蒙古农业大学,1,人文经济地理,呼和浩特市,0,1501
自然资源学报,中国自然资源学会,0,人文经济地理,北京市,0,1100
城市发展研究,建设部,0,经济学,北京市,0,1100
地理学报,中国科学院,1,人文经济地理,北京市,0,1100
经济地理,湖南省经济地理研究所,0,人文经济地理,长沙市,0,4301
人文地理,西安外国语大学,1,人文经济地理,西安市,0,6101
青年研究,中国社会科学院,1,社会学,北京市,0,1100
中国青年研究,中国青少年研究中心,0,社会学,北京市,0,1100
中国临床心理学杂志,中国心理卫生协会,0,心理学,北京市,0,1100
中国法学,中国法学会,0,法学,北京市,0,1100
法商研究,中南财经政法大学,1,法学,武汉市,0,4201
清华法学,清华大学,1,法学,北京市,0,1100
法学家,人民大学,1,法学,北京市,0,1100
法制与社会发展,吉林大学,1,法学,长春市,0,2201
当代法学,吉林大学,1,法学,长春市,0,2201
法律科学,西北政法大学,1,法学,西安市,0,6101
政法论坛,中国政法大学,1,法学,北京市,0,1100
法学评论,武汉大学,1,法学,武汉市,0,4201
比较法研究,中国政法大学,1,法学,北京市,0,1100
行政法学研究,中国政法大学,1,法学,北京市,0,1100
政治学研究,中国社会科学院,1,政治学,北京市,0,1100
公共行政评论,广东省行政体制改革研究中心,0,政治学,广州市,0,4401
世界经济与政治,中国社会科学院,1,政治学,北京市,0,1100
外交评论,外交学院,1,政治学,北京市,0,1100
现代国际关系,中国现代国际关系研究院,1,政治学,北京市,0,1100
国际展望,上海国际问题研究院,1,政治学,上海市,0,3100
东南亚研究,暨南大学,1,政治学,广州市,0,4401
江苏行政学院学报,江苏省委党校,1,政治学,南京市,0,3201
上海行政学院学报,上海市委党校,1,政治学,上海市,0,3100
理论探索,山西省委党校,1,政治学,太原市,0,1401
北京行政学院学报,北京市委党校,1,政治学,北京市,0,1100
学术界,安徽省社会科学界联合会,0,综合社会科学,合肥市,0,3401
人民论坛,人民日报社,0,综合社会科学,北京市,1,1100
社会科学辑刊,辽宁社会科学院,1,综合社会科学,沈阳市,0,2101
国外社会科学,中国社会科学院,1,综合社会科学,北京市,0,1100
北京社会科学,北京市社会科学院,1,综合社会科学,北京市,0,1100
东岳论丛,山东社会科学院,1,综合社会科学,济南市,0,3701
河北学刊,河北省社会科学院,1,综合社会科学,石家庄市,0,1301
江西社会科学,江西省社会科学院,1,综合社会科学,南昌市,0,3601
内蒙古社会科学,内蒙古自治区社会科学院,1,综合社会科学,呼和浩特市,0,1501
宁夏社会科学,宁夏社会科学院,1,综合社会科学,银川市,0,6401
浙江大学学报人文社会科学版,浙江大学,1,高校学报,杭州市,0,3301
清华大学学报哲学社会科学版,清华大学,1,高校学报,北京市,0,1100
南京大学学报,南京大学,1,高校学报,南京市,0,3201
吉林大学社会科学学报,吉林大学,1,高校学报,长春市,0,2201
北京师范大学学报社会科学版,北京师范大学,1,高校学报,北京市,0,1100
复旦学报社会科学版,复旦大学,1,高校学报,上海市,0,3100
湖南师范大学社会科学学报,湖南师范大学,1,高校学报,长沙市,0,4301
山东大学学报哲学社会科学版,山东大学,1,高校学报,济南市,0,3701
上海师范大学学报哲学社会科学版,上海师范大学,1,高校学报,上海市,0,3100
湖南大学学报社会科学版,湖南大学,1,高校学报,长沙市,0,4301
南京师大学报社会科学版,南京师范大学,1,高校学报,南京市,0,3201
上海大学学报社会科学版,上海大学,1,高校学报,上海市,0,3100
湘潭大学学报哲学社会科学版,湘潭大学,1,高校学报,湘潭市,0,4303
烟台大学学报哲学社会科学版,烟台大学,1,高校学报,烟台市,0,3706
东北师大学报,东北师范大学,1,高校学报,大连市,0,2102
东北大学学报社会科学版,东北大学,1,高校学报,沈阳市,0,2101
安徽师范大学学报人文社会科学版,安徽师范大学,1,高校学报,合肥市,0,3401
西藏大学学报社会科学版,西藏大学,1,高校学报,拉萨市,0,5401
南通大学学报社会科学版,南通大学,1,高校学报,南通市,0,3206
郑州大学学报哲学社会科学版,郑州大学,1,高校学报,郑州市,0,4101
湖南科技大学学报社会科学版,湖南科技大学,1,高校学报,长沙市,0,4301
南京农业大学学报社会科学版,南京农业大学,1,高校学报,南京市,0,3201
华中农业大学学报社会科学版,华中农业大学,1,高校学报,武汉市,0,4201
北京工商大学学报社会科学版,北京工商大学,1,高校学报,北京市,0,1100
浙江工商大学学报,浙江工商大学,1,高校学报,杭州市,0,3301
重庆大学学报社会科学版,重庆大学,1,高校学报,重庆市,0,5000
华南农业大学学报社会科学版,华南农业大学,1,高校学报,广州市,0,4401
北京理工大学学报社会科学版,北京理工大学,1,高校学报,北京市,0,1100
求索,湖南省社会科学院,1,综合社会科学,长沙市,0,4301
民族研究,中国社会科学院,1,民族与文化学,北京市,0,1100
世界民族,中国社会科学院,1,民族与文化学,北京市,0,1100
广西民族研究,广西壮族自治区民族问题研究中心,0,民族与文化学,南宁市,0,4501
中国藏学,中国藏学研究中心,0,民族与文化学,北京市,0,1100
中央民族大学学报哲学社会科学版,中央民族大学,1,民族与文化学,北京市,0,1100
中南民族大学学报人文社会科学版,中南民族大学,1,民族与文化学,北京市,0,1100
教育研究,中央教育科学研究所,0,教育学,北京市,0,1100
华东师范大学学报教育科学版,华东师范大学,1,教育学,上海市,0,3100
教师教育研究,教育部,0,教育学,北京市,0,1100
比较教育研究,北京师范大学,1,教育学,北京市,0,1100
教育研究与实验,华中师范大学,1,教育学,武汉市,0,4201
湖南师范大学教育科学学报,湖南师范大学,1,教育学,长沙市,0,4301
国家教育行政学院学报,国家教育行政学院,1,教育学,北京市,0,1100
教育科学,辽宁师范大学,1,教育学,大连市,0,2102
清华大学教育研究,清华大学,1,教育学,北京市,0,1100
复旦教育论坛,复旦大学,1,教育学,上海市,0,3100
中国高等教育,中国教育报刊社,0,教育学,北京市,0,1100
江苏高教,江苏教育报刊总社,0,教育学,南京市,0,3201
中国电化教育,中央电化教育馆,0,教育学,北京市,0,1100
学前教育研究,长沙师范学院,1,教育学,长沙市,0,4301
课程,人民教育出版社,0,教育学,北京市,0,1100
成都体育学院学报,成都体育学院,1,体育学,成都市,0,5101
首都体育学院学报,首都体育学院,1,体育学,北京市,0,1100
中国教育学刊,教育部,0,教育学,北京市,0,1100
编辑学报,中国科学技术期刊编辑学会,0,新闻与传播学,北京市,0,1100
出版发行研究,中国新闻出版研究院,0,新闻与传播学,北京市,0,1100
近代史研究,中国社会科学院,1,历史与考古,北京市,0,1100
史学月刊,河南大学,1,历史与考古,开封市,0,4102
史学集刊,吉林大学,1,历史与考古,长春市,0,2201
史学理论研究,中国社会科学院,1,历史与考古,北京市,0,1100
历史档案,中国第一历史档案馆,1,历史与考古,北京市,0,1100
史学史研究,北京师范大学,1,历史与考古,北京市,0,1100
西域研究,新疆社会科学院,1,历史与考古,乌鲁木齐市,0,6501
历史教学,历史教学社,0,历史与考古,北京市,0,1100
历史教学2,历史教学社,0,历史与考古,天津市,0,1200
当代传播,新疆日报,0,新闻与传播学,乌鲁木齐市,0,6501
大学图书馆学报,北京大学,0,图书馆情报与文献学,北京市,0,1100
情报资料工作,人民大学,1,图书馆情报与文献学,北京市,0,1100
数据分析与知识发现,中国科学院,1,图书馆情报与文献学,北京市,0,1100
情报科学,吉林大学,1,图书馆情报与文献学,长春市,0,2201
国家图书馆学刊,国家图书馆,1,图书馆情报与文献学,北京市,0,1100
图书馆论坛,广东省中山图书馆,0,图书馆情报与文献学,广州市,0,4401
自然辩证法研究,中国自然辩证法研究会,0,哲学与宗教,北京市,0,1100
伦理学研究,湖南师范大学,1,哲学与宗教,长沙市,0,4301
科学技术哲学研究,山西大学,1,哲学与宗教,太原市,0,1401
世界宗教研究,中国社会科学院,1,哲学与宗教,北京市,0,1100
宗教学研究,四川大学,1,哲学与宗教,成都市,0,5101
语言研究,华中科技大学,1,语言学,武汉市,0,4201
语言教学与研究,北京语言大学,1,语言学,北京市,0,1100
当代语言学,中国社会科学院,1,语言学,北京市,0,1100
语言文字应用,教育部,0,语言学,北京市,0,1100
外语教学与研究,北京外国语大学,1,语言学,北京市,0,1100
外语教学理论与实践,华东师范大学,1,语言学,上海市,0,3100
外语与外语教学,大连外国语大学,1,语言学,大连市,0,2102
外国文学评论,中国社会科学院,1,文学,北京市,0,1100
外国文学,北京外国语大学,1,文学,北京市,0,1100
当代作家评论,辽宁省作家协会,0,文学,沈阳市,0,2101
中国现代文学研究丛刊,中国现代文学馆,0,文学,北京市,0,1100
新文学史料,人民文学出版社,0,文学,北京市,0,1100
文艺理论与批评,文化部,0,文学,北京市,0,1100
文艺研究,中国艺术研究院,1,艺术学,北京市,0,1100
艺术百家,江苏省文化艺术研究院,0,艺术学,南京市,0,3201
新美术,中国美术学院,0,艺术学,杭州市,0,3301
世界电影,中国电影家协会,0,艺术学,北京市,0,1100
中国电视,中国电视艺术委员会,0,艺术学,北京市,0,1100
中国音乐学,中国艺术研究院,1,艺术学,北京市,0,1100
音乐艺术,上海音乐学院,1,艺术学,上海市,0,3100
中国书法,中国书法家协会,0,艺术学,北京市,0,1100
艺术设计研究,北京服装学院,1,艺术学,北京市,0,1100
档案学研究,中国档案学会,0,图书馆情报与文献学,北京市,0,1100
电影艺术,中国电影家协会,0,艺术学,北京市,0,1100
图书馆学研究,吉林省图书馆,1,图书馆情报与文献学,长春市,0,2201
现代情报,吉林省科技信息研究所,0,图书馆情报与文献学,长春市,0,2201
学术月刊,上海市社会科学界联合会,0,综合社会科学,上海市,0,3100
探索与争鸣,上海市社会科学界联合会,0,综合社会科学,上海市,0,3100
学海,江苏省社会科学院,1,综合社会科学,南京市,0,3201
江苏社会科学,江苏社会科学杂志社,0,综合社会科学,南京市,0,3201
人文杂志,陕西省社会科学院,1,综合社会科学,西安市,0,6101
社会科学战线,吉林省社会科学院,1,综合社会科学,长春市,0,2201
学习与实践,武汉市社会科学院,1,综合社会科学,武汉市,0,4201
中国人口·资源与环境,中国可持续发展研究会,0,人文经济地理,北京市,0,1100
地理研究,中国科学院,1,人文经济地理,北京市,0,1100
地理科学进展,中国科学院,1,人文经济地理,北京市,0,1100
城市规划,中国城市规划学会,0,人文经济地理,北京市,0,1100
社会,上海大学,1,社会学,上海市,0,3100
中国人口科学,中国社会科学院,1,社会学,北京市,0,1100
人口与经济,首都经济贸易大学,1,社会学,北京市,0,1100
妇女研究论丛,全国妇联妇女研究所,0,社会学,北京市,0,1100
心理科学进展,中国科学院,1,心理学,北京市,0,1100
心理科学,中国心理学会,0,心理学,北京市,0,1100
中外法学,北京大学,1,法学,北京市,0,1100
法学,华东政法大学,1,法学,上海市,0,3100
现代法学,西南政法大学,1,法学,成都市,0,5101
法学论坛,山东省法学会,0,法学,济南市,0,3701
华东政法大学学报,华东政法大学,1,法学,上海市,0,3100
中国刑事法杂志,最高人民检察院,0,法学,北京市,0,1100
政法论丛,山东政法学院,1,法学,济南市,0,3701
东方法学,上海市法学会,0,法学,上海市,0,3100
行政论坛,黑龙江省委党校,1,政治学,哈尔滨市,0,2301
东北亚论坛,吉林大学,1,政治学,长春市,0,2201
国际政治研究,北京大学,1,政治学,北京市,0,1100
欧洲,中国社会科学院,1,政治学,北京市,0,1100
太平洋学报,中国太平洋学会,0,政治学,北京市,0,1100
南亚研究季刊,四川大学,1,政治学,成都市,0,5101
俄罗斯研究,华东师范大学,1,政治学,上海市,0,3100
南洋问题研究,厦门大学,1,政治学,厦门市,0,3502
南亚研究,中国社会科学院,1,政治学,北京市,0,1100
国家行政学院学报,国家行政学院,1,政治学,北京市,0,1100
中共中央党校学报,中央党校,1,政治学,北京市,0,1100
理论探讨,黑龙江省委党校,1,政治学,哈尔滨市,0,2301
湖湘论坛,湖南省委党校,1,政治学,长沙市,0,4301
中国高校社会科学,教育部,0,综合社会科学,北京市,0,1100
读书,三联书店有限公司,0,综合社会科学,上海市,0,3100
东南学术,福建省社会科学界联合会,0,综合社会科学,福州市,0,3501
福建论坛人文社会科学版,福建社会科学院,1,综合社会科学,福州市,0,3501
云南社会科学,云南省社会科学院,1,综合社会科学,昆明市,0,5301
东疆学刊,延边大学,1,综合社会科学,延边朝鲜族自治州,0,2224
甘肃社会科学,甘肃省社会科学院,1,综合社会科学,兰州市,0,6201
河南社会科学,河南省社会科学界联合会,0,综合社会科学,郑州市,0,4101
中国人民大学学报,人民大学,1,高校学报,北京市,0,1100
华中师范大学学报人文社会科学版,华中师范大学,1,高校学报,武汉市,0,4201
新疆师范大学学报哲学社会科学版,新疆师范大学,1,高校学报,乌鲁木齐市,0,6501
北京大学学报哲学社会科学版,北京大学,1,高校学报,北京市,0,1100
厦门大学学报哲学社会科学版,厦门大学,1,高校学报,厦门市,0,3502
河南大学学报社会科学版,河南大学,1,高校学报,郑州市,0,4101
南开学报,南开大学,1,高校学报,天津市,0,1200
西安交通大学学报社会科学版,西安交通大学,1,高校学报,西安市,0,6101
西北师大学报社会科学版,西北师范大学,1,高校学报,兰州市,0,6201
四川大学学报哲学社会科学版,四川大学,1,高校学报,成都市,0,5101
华东师范大学学报哲学社会科学版,华东师范大学,1,高校学报,上海市,0,3100
求是学刊,黑龙江大学,1,高校学报,哈尔滨市,0,2301
兰州大学学报,兰州大学,1,高校学报,兰州市,0,6201
中南大学学报社会科学版,中南大学,1,高校学报,长沙市,0,4301
山西大学学报哲学社会科学版,山西大学,1,高校学报,太原市,0,1401
四川师范大学学报社会科学版,四川师范大学,1,高校学报,成都市,0,5101
安徽大学学报,安徽大学,1,高校学报,合肥市,0,3401
首都师范大学学报社会科学版,首都师范大学,1,高校学报,北京市,0,1100
福建师范大学学报哲学社会科学版,福建师范大学,1,高校学报,福州市,0,3501
新疆大学学报哲学人文社会科学版,新疆大学,1,高校学报,乌鲁木齐市,0,6501
河海大学学报哲学社会科学版,河海大学,1,高校学报,南京市,0,3201
江西师范大学学报,江西师范大学,1,高校学报,南昌市,0,3601
河南师范大学学报哲学社会科学版,河南师范大学,1,高校学报,新乡市,0,4107
中国农业大学学报社会科学版,中国农业大学,1,高校学报,北京市,0,1100
中国地质大学学报社会科学版,中国地质大学,1,高校学报,北京市,0,1100
西北农林科技大学学报社会科学版,西北农林科技大学,1,高校学报,西安市,0,6101
华中科技大学学报社会科学版,华中科技大学,1,高校学报,北京市,0,1100
大连理工大学学报社会科学版,大连理工大学,1,高校学报,大连市,0,2102
贵州民族研究,贵州省民族研究所,0,民族与文化学,贵阳市,0,5201
云南民族大学学报哲学社会科学版,云南民族大学,1,民族与文化学,昆明市,0,5301
广西民族大学学报哲学社会科学版,广西民族大学,1,民族与文化学,南宁市,0,4501
教育发展研究,上海市教育科学研究院,0,教育学,上海市,0,3100
北京大学教育评论,北京大学,1,教育学,北京市,0,1100
教育与经济,华中师范大学,1,教育学,武汉市,0,4201
高等教育研究,华中科技大学,1,教育学,武汉市,0,4201
高等工程教育研究,华中科技大学,1,教育学,武汉市,0,4201
现代大学教育,中南大学,1,教育学,长沙市,0,4301
高校教育管理,江苏省教育厅,0,教育学,南京市,0,3201
高教探索,广东省高教育学会,0,教育学,广州市,0,4401
上海体育学院学报,上海体育学院,1,体育学,上海市,0,3100
天津体育学院学报,天津体育学院,1,体育学,天津市,0,1200
西安体育学院学报,西安体育学院,1,体育学,西安市,0,6101
体育学刊,华南师范大学,1,体育学,广州市,0,4401
体育与科学,江苏省体育科学研究所,0,体育学,南京市,0,3201
武汉体育学院学报,武汉体育学院,1,体育学,武汉市,0,4201
中国体育科技,国家体育总局,0,体育学,北京市,0,1100
远程教育杂志,浙江广播电视大学,0,教育学,杭州市,0,3301
电化教育研究,西北师范大学,1,教育学,兰州市,0,6201
开放教育研究,上海开放大学,1,教育学,上海市,0,3100
中国科技期刊研究,中国科学院,1,新闻与传播学,北京市,0,1100
国际新闻界,人民大学,1,新闻与传播学,北京市,0,1100
编辑之友,山西出版传媒集团有限责任公司,0,新闻与传播学,太原市,0,1401
中国社会经济史研究,厦门大学,1,经济学,厦门市,0,3502
文史,中华书局,0,历史与考古,北京市,0,1100
史林,上海社会科学院,1,历史与考古,上海市,0,3100
抗日战争研究,中国社会科学院,1,历史与考古,北京市,0,1100
中国历史地理论丛,陕西师范大学,1,历史与考古,西安市,0,6101
中华文史论丛,上海世纪出版股份有限公司,0,历史与考古,上海市,0,3100
华侨华人历史研究,中国华侨华人历史研究所,0,历史与考古,北京市,0,1100
中国农史,南京农业大学,1,历史与考古,北京市,0,1100
东南文化,南京博物院,1,历史与考古,南京市,0,3201
文物,文物出版社,0,历史与考古,北京市,0,1100
考古学报,中国社会科学院,0,历史与考古,北京市,0,1100
考古与文物,陕西省考古研究院,1,历史与考古,西安市,0,6101
江汉考古,湖北省文物考古研究所,0,历史与考古,武汉市,0,4201
故宫博物院院刊,故宫博物院,1,历史与考古,北京市,0,1100
敦煌学辑刊,兰州大学,1,历史与考古,兰州市,0,6201
考古,中国社会科学院,1,历史与考古,北京市,0,1100
现代传播,中国传媒大学,1,新闻与传播学,北京市,0,1100
出版科学,武汉大学,1,新闻与传播学,武汉市,0,4201
现代出版,中国传媒大学,0,新闻与传播学,北京市,0,1100
中国出版,新闻出版报社,0,新闻与传播学,北京市,0,1100
情报学报,中国科学技术情报学会,0,图书馆情报与文献学,北京市,0,1100
图书情报知识,武汉大学,1,图书馆情报与文献学,武汉市,0,4201
图书与情报,甘肃省图书馆,1,图书馆情报与文献学,兰州市,0,6201
情报杂志,陕西省科学技术信息研究所,0,图书馆情报与文献学,西安市,0,6101
图书馆杂志,上海图书馆,1,图书馆情报与文献学,上海市,0,3100
图书馆建设,黑龙江省图书馆,1,图书馆情报与文献学,哈尔滨市,0,2301
自然辩证法通讯,中国科学院,1,哲学与宗教,北京市,0,1100
道德与文明,天津社会科学院,1,哲学与宗教,天津市,0,1200
中国哲学史,中国社会科学院,1,哲学与宗教,北京市,0,1100
现代哲学,中山大学,1,哲学与宗教,广州市,0,4401
逻辑学研究,中山大学,1,哲学与宗教,广州市,0,4401
周易研究,山东大学,1,哲学与宗教,济南市,0,3701
世界宗教文化,中国社会科学院,1,哲学与宗教,北京市,0,1100
汉语学报,华中师范大学,1,语言学,武汉市,0,4201
中国语文,中国社会科学院,1,语言学,北京市,0,1100
古汉语研究,湖南师范大学,1,语言学,长沙市,0,4301
世界汉语教学,北京语言大学,1,语言学,北京市,0,1100
语文研究,山西省社会科学院,1,语言学,太原市,0,1401
语言科学,江苏师范大学,1,语言学,徐州市,0,3203
当代修辞学,复旦大学,1,语言学,上海市,0,3100
方言,中国社会科学院,1,语言学,北京市,0,1100
民族语文,中国社会科学院,1,语言学,北京市,0,1100
外语界,上海外国语大学,1,语言学,上海市,0,3100
现代外语,广东外语外贸大学,1,语言学,广州市,0,4401
外语电化教学,上海外国语大学,1,语言学,上海市,0,3100
外语教学,西安外国语大学,1,语言学,西安市,0,6101
外国文学研究,华中师范大学,1,文学,武汉市,0,4201
俄罗斯文艺,北京师范大学,1,文学,北京市,0,1100
文艺理论研究,华东师范大学,1,文学,武汉市,0,4201
扬子江评论,江苏省作家协会,0,文学,南京市,0,3201
文化遗产,中山大学,1,民族与文化学,广州市,0,4401
明清小说研究,江苏省社会科学院,1,文学,南京市,0,3201
鲁迅研究月刊,鲁迅博物馆,1,文学,北京市,0,1100
民族文学研究,中国社会科学院,1,文学,北京市,0,1100
小说评论,陕西省作家协会,0,文学,西安市,0,6101
民族艺术,广西民族文化艺术研究院,0,艺术学,南宁市,0,4501
文艺争鸣,吉林省文学艺术界联合会,0,文学,长春市,0,2201
美术研究,中央美术学院,1,艺术学,北京市,0,1100
南京艺术学院学报,南京艺术学院,1,艺术学,南京市,0,3201
南京艺术学院学报2,南京艺术学院,1,艺术学,南京市,0,3201
戏剧艺术,上海戏剧学院,1,艺术学,上海市,0,3100
戏曲艺术,中国戏曲学院,1,艺术学,北京市,0,1100
音乐研究,人民音乐出版社,0,艺术学,北京市,0,1100
中央音乐学院学报,中央音乐学院,1,艺术学,北京市,0,1100
北京舞蹈学院学报,北京舞蹈学院,1,艺术学,北京市,0,1100
建筑学报,中国建筑学会,0,艺术学,北京市,0,1100
南京社会科学,南京市社会科学院,0,综合社会科学,南京市,0,3201
社会科学研究,四川省社会科学院,1,综合社会科学,成都市,0,5101
思想战线,云南大学,1,综合社会科学,昆明市,0,5301
学习与探索,黑龙江省社会科学院,1,综合社会科学,哈尔滨市,0,2301
学术研究,广东省社会科学界联合会,0,综合社会科学,广州市,0,4401
中州学刊,河南省社会科学院,1,综合社会科学,郑州市,0,4101
长江流域资源与环境,中国科学院,1,人文经济地理,北京市,0,1100
资源科学,中国科学院,1,人文经济地理,北京市,0,1100
城市问题,北京市社会科学院,1,经济学,北京市,0,1100
地理科学,中国科学院,1,人文经济地理,北京市,0,1100
旅游学刊,北京联合大学,1,人文经济地理,北京市,0,1100
城市规划学刊,同济大学,1,人文经济地理,上海市,0,3100
旅游科学,上海师范大学,1,人文经济地理,上海市,0,3100
社会学研究,中国社会科学院,1,社会学,北京市,0,1100
人口研究,人民大学,1,社会学,北京市,0,1100
人口学刊,吉林大学,1,社会学,长春市,0,2201
人口与发展,北京大学,1,社会学,北京市,0,1100
心理学报,中国科学院,1,心理学,北京市,0,1100
心理发展与教育,北京师范大学,1,心理学,北京市,0,1100
心理学探新,江西师范大学,1,心理学,南昌市,0,3601
心理与行为研究,天津师范大学,1,心理学,天津市,0,1200
法学研究,中国社会科学院,1,法学,北京市,0,1100
政治与法律,上海社会科学院,1,法学,上海市,0,3100
环球法律评论,中国社会科学院,1,法学,北京市,0,1100
法学杂志,北京市法学会,0,法学,北京市,0,1100
当代亚太,中国社会科学院,1,政治学,北京市,0,1100
国际问题研究,中国国际问题研究所,0,政治学,北京市,0,1100
国际观察,上海外国语大学,1,政治学,上海市,0,3100
美国研究,中国社会科学院,1,政治学,北京市,0,1100
日本学刊,中国社会科学院,1,政治学,北京市,0,1100
德国研究,同济大学,1,政治学,上海市,0,3100
国际论坛,北京外国语大学,1,政治学,北京市,0,1100
台湾研究集刊,厦门大学,1,政治学,厦门市,0,3502
探索,重庆市委党校,1,政治学,重庆市,0,5000
理论学刊,山东省委党校,1,政治学,济南市,0,3701
浙江学刊,浙江省社会科学院,1,综合社会科学,杭州市,0,3301
贵州社会科学,贵州省社会科学院,1,综合社会科学,贵阳市,0,5201
江淮论坛,安徽省社会科学院,1,综合社会科学,合肥市,0,3401
天府新论,四川省社会科学界联合会,0,综合社会科学,成都市,0,5101
新疆社会科学,新疆社会科学院,1,综合社会科学,乌鲁木齐市,0,6501
青海社会科学,青海省社会科学院,1,综合社会科学,西宁市,0,6301
中山大学学报社会科学版,中山大学,1,高校学报,广州市,0,4401
武汉大学学报哲学社会科学版,武汉大学,1,高校学报,武汉市,0,4201
西南大学学报社会科学版,西南大学,1,高校学报,重庆市,0,5000
云南师范大学学报哲学社会科学版,云南师范大学,1,高校学报,昆明市,0,5301
苏州大学学报,苏州大学,1,高校学报,苏州市,0,3205
上海交通大学学报哲学社会科学版,上海交通大学,1,高校学报,上海市,0,3100
暨南学报哲学社会科学版,暨南大学,1,高校学报,广州市,0,4401
东南大学学报哲学社会科学版,东南大学,1,高校学报,南京市,0,3201
华南师范大学学报社会科学版,华南师范大学,1,高校学报,广州市,0,4401
湖北大学学报哲学社会科学版,湖北大学,1,高校学报,武汉市,0,4201
海南大学学报人文社会科学版,海南大学,1,高校学报,海口市,0,4601
吉首大学学报社会科学版,吉首大学,1,高校学报,湘西土家族苗族自治州,0,4331
齐鲁学刊,曲阜师范大学,1,综合社会科学,曲阜市,0,3708
民俗研究,山东大学,1,民族与文化学,济南市,0,3701
西北民族研究,西北民族大学,1,民族与文化学,兰州市,0,6201
青海民族研究,青海民族大学,1,民族与文化学,西宁市,0,6301
西南民族大学学报,西南民族大学,1,民族与文化学,成都市,0,5101
教育学报,北京师范大学,1,教育学,北京市,0,1100
全球教育展望,华东师范大学,1,教育学,上海市,0,3100
外国教育研究,东北师范大学,1,教育学,长春市,0,2201
中国高教研究,教育部,0,教育学,北京市,0,1100
学位与研究生教育,国务院学位委员会,0,教育学,北京市,0,1100
研究生教育研究,中国科学技术大学,1,教育学,合肥市,0,3401
体育科学,国家体育总局,0,体育学,北京市,0,1100
中国特殊教育,中央教育科学研究所,0,教育学,北京市,0,1100
中国远程教育,国家开放大学,0,教育学,北京市,0,1100
现代远程教育研究,四川广播电视大学,0,教育学,成都市,0,5101
北京体育大学学报,北京体育大学,1,体育学,北京市,0,1100
现代教育技术,清华大学,1,教育学,北京市,0,1100
新闻与传播研究,中国社会科学院,1,新闻与传播学,北京市,0,1100
新闻大学,复旦大学,1,新闻与传播学,上海市,0,3100
新闻记者,上海社会科学院,0,新闻与传播学,上海市,0,3100
历史研究,中国社会科学院,1,历史与考古,北京市,0,1100
中国边疆史地研究,中国社会科学院,1,历史与考古,北京市,0,1100
中国史研究,中国社会科学院,1,历史与考古,北京市,0,1100
中国经济史研究,中国社会科学院,1,历史与考古,北京市,0,1100
清史研究,人民大学,1,历史与考古,北京市,0,1100
当代中国史研究,中国社会科学院,1,历史与考古,北京市,0,1100
安徽史学,安徽省社会科学院,1,历史与考古,合肥市,0,3401
古代文明,东北师范大学,1,历史与考古,长春市,0,2201
世界历史,中国社会科学院,1,历史与考古,北京市,0,1100
科技与出版,清华大学,1,新闻与传播学,北京市,0,1100
新闻界,四川日报报业集团,0,新闻与传播学,成都市,0,5101
中国图书馆学报,国家图书馆,1,图书馆情报与文献学,北京市,0,1100
图书情报工作,中国科学院,1,图书馆情报与文献学,北京市,0,1100
情报理论与实践,中国国防科学技术信息学会,0,图书馆情报与文献学,北京市,0,1100
哲学研究,中国社会科学院,1,哲学与宗教,北京市,0,1100
世界哲学,中国社会科学院,1,哲学与宗教,北京市,0,1100
哲学动态,中国社会科学院,1,哲学与宗教,北京市,0,1100
孔子研究,中国孔子基金会,0,哲学与宗教,济南市,0,3701
外国语上海外国语大学学报,上海外国语大学,1,语言学,上海市,0,3100
中国外语,高教育出版社,0,语言学,北京市,0,1100
中国翻译,中国外文局,0,语言学,北京市,0,1100
外语研究,中国人民解放军国际关系学院,0,语言学,南京市,0,3201
当代外国文学,南京大学,1,文学,南京市,0,3201
国外文学,北京大学,1,文学,北京市,0,1100
文学评论,中国社会科学院,1,文学,北京市,0,1100
中国比较文学,上海外国语大学,1,文学,上海市,0,3100
中国文学研究,湖南师范大学,1,文学,长沙市,0,4301
南方文坛,广西文联,0,文学,南宁市,0,4501
北京电影学院学报,北京电影学院,1,艺术学,北京市,0,1100
当代电影,中国传媒大学,1,艺术学,北京市,0,1100
美术,中国美术家协会,0,艺术学,北京市,0,1100
档案学通讯,人民大学,1,图书馆情报与文献学,北京市,0,1100
图书馆,湖南图书馆,1,图书馆情报与文献学,长沙市,0,4301
北京联合大学学报,北京联合大学,1,高校学报,北京市,0,1100
文学遗产,中国社会科学院,1,文学,北京市,0,1100
科技管理研究,广东省科学学与科技管理研究会,0,管理学,广州市,1,4401
企业经济,江西省社会科学院,0,管理学,南昌市,1,3601
南京师范大学文学院学报,南京师范大学,0,文学,南京市,1,3201
天津音乐学院学报,天津音乐学院,0,艺术学,天津市,1,1200
文化艺术研究,浙江省文化艺术研究院,0,艺术学,杭州市,1,3301
戏剧,中央戏剧学院,0,艺术学,北京市,1,1100
星海音乐学院学报,星海音乐学院,0,艺术学,广州市,1,4401
艺术工作,鲁迅美术学院,0,艺术学,沈阳市,1,2101
中国音乐,中国音乐学院,0,艺术学,北京市,1,1100
古籍整理研究学刊,东北师范大学,0,历史与考古,长春市,1,2201
文献,国家图书馆,0,历史与考古,北京市,1,1100
中国国家博物馆馆刊,中国国家博物馆,0,历史与考古,北京市,1,1100
经济与管理,河北经贸大学,0,经济学,石家庄市,1,1301
南京审计大学学报,南京审计大学,0,经济学,南京市,1,3201
上海对外经贸大学学报,上海对外经贸大学,0,经济学,上海市,1,3100
首都经济贸易大学学报,首都经济贸易大学,0,经济学,北京市,1,1100
西安财经学院学报,西安财经学院,0,经济学,西安市,1,6101
上海金融,上海市金融学会,0,经济学,上海市,1,3100
上海经济,上海社会科学院,0,经济学,上海市,1,3100
投资研究,建设银行股份有限公司,0,经济学,北京市,1,1100
西部论坛,重庆工商大学,0,经济学,重庆市,1,5000
和平与发展,和平与发展研究中心,0,政治学,北京市,1,1100
中共浙江省委党校学报,浙江省委党校,0,政治学,杭州市,1,3301
中国流通经济,北京物资学院,0,经济学,北京市,1,1100
新金融,交通银行,0,经济学,上海市,1,3100
民族学刊,西南民族大学,0,民族与文化学,成都市,1,5101
电视研究,中国中央电视台,0,新闻与传播学,北京市,1,1100
中国海洋大学学报社会科学版,中国海洋大学,0,高校学报,青岛市,1,3702
延边大学学报社会科学版,延边大学,0,高校学报,延边朝鲜族自治州,1,2224
西南交通大学学报社会科学版,西南交通大学,0,高校学报,成都市,1,5101
西北大学学报哲学社会科学版,西北大学,0,高校学报,西安市,1,6101
同济大学学报社会科学版,同济大学,0,高校学报,上海市,1,3100
天津师范大学学报社会科学版,天津师范大学,0,高校学报,天津市,1,1200
四川理工学院学报社会科学版,四川理工学院,0,高校学报,自贡市,1,5103
深圳大学学报人文社会科学版,深圳大学,0,高校学报,深圳市,1,4403
湖南社会科学,湖南省社会科学界联合会,0,综合社会科学,长沙市,1,4301
兰州学刊,兰州市社会科学院,0,综合社会科学,兰州市,1,6201
现代城市研究,南京城市科学研究会,0,人文经济地理,南京市,1,3201
现代教育管理,辽宁教育研究院,0,教育学,沈阳市,1,2101
现代远距离教育,黑龙江广播电视大学,0,教育学,哈尔滨市,1,2301
教育学术月刊,江西省教育科学研究所,0,教育学,南昌市,1,3601
求实,江西省委党校,0,政治学,南昌市,1,3601
当代经济管理,河北地质大学,0,管理学,石家庄市,1,1301
管理案例研究与评论,大连理工大学,0,管理学,大连市,1,2102
管理学刊,中国社会主义经济规律研究会,0,管理学,北京市,1,1100
行政管理改革,国家行政学院,0,管理学,北京市,1,1100
宏观质量研究,武汉大学,0,管理学,武汉市,1,4201
科学与社会,中国科学院,0,管理学,北京市,1,1100
社会保障研究,武汉大学,0,管理学,武汉市,1,4201
运筹与管理,中国运筹学会,0,管理学,北京市,1,1100
中国科学基金,国家自然科学基金委员会,0,管理学,北京市,1,1100
佛学研究,中国佛教文化研究所,0,哲学与宗教,北京市,1,1100
科学与无神论,中国无神论学会,0,哲学与宗教,北京市,1,1100
中国穆斯林,中国伊斯兰教协会,0,哲学与宗教,北京市,1,1100
汉语学习,延边大学,0,语言学,延边朝鲜族自治州,1,2224
华文教学与研究,暨南大学,0,语言学,广州市,1,4401
解放军外国语学院学报,解放军外国语学院,0,语言学,洛阳市,1,4103
上海翻译,上海市科技翻译学会,0,语言学,上海市,1,3100
西安外国语大学学报,西安外国语大学,0,语言学,西安市,1,6101
中国俄语教学,北京外国语大学,0,语言学,北京市,1,1100
当代文坛,四川省作家协会,0,文学,成都市,1,5101
现代中文学刊,华东师范大学,0,文学,上海市,1,3100
当代电视,中国电视艺术家协会,0,艺术学,北京市,1,1100
美术观察,中国艺术研究院,0,艺术学,北京市,1,1100
艺术评论,中国艺术研究院,0,艺术学,北京市,1,1100
装饰,清华大学,0,艺术学,北京市,1,1100
当代世界,中央对外联络部,0,政治学,北京市,1,1100
国际安全研究,国际关系学院,0,政治学,北京市,1,1100
理论与改革,中央四川省委党校,0,政治学,成都市,1,5101
中国青年社会科学,中国青年政治学院,0,社会学,北京市,1,1100
回族研究,宁夏社会科学院,0,民族与文化学,银川市,1,6401
西亚非洲,中国社会科学院,0,政治学,北京市,1,1100
税务与经济,吉林财经大学,0,经济学,长春市,1,2201
台湾研究,中国社会科学院,0,政治学,北京市,1,1100
新视野,北京市委党校,0,政治学,北京市,1,1100
政治思想史,天津师范大学,0,政治学,天津市,1,1200
甘肃政法学院学报,甘肃政法学院,0,法学,兰州市,1,6201
河北法学,河北政法职业学院,0,法学,石家庄市,1,1301
交大法学,上海交通大学,0,法学,上海市,1,3100
西南政法大学学报,西南政法大学,0,法学,重庆市,1,5000
中国政法大学学报,中国政法大学,0,法学,北京市,1,1100
知识产权,中国知识产权研究会,0,法学,北京市,1,1100
国家检察官学院学报,国家检察官学院,0,法学,北京市,1,1100
编辑学刊,上海文艺出版集团,0,新闻与传播学,上海市,1,3100
出版广角,广西出版杂志社,0,新闻与传播学,南宁市,1,4501
高校图书馆工作,湖南省高学校图书情报工作委员会,0,图书馆情报与文献学,长沙市,1,4301
数字图书馆论坛,中国科学技术信息研究所,0,图书馆情报与文献学,北京市,1,1100
西北民族大学学报哲学社会科学版,西北民族大学,0,民族与文化学,兰州市,1,6201
西藏民族大学学报哲学社会科学版,西藏民族大学,0,民族与文化学,拉萨市,1,5401
原生态民族文化学刊,凯里学院,0,民族与文化学,黔东南苗族侗族自治州,1,5226
哈尔滨商业大学学报社会科学版,哈尔滨商业大学,0,高校学报,哈尔滨市,1,2301
湖南农业大学学报社会科学版,湖南农业大学,0,高校学报,长沙市,1,4301
华东理工大学学报社会科学版,华东理工大学,0,高校学报,上海市,1,3100
辽宁大学学报哲学社会科学版,辽宁大学,0,高校学报,沈阳市,1,2101
陕西师范大学学报哲学社会科学版,陕西师范大学,0,高校学报,西安市,1,6101
学术论坛,广西社会科学院,0,综合社会科学,南宁市,1,4501
广西社会科学,广西壮族自治区社会科学界联合会,0,综合社会科学,南宁市,1,4501
理论月刊,湖北省社会科学界联合会,0,综合社会科学,武汉市,1,4201
资源开发与市场,四川省自然资源科学研究院,0,环境科学,成都市,1,5101
中国环境科学,中国环境科学学会,0,环境科学,北京市,1,1100
世界地理研究,中国地理学会,0,人文经济地理,北京市,1,1100
国际城市规划,中国城市规划设计研究院,0,人文经济地理,北京市,1,1100
中国心理卫生杂志,中国心理卫生协会,0,心理学,北京市,1,1100
沈阳体育学院学报,沈阳体育学院,0,体育学,沈阳市,1,2101
山东体育学院学报,山东体育学院,0,体育学,济南市,1,3701
中国高校科技,教育部,0,教育学,北京市,1,1100
图书馆工作与研究,天津图书馆,0,图书馆情报与文献学,天津市,1,1200
高教发展与评估,武汉理工大学,0,教育学,武汉市,1,4201
新闻与写作,北京日报报业集团,0,新闻与传播学,北京市,1,1100
新世纪图书馆,南京图书馆,0,图书馆情报与文献学,南京市,1,3201
大学教育科学,湖南大学,0,教育学,长沙市,1,4301
中国大学教学,高教育出版社,0,教育学,北京市,1,1100
教育理论与实践,山西省教育科学研究院,0,教育学,太原市,1,1401
数学教育学报,天津师范大学,0,教育学,天津市,1,1200
调研世界,中国统计学会,0,经济学,北京市,1,1100
环境保护,中国环境科学出版社,0,环境科学,北京市,1,1100
工业工程与管理,上海交通大学,0,管理学,上海市,1,3100
管理现代化,中国管理现代化研究会,0,管理学,北京市,1,1100
宏观经济管理,国家发展与改革委员会,0,管理学,北京市,1,1100
系统科学学报,太原理工大学,0,哲学与宗教,太原市,1,1401
哲学分析,上海社会科学院,0,哲学与宗教,上海市,1,3100
自然科学史研究,中国科学院,0,哲学与宗教,北京市,1,1100
五台山研究,五台山风景名胜区政府,0,哲学与宗教,忻州市,1,1409
中国宗教,国家宗教事务局,0,哲学与宗教,北京市,1,1100
日语学习与研究,对外经济贸易大学,0,语言学,北京市,1,1100
外语学刊,黑龙江大学,0,语言学,哈尔滨市,1,2301
语言与翻译,语言与翻译杂志社,0,语言学,呼和浩特市,1,1501
外国文学动态,中国社会科学院,0,文学,北京市,1,1100
红楼梦学刊,中国艺术研究院,0,文学,北京市,1,1100
上海文化,上海市作家协会,0,文学,上海市,1,3100
海交史研究,中国海外交通史研究会,0,历史与考古,泉州市,1,3505
军事历史研究,南京政治学院,0,历史与考古,南京市,1,3201
历史教学问题,华东师范大学,0,历史与考古,上海市,1,3100
民国档案,中国第二历史档案馆,0,历史与考古,北京市,1,1100
盐业史研究,自贡市盐业历史博物馆,0,历史与考古,自贡市,1,5103
中国史研究动态,中国社会科学院,0,历史与考古,北京市,1,1100
敦煌研究,敦煌研究院,0,历史与考古,酒泉市,1,6209
华夏考古,河南省文物考古研究所,0,历史与考古,郑州市,1,4101
南方文物,江西省文物考古研究所,0,历史与考古,南昌市,1,3601
四川文物,四川省文物局,0,历史与考古,成都市,1,5101
产经评论,暨南大学,0,经济学,广州市,1,4401
工业技术经济,创新方法研究会,0,经济学,北京市,1,1100
国际商务研究,上海对外经贸大学,0,经济学,上海市,1,3100
会计与经济研究,上海立信会计金融学院,0,经济学,上海市,1,3100
技术经济,中国技术经济学会,0,经济学,北京市,1,1100
价格理论与实践,中国价格协会,0,经济学,北京市,1,1100
经济与管理评论,山东财经大学,0,经济学,济南市,1,3701
劳动经济研究,中国社会科学院,0,经济学,北京市,1,1100
阿拉伯世界,上海外国语大学,0,政治学,上海市,1,3100
电子政务,中国科学院,0,政治学,北京市,1,1100
东欧中亚研究,中国社会科学院,0,政治学,北京市,1,1100
甘肃行政学院学报,甘肃行政学院,0,政治学,兰州市,1,6201
北方法学,黑龙江大学,0,法学,哈尔滨市,1,2301
民族教育研究,中央民族大学,0,民族与文化学,北京市,1,1100
残疾人研究,中国残疾人联合会,0,社会学,北京市,1,1100
黑龙江民族丛刊,黑龙江省民族研究所,0,民族与文化学,哈尔滨市,1,2301
当代青年研究,上海社会科学院,0,社会学,上海市,1,3100
南方人口,中山大学,0,社会学,广州市,1,4401
社会学评论,人民大学,0,社会学,北京市,1,1100
西北人口,甘肃省人口和计划生育委员会,0,社会学,兰州市,1,6201
湖北民族学院学报哲学社会科学版,湖北民族学院,0,民族与文化学,恩施土家族苗族自治州,1,4228
北方民族大学学报,北方民族大学,0,民族与文化学,银川市,1,6401
电子知识产权,工业和信息化部电子科学技术情报研究所,0,法学,北京市,1,1100
法律适用,国家法官学院,0,法学,北京市,1,1100
中国图书评论,中国图书评论学会,0,综合社会科学,北京市,1,1100
北京工业大学学报社会科学版,北京工业大学,0,高校学报,北京市,1,1100
广西大学学报哲学社会科学版,广西大学,0,高校学报,南宁市,1,4501
哈尔滨工业大学学报社会科学版,哈尔滨工业大学,0,高校学报,哈尔滨市,1,2301
杭州师范大学学报社会科学版,杭州师范大学,0,高校学报,杭州市,1,3301
华侨大学学报哲学社会科学版,华侨大学,0,高校学报,泉州市,1,3505
江苏大学学报社会科学版,江苏大学,0,高校学报,南京市,1,3201
南京工业大学学报社会科学版,南京工业大学,0,高校学报,南京市,1,3201
山东师范大学学报人文社会科学版,山东师范大学,0,高校学报,济南市,1,3701
中国社会科学院研究生院学报,中国社会科学院,0,综合社会科学,北京市,1,1100
文化纵横,中国西部研究与发展促进会,0,综合社会科学,北京市,1,1100
晋阳学刊,山西省社会科学院,0,综合社会科学,太原市,1,1401
东吴学术,常熟理工学院,0,综合社会科学,常熟市,1,3205
重庆社会科学,重庆社会科学院,0,综合社会科学,重庆市,1,5000
湖北社会科学,湖北省社会科学院,0,综合社会科学,武汉市,1,4201
社会科学家,桂林市社会科学界联合会,0,综合社会科学,桂林市,1,4503
学术交流,黑龙江省社会科学界联合会,0,综合社会科学,哈尔滨市,1,2301
地域研究与开发,河南省科学院,0,人文经济地理,郑州市,1,4101
应用心理学,浙江大学,0,心理学,杭州市,1,3301
体育文化导刊,国家体育总局,0,体育学,北京市,1,1100
外国中小学教育,上海师范大学,0,教育学,上海市,1,3100
教育科学研究,北京市教育科学研究院,0,教育学,北京市,1,1100
图书馆理论与实践,宁夏回族自治区图书馆学会,0,图书馆情报与文献学,银川市,1,6401
信息资源管理学报,武汉大学,0,图书馆情报与文献学,武汉市,1,4201
河北师范大学学报教育科学版,河北师范大学,0,教育学,石家庄市,1,1301
黑龙江高教研究,哈尔滨师范大学,0,教育学,哈尔滨市,1,2301
中国编辑,高教育出版社,0,新闻与传播学,北京市,1,1100
基础教育,华东师范大学,0,教育学,上海市,1,3100
传媒,中国新闻出版研究院,0,新闻与传播学,北京市,1,1100
华文文学,汕头大学,0,文学,汕头市,1,4405
武汉大学学报人文科学版,武汉大学,0,高校学报,武汉市,1,4201
