author_first,city_code_max,city_code_min,city_code1
丁任重,5101.0,5101.0,False
丁俊,3201.0,3201.0,False
丁冬,1100.0,1100.0,False
丁剑平,3100.0,3100.0,False
丁勇,1200.0,1200.0,False
丁增稳,3402.0,3402.0,False
丁如曦,1100.0,1100.0,False
丁宁宁,1100.0,1100.0,False
丁宇澄,1100.0,1100.0,False
丁守海,1100.0,1100.0,False
丁宏,1200.0,1200.0,False
丁建军,4331.0,4331.0,False
丁志杰,1100.0,1100.0,False
丁松良,1200.0,1200.0,False
丁纯,3100.0,3100.0,False
丁继红,1200.0,1200.0,False
丁菊红,3100.0,3100.0,False
丁赛,1100.0,1100.0,False
丁鑫,2301.0,2301.0,False
丁香桃,3100.0,3100.0,False
万兴,3201.0,3201.0,False
万喆,1100.0,1100.0,False
万威武,6101.0,6101.0,False
万幼清,4201.0,4201.0,False
万广华,6104.0,5301.0,True
万建华,4403.0,4403.0,False
万建香,3601.0,3601.0,False
万志宏,1200.0,1200.0,False
万晓莉,5101.0,5101.0,False
万海远,1100.0,1100.0,False
万璐,1100.0,1100.0,False
万相昱,1100.0,1100.0,False
万芊,1100.0,1100.0,False
万解秋,3205.0,3205.0,False
万阿俊,1100.0,1100.0,False
万静芳,4401.0,4401.0,False
丘心颖,4401.0,4401.0,False
丛海彬,3302.0,3302.0,False
丛菲菲,3100.0,3100.0,False
东艳,1100.0,1100.0,False
严伟祥,3201.0,3201.0,False
严佳佳,3501.0,3501.0,False
严兵,1200.0,1200.0,False
严成樑,1100.0,1100.0,False
严文兵,6101.0,6101.0,False
严斌剑,3201.0,3201.0,False
严武,3601.0,3601.0,False
严法善,3100.0,3100.0,False
中国人民银行代表团,1100.0,1100.0,False
中国人民银行货币政策分析小组,1100.0,1100.0,False
丰雷,1100.0,1100.0,False
乌家培,1100.0,1100.0,False
乔宗铭,1200.0,1200.0,False
乔宝云,1100.0,1100.0,False
乔彬,1401.0,1401.0,False
乔扬,5101.0,5101.0,False
乔晓楠,1200.0,1200.0,False
乔榛,2301.0,2301.0,False
乔海曙,4301.0,4301.0,False
乔睿蕾,3201.0,3201.0,False
习明明,3601.0,3601.0,False
买忆媛,4201.0,4201.0,False
于业明,3100.0,3100.0,False
于东智,1100.0,1100.0,False
于凌云,5101.0,5101.0,False
于化龙,1200.0,1200.0,False
于悦,2102.0,2102.0,False
于成永,3201.0,3201.0,False
于换军,1100.0,1100.0,False
于文强,5201.0,5201.0,False
于斌斌,3301.0,3301.0,False
于新亮,3701.0,3701.0,False
于晓娟,1100.0,1100.0,False
于晓虹,3100.0,3100.0,False
于晨曦,1100.0,1100.0,False
于泽,1100.0,1100.0,False
于津平,3201.0,3201.0,False
于洪霞,1100.0,1100.0,False
于海静,4201.0,4201.0,False
于焕杰,1100.0,1100.0,False
于瑾,1100.0,1100.0,False
于良春,3701.0,3701.0,False
于蔚,3301.0,3301.0,False
于金富,4102.0,4102.0,False
于金酉,1100.0,1100.0,False
于长秋,1200.0,1200.0,False
于鸣,1100.0,1100.0,False
于鹏,4201.0,4201.0,False
云乐鑫,3702.0,3702.0,False
云鹤,4401.0,3301.0,True
仇焕广,1100.0,1100.0,False
付佳,4401.0,4401.0,False
付宗垣,1100.0,1100.0,False
付强,5000.0,3701.0,True
付才辉,1100.0,1100.0,False
付敏杰,1100.0,1100.0,False
付文林,3201.0,3100.0,True
付明卫,1100.0,1100.0,False
付朝干,4501.0,4501.0,False
付雷鸣,6101.0,6101.0,False
仝冰,4102.0,4102.0,False
代松,1100.0,1100.0,False
代谦,4201.0,3502.0,True
仲为国,1100.0,1100.0,False
仲伟周,6101.0,6101.0,False
仲彬,1100.0,1100.0,False
任会来,1100.0,1100.0,False
任凤泽,1100.0,1100.0,False
任国强,1200.0,1200.0,False
任宇航,1100.0,1100.0,False
任寿根,3601.0,3201.0,True
任峰,3701.0,3701.0,False
任建军,4301.0,4301.0,False
任志华,1200.0,1200.0,False
任曙明,2102.0,2102.0,False
任柏强,3303.0,3303.0,False
任森春,3403.0,3403.0,False
任泽平,1100.0,1100.0,False
任碧云,1200.0,1200.0,False
任若恩,1100.0,1100.0,False
伍伟,4201.0,4201.0,False
伍伦,5101.0,5101.0,False
伍山林,3100.0,3100.0,False
伍志文,1200.0,1200.0,False
伍戈,1100.0,1100.0,False
伍燕然,1100.0,1100.0,False
伍超明,1200.0,1200.0,False
伍骏骞,5101.0,5101.0,False
伏润民,5301.0,5301.0,False
位华,3701.0,3701.0,False
何一峰,1100.0,1100.0,False
何亚丽,1100.0,1100.0,False
何代欣,1100.0,1100.0,False
何佳讯,3100.0,3100.0,False
何光辉,3100.0,3100.0,False
何兴强,4401.0,4401.0,False
何其春,1100.0,1100.0,False
何剑平,1200.0,1200.0,False
何力军,1100.0,1100.0,False
何可,4201.0,4201.0,False
何启志,3403.0,3201.0,True
何国华,4201.0,4201.0,False
何大安,3301.0,3301.0,False
何娜,1200.0,1200.0,False
何孝星,3502.0,3502.0,False
何富彩,3601.0,3601.0,False
何小杨,1100.0,1100.0,False
何帆,1100.0,1100.0,False
何平,5101.0,5101.0,False
何建雄,1100.0,1100.0,False
何德旭,4201.0,1100.0,True
何忠伟,1100.0,1100.0,False
何捷,1100.0,1100.0,False
何新易,3206.0,3206.0,False
何旭强,3100.0,3100.0,False
何昌,3601.0,3601.0,False
何晓夏,5301.0,5301.0,False
何晓斌,4201.0,4201.0,False
何晓萍,3502.0,3502.0,False
何曼,4201.0,4201.0,False
何杰,5101.0,5101.0,False
何毅亭,1100.0,1100.0,False
何浩然,1100.0,1100.0,False
何涛,1100.0,1100.0,False
何炼成,6101.0,6101.0,False
何燕,5000.0,5000.0,False
何田,1100.0,1100.0,False
何畅,5101.0,5101.0,False
何砚,1100.0,1100.0,False
何秀荣,1100.0,1100.0,False
何立新,3100.0,3100.0,False
何自云,1100.0,1100.0,False
何自力,4401.0,1200.0,True
何英华,1100.0,1100.0,False
何茂荣,2201.0,2201.0,False
何荣天,4401.0,4401.0,False
何蛟,5000.0,5000.0,False
何诚颖,4403.0,3301.0,True
何轩,4401.0,4401.0,False
何雄浪,5115.0,5101.0,True
何青,1200.0,1100.0,True
何青青,3301.0,3301.0,False
何靖,3301.0,3301.0,False
何颖,3203.0,3203.0,False
余东华,3701.0,3701.0,False
余中东,4401.0,4401.0,False
余保福,5101.0,5101.0,False
余华义,1100.0,1100.0,False
余向华,1100.0,1100.0,False
余壮雄,4401.0,4401.0,False
余峰燕,1200.0,1200.0,False
余文龙,3100.0,3100.0,False
余斌,1100.0,1100.0,False
余新平,3302.0,3302.0,False
余明桂,4201.0,4201.0,False
余林徽,3301.0,3301.0,False
余永定,1100.0,1100.0,False
余泳泽,3201.0,3201.0,False
余海丰,1100.0,1100.0,False
余淼杰,1100.0,1100.0,False
余琰,1100.0,1100.0,False
余程辉,1100.0,1100.0,False
余翔,4201.0,1100.0,True
余芳东,1100.0,1100.0,False
余茂辉,3415.0,3415.0,False
余长林,3502.0,3502.0,False
余靖雯,1100.0,1100.0,False
余静文,3100.0,3100.0,False
余顺坤,1100.0,1100.0,False
佟健,2101.0,2101.0,False
佟家栋,1200.0,1200.0,False
侯世宇,1100.0,1100.0,False
侯合心,1100.0,1100.0,False
侯成琪,4201.0,4201.0,False
侯振刚,1100.0,1100.0,False
侯新烁,4303.0,4303.0,False
侯晋,1200.0,1200.0,False
侯晓辉,6101.0,6101.0,False
侯琨,5101.0,5101.0,False
侯瑜,2102.0,2102.0,False
侯经川,3301.0,3301.0,False
侯金鸣,4401.0,4401.0,False
侯青川,3100.0,3100.0,False
侯风云,3701.0,3701.0,False
俞乔,3100.0,1100.0,True
俞峰,5101.0,5101.0,False
俞忠英,3100.0,3100.0,False
俞晓龙,3301.0,3301.0,False
俞林,4201.0,4201.0,False
俞海,1100.0,1100.0,False
俞立平,5301.0,5301.0,False
俞红海,3201.0,3100.0,True
俞颖,6101.0,6101.0,False
修晶,1100.0,1100.0,False
倪克勤,5101.0,5101.0,False
倪国华,1100.0,1100.0,False
倪红福,1100.0,1100.0,False
倪铮,1100.0,1100.0,False
倪馨,1301.0,1100.0,True
倪骁然,3502.0,3502.0,False
倪鹏飞,1100.0,1100.0,False
傅京燕,4401.0,4401.0,False
傅伟良,1100.0,1100.0,False
傅元海,4401.0,4401.0,False
傅勇,1100.0,1100.0,False
傅十和,5101.0,5101.0,False
傅帅雄,1100.0,1100.0,False
傅强,5000.0,5000.0,False
傅晓霞,1100.0,1100.0,False
傅蓉,2201.0,2201.0,False
傅虹桥,1100.0,1100.0,False
储小俊,3201.0,3201.0,False
克莱尔·史密斯,1100.0,1100.0,False
党剑,1100.0,1100.0,False
党国英,1100.0,1100.0,False
全世文,1100.0,1100.0,False
全先银,1100.0,1100.0,False
公峰涛,1200.0,1200.0,False
兰健,3502.0,3502.0,False
兰莉,1200.0,1200.0,False
关大宇,2102.0,2102.0,False
关永强,1200.0,1200.0,False
关涛,3100.0,3100.0,False
冉光和,5000.0,5000.0,False
冉生欣,3100.0,3100.0,False
冒佩华,3100.0,3100.0,False
冒天启,1100.0,1100.0,False
冯乾,1100.0,1100.0,False
冯亚萍,6101.0,6101.0,False
冯伟,3201.0,3201.0,False
冯其云,1200.0,1200.0,False
冯冰,1200.0,1200.0,False
冯剑,3201.0,3201.0,False
冯博,1200.0,1200.0,False
冯守尊,1100.0,1100.0,False
冯巨章,4401.0,4401.0,False
冯帅章,3100.0,3100.0,False
冯建波,3302.0,3302.0,False
冯旭南,5101.0,3100.0,True
冯明,1100.0,1100.0,False
冯春平,1100.0,1100.0,False
冯晓,3100.0,3100.0,False
冯晓莹,4401.0,4401.0,False
冯晓雷,1100.0,1100.0,False
冯曲,3100.0,3100.0,False
冯朝睿,5301.0,5301.0,False
冯杨,1100.0,1100.0,False
冯根福,6101.0,6101.0,False
冯海波,4401.0,4401.0,False
冯涛,6101.0,6101.0,False
冯燮刚,1100.0,1100.0,False
冯用富,5101.0,5101.0,False
冯科,1100.0,1100.0,False
冯维江,1100.0,1100.0,False
冯菊平,4201.0,4201.0,False
冯虹,1100.0,1100.0,False
冯金华,3100.0,3100.0,False
冯颖杰,1100.0,1100.0,False
况伟大,1100.0,1100.0,False
况学文,3601.0,3601.0,False
冼国明,1200.0,1200.0,False
凌涛,1100.0,1100.0,False
刁锋,1200.0,1200.0,False
刘世锦,1100.0,1100.0,False
刘东勋,4102.0,4102.0,False
刘丹丹,3100.0,3100.0,False
刘乃全,3100.0,3100.0,False
刘书明,1100.0,1100.0,False
刘书瀚,1200.0,1200.0,False
刘云斌,3100.0,3100.0,False
刘亚,1100.0,1100.0,False
刘亚文,1100.0,1100.0,False
刘亚琴,3100.0,3100.0,False
刘亦文,4301.0,4301.0,False
刘京军,4401.0,4401.0,False
刘仁和,4401.0,4401.0,False
刘伟,1100.0,1100.0,False
刘伟东,2102.0,2102.0,False
刘俊健,4401.0,4401.0,False
刘修岩,3201.0,3201.0,False
刘元庆,6101.0,6101.0,False
刘元生,1100.0,1100.0,False
刘兵,3502.0,3502.0,False
刘军梅,3100.0,3100.0,False
刘冬,1200.0,1200.0,False
刘冬姣,4201.0,4201.0,False
刘冲,3100.0,1100.0,True
刘凤委,3100.0,3100.0,False
刘凤芹,2102.0,2102.0,False
刘刚,4401.0,1100.0,True
刘剑文,1100.0,1100.0,False
刘剑雄,1100.0,1100.0,False
刘力,4401.0,1100.0,True
刘劲松,1100.0,1100.0,False
刘勇,4201.0,3601.0,True
刘华芳,6101.0,6101.0,False
刘卫江,3100.0,3100.0,False
刘可,4401.0,4401.0,False
刘和旺,4201.0,4201.0,False
刘啟仁,4401.0,3502.0,True
刘善仕,4401.0,4401.0,False
刘喜和,3100.0,1200.0,True
刘嘉文,1100.0,1100.0,False
刘国光,1100.0,1100.0,False
刘国平,5101.0,5101.0,False
刘国恩,1100.0,1100.0,False
刘培林,1100.0,1100.0,False
刘培森,5000.0,5000.0,False
刘增学,4201.0,4201.0,False
刘大可,1100.0,1100.0,False
刘奎,1100.0,1100.0,False
刘奕,1100.0,1100.0,False
刘威,4201.0,4201.0,False
刘婷婷,1200.0,1200.0,False
刘媛媛,1100.0,1100.0,False
刘学,3201.0,3201.0,False
刘学之,1100.0,1100.0,False
刘学军,1100.0,1100.0,False
刘学良,1100.0,1100.0,False
刘宇,1200.0,1200.0,False
刘宇春,1200.0,1200.0,False
刘守英,1100.0,1100.0,False
刘宏,1100.0,1100.0,False
刘宏涛,3702.0,3702.0,False
刘宗明,3100.0,3100.0,False
刘宪,1200.0,1200.0,False
刘容欣,4403.0,4403.0,False
刘小敏,1100.0,1100.0,False
刘小玄,1100.0,1100.0,False
刘小鲁,1100.0,1100.0,False
刘少波,4401.0,4401.0,False
刘尚希,1100.0,1100.0,False
刘尧成,3100.0,3100.0,False
刘常青,4101.0,4101.0,False
刘庆林,3701.0,3701.0,False
刘康兵,3100.0,3100.0,False
刘彬彬,3100.0,3100.0,False
刘德鹏,3701.0,3201.0,True
刘志国,3100.0,3100.0,False
刘志平,4201.0,4201.0,False
刘志彪,3201.0,3201.0,False
刘志成,1200.0,1200.0,False
刘志明,4401.0,4401.0,False
刘志洋,2201.0,2201.0,False
刘志迎,3401.0,3401.0,False
刘志铭,4401.0,4401.0,False
刘怀义,1100.0,1100.0,False
刘怡,1100.0,1100.0,False
刘恩专,1200.0,1200.0,False
刘愿,4401.0,4401.0,False
刘慧宇,1200.0,1200.0,False
刘慧龙,1100.0,1100.0,False
刘懿,5101.0,5101.0,False
刘拥军,1200.0,1100.0,True
刘振亚,1100.0,1100.0,False
刘振华,1100.0,1100.0,False
刘振宇,1200.0,1200.0,False
刘文,1200.0,1200.0,False
刘文革,3301.0,2301.0,True
刘斌,1200.0,1100.0,True
刘昆,4401.0,4401.0,False
刘昌义,1100.0,1100.0,False
刘明,3211.0,3211.0,False
刘明兴,1100.0,1100.0,False
刘明坤,1100.0,1100.0,False
刘明志,1100.0,1100.0,False
刘春生,1100.0,1100.0,False
刘晋科,5101.0,5101.0,False
刘晓光,1100.0,1100.0,False
刘晓军,3100.0,3100.0,False
刘晓峰,1200.0,1200.0,False
刘晓昀,1100.0,1100.0,False
刘晓玲,4301.0,4301.0,False
刘晓辉,5101.0,5101.0,False
刘晓鸥,1100.0,1100.0,False
刘晓鹏,1200.0,1200.0,False
刘晴,3401.0,3100.0,True
刘杉,1100.0,1100.0,False
刘树成,1100.0,1100.0,False
刘树林,1100.0,1100.0,False
刘楠,1100.0,1100.0,False
刘正山,2102.0,2102.0,False
刘毅,1100.0,1100.0,False
刘毓芸,4401.0,4401.0,False
刘民权,3201.0,3201.0,False
刘永平,3501.0,3501.0,False
刘汉,2201.0,2201.0,False
刘汉民,3702.0,3702.0,False
刘汉进,3201.0,3201.0,False
刘江日,4201.0,4201.0,False
刘沛志,1200.0,1200.0,False
刘治国,1100.0,1100.0,False
刘泉,1200.0,1200.0,False
刘波,5101.0,5101.0,False
刘洪军,2301.0,1200.0,True
刘浩,3100.0,3100.0,False
刘海二,4401.0,4401.0,False
刘海云,4201.0,4201.0,False
刘海建,3201.0,3201.0,False
刘海明,3701.0,3701.0,False
刘海洋,2102.0,2102.0,False
刘海鸥,1100.0,1100.0,False
刘涛,3211.0,3211.0,False
刘涛雄,1100.0,1100.0,False
刘淑芳,6101.0,6101.0,False
刘溶沧,1100.0,1100.0,False
刘潇,1100.0,1100.0,False
刘澜飚,1200.0,1200.0,False
刘灿,5101.0,5101.0,False
刘煜辉,1100.0,1100.0,False
刘熀松,3100.0,3100.0,False
刘玉光,1200.0,1200.0,False
刘玉铭,1100.0,1100.0,False
刘珊珊,3100.0,3100.0,False
刘珺,1100.0,1100.0,False
刘琪林,6101.0,6101.0,False
刘瑞明,6101.0,1100.0,True
刘瑞翔,3201.0,3201.0,False
刘瑶,2102.0,1200.0,True
刘璨,1100.0,1100.0,False
刘生福,6101.0,6101.0,False
刘生龙,1100.0,1100.0,False
刘畅,3201.0,1100.0,True
刘白璐,3100.0,3100.0,False
刘盾,1100.0,1100.0,False
刘福寿,5101.0,5101.0,False
刘秉镰,1200.0,1200.0,False
刘程,1200.0,1200.0,False
刘穷志,4201.0,4201.0,False
刘笑萍,1100.0,1100.0,False
刘红,3100.0,3100.0,False
刘红忠,3100.0,3100.0,False
刘绍坚,1100.0,1100.0,False
刘胜会,1200.0,1100.0,True
刘胤,5000.0,5000.0,False
刘自敏,5000.0,5000.0,False
刘航滨,3100.0,3100.0,False
刘艳,2102.0,2102.0,False
刘艳妮,1100.0,1100.0,False
刘芳,1100.0,1100.0,False
刘英为,4201.0,4201.0,False
刘茂山,1200.0,1200.0,False
刘荣,1100.0,1100.0,False
刘莉亚,3100.0,3100.0,False
刘莎莎,1100.0,1100.0,False
刘莹,1100.0,1100.0,False
刘萍,1100.0,1100.0,False
刘蓉,5101.0,5101.0,False
刘行,2102.0,2102.0,False
刘西川,3301.0,3301.0,False
刘计含,5101.0,5101.0,False
刘诚,4401.0,4401.0,False
刘贯春,3100.0,3100.0,False
刘迎秋,1100.0,1100.0,False
刘远亮,1100.0,1100.0,False
刘逊,6101.0,6101.0,False
刘逖,3100.0,3100.0,False
刘重力,1200.0,1200.0,False
刘金全,2201.0,2201.0,False
刘钜强,4401.0,4401.0,False
刘铠豪,1200.0,1200.0,False
刘锡良,5101.0,5101.0,False
刘键,1100.0,1100.0,False
刘长宏,3100.0,3100.0,False
刘阳,3201.0,1200.0,True
刘雅南,3502.0,3502.0,False
刘雪燕,1200.0,1200.0,False
刘霞辉,1100.0,1100.0,False
刘青,1200.0,1100.0,True
刘靖,1100.0,1100.0,False
刘静,1200.0,1100.0,True
刘静一,4101.0,4101.0,False
刘颖,2301.0,2301.0,False
刘飞,6101.0,4201.0,True
刘骏民,1200.0,1200.0,False
刘鹏,1100.0,1100.0,False
勾东宁,1100.0,1100.0,False
包群,1200.0,1200.0,False
包锋,1100.0,1100.0,False
北京大学中国经济研究中心宏观组,1100.0,1100.0,False
匡可可,1100.0,1100.0,False
匡小平,3601.0,3601.0,False
匡远凤,4201.0,4201.0,False
匡远配,4301.0,4301.0,False
华仁海,3201.0,3201.0,False
华坚,3201.0,3201.0,False
华民,3100.0,3100.0,False
卓志,5101.0,5101.0,False
单豪杰,3201.0,3201.0,False
单锋,3201.0,3201.0,False
卜壮志,6101.0,6101.0,False
卜林,1200.0,1200.0,False
卜永祥,1100.0,1100.0,False
卞学字,3701.0,3701.0,False
卞志村,3201.0,3201.0,False
占华,3201.0,3201.0,False
占硕,3502.0,3502.0,False
卢中原,1100.0,1100.0,False
卢向前,3100.0,3100.0,False
卢学法,1200.0,1200.0,False
卢文鹏,3100.0,3100.0,False
卢晶亮,4401.0,3100.0,True
卢洪友,4201.0,4201.0,False
卢独景,3201.0,3201.0,False
卢瑶,4201.0,4201.0,False
卢盛峰,4201.0,4201.0,False
卢荣忠,3502.0,3502.0,False
卢莉,5101.0,5101.0,False
卢萍,1200.0,1200.0,False
卢超,6201.0,6201.0,False
卢远瞩,1100.0,1100.0,False
卢锋,1100.0,1100.0,False
卢霖,2102.0,2102.0,False
卢鸿,1100.0,1100.0,False
卫兴华,1100.0,1100.0,False
卫功琦,3201.0,3201.0,False
卯光宇,1100.0,1100.0,False
危素华,4201.0,4201.0,False
卿志琼,1200.0,1200.0,False
卿石松,3100.0,3100.0,False
厉以宁,1100.0,1100.0,False
原鹏飞,1100.0,1100.0,False
史丹,1100.0,1100.0,False
史健忠,3100.0,3100.0,False
史其禄,5101.0,5101.0,False
史宇鹏,1100.0,1100.0,False
史小龙,3100.0,3100.0,False
史晋川,3301.0,3301.0,False
史晓琳,1100.0,1100.0,False
史朝兴,3100.0,3100.0,False
史正富,3100.0,3100.0,False
史永东,2102.0,2102.0,False
史焕平,3601.0,3601.0,False
史笑艳,1100.0,1100.0,False
史耀疆,6101.0,6101.0,False
史贝贝,6101.0,6101.0,False
史青青,3100.0,3100.0,False
叶世昌,3100.0,3100.0,False
叶伟巍,3301.0,3301.0,False
叶光亮,4401.0,1100.0,True
叶大凤,4501.0,4501.0,False
叶康涛,1100.0,1100.0,False
叶建亮,3301.0,3301.0,False
叶建宏,4403.0,4403.0,False
叶德珠,4401.0,4401.0,False
叶德磊,3100.0,3100.0,False
叶敏,1100.0,1100.0,False
叶文辉,3303.0,3303.0,False
叶春明,1100.0,1100.0,False
叶林祥,3201.0,3201.0,False
叶素云,1100.0,1100.0,False
叶航,3301.0,3301.0,False
叶良艺,3502.0,3502.0,False
叶莉,1200.0,1200.0,False
叶菁菁,5101.0,5101.0,False
叶菲,1100.0,1100.0,False
叶迪,3100.0,3100.0,False
叶金珍,1200.0,1200.0,False
叶青,4401.0,4401.0,False
叶静怡,1100.0,1100.0,False
向国成,4303.0,4303.0,False
向洪金,4301.0,4301.0,False
吕一博,2102.0,2102.0,False
吕世斌,2101.0,2101.0,False
吕世生,1200.0,1200.0,False
吕之望,1100.0,1100.0,False
吕冰洋,1100.0,1100.0,False
吕延方,2102.0,2102.0,False
吕彦昭,2301.0,2301.0,False
吕惠明,3302.0,3302.0,False
吕捷,1100.0,1100.0,False
吕政,1100.0,1100.0,False
吕朝凤,5101.0,5101.0,False
吕江林,3601.0,3601.0,False
吕炜,2102.0,2102.0,False
吕燕,3210.0,3210.0,False
吕立才,4401.0,4401.0,False
吕芳,1100.0,1100.0,False
吕苏榆,3201.0,3201.0,False
吕越,1100.0,1100.0,False
吕长江,2201.0,2201.0,False
吕鸿江,3201.0,3201.0,False
吴一平,3100.0,3100.0,False
吴世农,3502.0,3502.0,False
吴丽华,3502.0,3502.0,False
吴付科,4201.0,4201.0,False
吴伟军,3601.0,3601.0,False
吴偎立,1100.0,1100.0,False
吴先明,4201.0,1200.0,True
吴军,1100.0,1100.0,False
吴刘杰,3205.0,3205.0,False
吴利学,1100.0,1100.0,False
吴力波,3100.0,3100.0,False
吴卫星,1100.0,1100.0,False
吴友富,3100.0,3100.0,False
吴吉林,3701.0,3701.0,False
吴国平,3301.0,3301.0,False
吴国鼎,1100.0,1100.0,False
吴宜勇,3505.0,3505.0,False
吴宣恭,3502.0,3502.0,False
吴少微,3201.0,3201.0,False
吴应军,5101.0,5101.0,False
吴延兵,1100.0,1100.0,False
吴建亚,3205.0,3205.0,False
吴建峰,3100.0,3100.0,False
吴德胜,1200.0,1200.0,False
吴志国,4401.0,4401.0,False
吴志峰,4403.0,1100.0,True
吴志敏,3303.0,3303.0,False
吴恒宇,5000.0,5000.0,False
吴意云,3301.0,3301.0,False
吴成丕,1100.0,1100.0,False
吴成颂,3401.0,3401.0,False
吴扬,4201.0,4201.0,False
吴承明,1100.0,1100.0,False
吴敏,3201.0,3201.0,False
吴敬琏,1100.0,1100.0,False
吴文武,1100.0,1100.0,False
吴文锋,3100.0,3100.0,False
吴斌,3201.0,3201.0,False
吴斌珍,1100.0,1100.0,False
吴方伟,1100.0,1100.0,False
吴明理,1100.0,1100.0,False
吴明琴,4401.0,4401.0,False
吴易风,1100.0,1100.0,False
吴晓求,1100.0,1100.0,False
吴晓瑜,1100.0,1100.0,False
吴晶妹,1100.0,1100.0,False
吴朝阳,3601.0,3601.0,False
吴林祥,4403.0,4403.0,False
吴林蔚,1200.0,1200.0,False
吴桂英,3100.0,3100.0,False
吴永球,5000.0,5000.0,False
吴永钢,1200.0,1200.0,False
吴汉洪,1100.0,1100.0,False
吴洪,4403.0,4403.0,False
吴海英,1100.0,1100.0,False
吴海霞,1100.0,1100.0,False
吴涛,1100.0,1100.0,False
吴淑娥,1100.0,1100.0,False
吴溪,1100.0,1100.0,False
吴炜,1100.0,1100.0,False
吴炳德,3501.0,3501.0,False
吴照银,3100.0,3100.0,False
吴瑶,4401.0,4401.0,False
吴申元,3100.0,3100.0,False
吴福象,3201.0,3201.0,False
吴秋生,1401.0,1401.0,False
吴立雪,1100.0,1100.0,False
吴结兵,3301.0,3301.0,False
吴翔江,3301.0,3301.0,False
吴联生,3502.0,1100.0,True
吴艳红,1200.0,1200.0,False
吴菁,4401.0,4401.0,False
吴蕾,1100.0,1100.0,False
吴要武,1100.0,1100.0,False
吴贾,4401.0,4401.0,False
吴超鹏,3502.0,3502.0,False
吴韧强,4201.0,4201.0,False
吴飞驰,1200.0,1200.0,False
周世民,1100.0,1100.0,False
周业安,1100.0,1100.0,False
周丹,3301.0,1100.0,True
周云波,1200.0,1100.0,True
周云洁,3601.0,3601.0,False
周亚虹,3100.0,3100.0,False
周京奎,1200.0,1200.0,False
周伟,4331.0,4331.0,False
周伟军,1100.0,1100.0,False
周元元,1100.0,1100.0,False
周先平,4201.0,4201.0,False
周先波,4401.0,4401.0,False
周光友,3100.0,3100.0,False
周兴,1200.0,1200.0,False
周其仁,1100.0,1100.0,False
周冰,3100.0,1200.0,True
周凡,1100.0,1100.0,False
周勤,3201.0,3201.0,False
周华,3100.0,3100.0,False
周华林,1100.0,1100.0,False
周南,4301.0,4301.0,False
周博闻,2201.0,2201.0,False
周叔莲,1100.0,1100.0,False
周喆,1200.0,1200.0,False
周嘉南,5101.0,5101.0,False
周天勇,1100.0,1100.0,False
周天芸,4401.0,4401.0,False
周好文,6101.0,6101.0,False
周子衡,1100.0,1100.0,False
周密,3201.0,1200.0,True
周小亮,3501.0,3501.0,False
周广肃,1200.0,1200.0,False
周应恒,3201.0,3201.0,False
周建,3100.0,1100.0,True
周建松,3301.0,3301.0,False
周建波,3100.0,1100.0,True
周开国,4401.0,4401.0,False
周强龙,3301.0,3301.0,False
周彬,3301.0,1100.0,True
周慧,1100.0,1100.0,False
周才堂,3100.0,3100.0,False
周敏慧,1100.0,1100.0,False
周文,5301.0,3100.0,True
周文兴,1100.0,1100.0,False
周方召,3202.0,3202.0,False
周明生,1100.0,1100.0,False
周春生,1100.0,1100.0,False
周晓松,1100.0,1100.0,False
周晓艳,1100.0,1100.0,False
周晓芬,3100.0,3100.0,False
周晔馨,1100.0,1100.0,False
周月刚,1100.0,1100.0,False
周权雄,4401.0,4401.0,False
周杰,6101.0,6101.0,False
周梅,1401.0,1401.0,False
周楷唐,4201.0,4201.0,False
周民源,6101.0,6101.0,False
周波,3502.0,3502.0,False
周泳宏,4401.0,4401.0,False
周泽新,1100.0,1100.0,False
周浩,4401.0,4401.0,False
周海冰,1200.0,1200.0,False
周清杰,1100.0,1100.0,False
周游,4301.0,4301.0,False
周炎,5301.0,1100.0,True
周煜皓,3706.0,3706.0,False
周燕,4401.0,1200.0,True
周爱民,1200.0,1200.0,False
周申,1200.0,1200.0,False
周立,1100.0,1100.0,False
周立群,1200.0,1200.0,False
周绍杰,1100.0,1100.0,False
周翔翼,6101.0,6101.0,False
周英章,3301.0,3301.0,False
周茂,5101.0,5101.0,False
周茂荣,4201.0,4201.0,False
周莉萍,1100.0,1100.0,False
周钦,1100.0,1100.0,False
周钰颖,5000.0,5000.0,False
周铭山,5101.0,5101.0,False
周阳敏,4101.0,4101.0,False
周雄伟,4301.0,4301.0,False
周霄雪,1200.0,1200.0,False
周顺兴,3201.0,3201.0,False
周颖刚,3502.0,3502.0,False
周骏,4201.0,4201.0,False
周鸿卫,4301.0,4301.0,False
周鹏,2102.0,1100.0,True
周黎安,1100.0,1100.0,False
唐东波,3100.0,3100.0,False
唐为,3100.0,3100.0,False
唐亮,2201.0,2201.0,False
唐任伍,1100.0,1100.0,False
唐保庆,3201.0,3201.0,False
唐双宁,1100.0,1100.0,False
唐国储,1100.0,1100.0,False
唐国正,1100.0,1100.0,False
唐宗明,3100.0,3100.0,False
唐宗焜,1100.0,1100.0,False
唐宜红,1100.0,1100.0,False
唐庆春,1200.0,1100.0,True
唐廷华,1100.0,1100.0,False
唐文秀,5000.0,5000.0,False
唐文进,4201.0,4201.0,False
唐旭,1100.0,1100.0,False
唐明哲,3100.0,3100.0,False
唐晓彬,1100.0,1100.0,False
唐有瑜,3100.0,3100.0,False
唐未兵,4301.0,4301.0,False
唐朱昌,3100.0,3100.0,False
唐杰,1200.0,1200.0,False
唐松,3100.0,3100.0,False
唐松莲,3100.0,3100.0,False
唐毅南,3100.0,3100.0,False
唐红祥,4501.0,4501.0,False
唐翔,1100.0,1100.0,False
唐要家,3301.0,3301.0,False
唐跃军,3100.0,1200.0,True
唐轲,1100.0,1100.0,False
唐飞鹏,4401.0,4401.0,False
唐鹏,4403.0,4403.0,False
喻坤,3100.0,3100.0,False
喻平,4201.0,4201.0,False
喻旭兰,4301.0,4301.0,False
夏 斌,1100.0,1100.0,False
夏小东,6101.0,6101.0,False
夏庆杰,1100.0,1100.0,False
夏怡然,3303.0,3303.0,False
夏择民,3303.0,3303.0,False
夏斌,1100.0,1100.0,False
夏晓华,4401.0,4401.0,False
夏杰长,1100.0,1100.0,False
夏立军,3100.0,3100.0,False
夏立明,1200.0,1200.0,False
夏纪军,3100.0,3100.0,False
夏艳清,2102.0,2102.0,False
夏蜀,5301.0,5301.0,False
夏飞,4501.0,4501.0,False
大卫·拉思瑟尔斯,3100.0,3100.0,False
姚万军,1200.0,1200.0,False
姚东旻,1100.0,1100.0,False
姚云霞,3401.0,3401.0,False
姚伟,4201.0,4201.0,False
姚余栋,1100.0,1100.0,False
姚先国,3301.0,3301.0,False
姚凤阁,2301.0,2301.0,False
姚勇,1200.0,1100.0,True
姚国庆,1200.0,1200.0,False
姚小远,3100.0,3100.0,False
姚志毅,4301.0,4301.0,False
姚战琪,1100.0,1100.0,False
姚斌,1100.0,1100.0,False
姚昕,3502.0,3502.0,False
姚星垣,3301.0,3301.0,False
姚晶晶,1100.0,1100.0,False
姚杰,3201.0,3201.0,False
姚枝仲,1100.0,1100.0,False
姚树洁,6101.0,5000.0,True
姚洋,1100.0,1100.0,False
姚洪心,5101.0,3100.0,True
姚耀军,3301.0,3301.0,False
姚舜达,1200.0,1200.0,False
姚远,1100.0,1100.0,False
姚长辉,1100.0,1100.0,False
姚青松,1100.0,1100.0,False
姚颐,1200.0,1200.0,False
姜丽群,4401.0,4401.0,False
姜付秀,1100.0,1100.0,False
姜伟,3702.0,3702.0,False
姜再勇,4201.0,4201.0,False
姜卫韬,3301.0,3301.0,False
姜国华,1100.0,1100.0,False
姜建强,3100.0,3100.0,False
姜建清,1100.0,1100.0,False
姜扬,2201.0,2201.0,False
姜春海,2102.0,2102.0,False
姜松,5000.0,5000.0,False
姜树广,3701.0,3701.0,False
姜树林,3100.0,3100.0,False
姜波,1100.0,1100.0,False
姜波克,3100.0,3100.0,False
姜海,1100.0,1100.0,False
姜烨,1100.0,1100.0,False
姜琳琳,3100.0,3100.0,False
姜美善,4401.0,4401.0,False
姜超,1100.0,1100.0,False
姜鲁鸣,4301.0,4301.0,False
娄洪,1100.0,1100.0,False
娄荣民,1100.0,1100.0,False
孔东民,4201.0,4201.0,False
孔丹凤,3701.0,3701.0,False
孔松泉,3201.0,3201.0,False
孔祖根,1100.0,1100.0,False
孔祥智,1100.0,1100.0,False
孔祥毅,1401.0,1401.0,False
孔高文,4401.0,4401.0,False
孙三百,1100.0,1100.0,False
孙久文,1100.0,1100.0,False
孙亮,4401.0,4401.0,False
孙伍琴,3100.0,3100.0,False
孙佩红,1501.0,1501.0,False
孙俊,1100.0,1100.0,False
孙俊波,1100.0,1100.0,False
孙健,1100.0,1100.0,False
孙健翔,5000.0,5000.0,False
孙元元,4201.0,4201.0,False
孙兆斌,3100.0,3100.0,False
孙光林,2102.0,2102.0,False
孙军,3207.0,3201.0,True
孙冰,1100.0,1100.0,False
孙凌芸,4201.0,4201.0,False
孙凤,1200.0,1100.0,True
孙刚,3100.0,3100.0,False
孙利,1200.0,1200.0,False
孙华妤,1100.0,1100.0,False
孙吉乐,6201.0,6201.0,False
孙君阳,3701.0,1100.0,True
孙国伟,3100.0,3100.0,False
孙国峰,1100.0,1100.0,False
孙圣民,3701.0,3701.0,False
孙坚强,4401.0,4401.0,False
孙培源,3100.0,3100.0,False
孙天琦,6101.0,3701.0,True
孙婧芳,1100.0,1100.0,False
孙宁华,3201.0,3201.0,False
孙少勤,3201.0,3201.0,False
孙广生,2101.0,2101.0,False
孙建雅,3505.0,3505.0,False
孙彦林,2201.0,2201.0,False
孙志军,1100.0,1100.0,False
孙志贤,1100.0,1100.0,False
孙成浩,3201.0,3201.0,False
孙振东,4401.0,4401.0,False
孙文凯,1100.0,1100.0,False
孙文莉,1100.0,1100.0,False
孙早,6101.0,6101.0,False
孙晓华,2102.0,2102.0,False
孙景,6101.0,6101.0,False
孙景宇,1200.0,1200.0,False
孙景舒,1200.0,1200.0,False
孙杰,1100.0,1100.0,False
孙楚仁,5101.0,3100.0,True
孙毅,3100.0,3100.0,False
孙永祥,1100.0,1100.0,False
孙永苑,5101.0,5101.0,False
孙江永,1200.0,1200.0,False
孙洋,1100.0,1100.0,False
孙洛平,4401.0,4401.0,False
孙浦阳,1200.0,1200.0,False
孙涛,3701.0,1100.0,True
孙灵燕,3701.0,3701.0,False
孙烽,3100.0,3100.0,False
孙焕民,4403.0,4403.0,False
孙犇,4401.0,4401.0,False
孙琳,3100.0,3100.0,False
孙琳琳,1100.0,1100.0,False
孙睿君,1100.0,1100.0,False
孙祁祥,1100.0,1100.0,False
孙秋鹏,1100.0,1100.0,False
孙立坚,3100.0,3100.0,False
孙立明,1100.0,1100.0,False
孙红梅,5000.0,3100.0,True
孙群燕,4401.0,4401.0,False
孙艳霞,3100.0,3100.0,False
孙茂辉,4401.0,3100.0,True
孙蕾,3100.0,3100.0,False
孙钰,1200.0,1200.0,False
孙铮,3100.0,3100.0,False
孙飞,1100.0,1100.0,False
孙龙建,1200.0,1200.0,False
孟一坤,3100.0,3100.0,False
孟东方,5000.0,5000.0,False
孟亦佳,1100.0,1100.0,False
孟夏,1200.0,1200.0,False
孟大文,3100.0,3100.0,False
孟庆斌,1200.0,1100.0,True
孟捷,1100.0,1100.0,False
孟昊,1200.0,1200.0,False
孟猛,1200.0,1200.0,False
孟祥轶,1100.0,1100.0,False
孟艳,1100.0,1100.0,False
季任钧,1200.0,1200.0,False
季恒,1100.0,1100.0,False
季敏,3201.0,3201.0,False
宁光杰,1200.0,1200.0,False
宁杰,1100.0,1100.0,False
宇德海,1100.0,1100.0,False
安伟,3100.0,3100.0,False
安体富,1100.0,1100.0,False
安同良,3201.0,3201.0,False
安崇义,3100.0,3100.0,False
安芝,3100.0,3100.0,False
安虎森,1200.0,1200.0,False
宋光磊,1100.0,1100.0,False
宋军,3100.0,3100.0,False
宋凌云,4503.0,4401.0,True
宋凯艺,3201.0,3201.0,False
宋力,1100.0,1100.0,False
宋华,1100.0,1100.0,False
宋双杰,3100.0,3100.0,False
宋唯实,3701.0,3701.0,False
宋增基,5000.0,5000.0,False
宋婷婷,5101.0,5101.0,False
宋宏谋,1100.0,1100.0,False
宋小宁,4401.0,4401.0,False
宋小川,5000.0,5000.0,False
宋帅邦,6501.0,6501.0,False
宋建华,3201.0,3201.0,False
宋德舜,1100.0,1100.0,False
宋扬,1100.0,1100.0,False
宋文娟,3701.0,3701.0,False
宋旺,1100.0,1100.0,False
宋晓兵,2102.0,2102.0,False
宋晓玲,1100.0,1100.0,False
宋暄,1200.0,1200.0,False
宋月萍,1200.0,1200.0,False
宋林清,1200.0,1200.0,False
宋波,3701.0,3701.0,False
宋洪远,1100.0,1100.0,False
宋海燕,1200.0,1200.0,False
宋清华,1100.0,1100.0,False
宋玉颖,1100.0,1100.0,False
宋玮,1100.0,1100.0,False
宋琴,3502.0,3502.0,False
宋瑞礼,1100.0,1100.0,False
宋群英,4201.0,4201.0,False
宋艳,2301.0,2301.0,False
宋艳林,4401.0,4401.0,False
宋逢明,1100.0,1100.0,False
宋铁波,4401.0,4401.0,False
宋雪枫,3100.0,3100.0,False
宋顺林,1100.0,1100.0,False
宋马林,3403.0,3403.0,False
宓福驹,1100.0,1100.0,False
宗良,1100.0,1100.0,False
宗芳宇,1100.0,1100.0,False
官皓,1100.0,1100.0,False
宣扬,3201.0,3201.0,False
宣烨,3201.0,3201.0,False
宫占奎,1200.0,1200.0,False
宫晓琳,3701.0,3701.0,False
宫汝凯,3100.0,3100.0,False
宫海鹏,1100.0,1100.0,False
容志,3100.0,3100.0,False
寇宗来,3100.0,3100.0,False
寻卫国,1200.0,1200.0,False
封进,3100.0,3100.0,False
尚明,6101.0,6101.0,False
尤玉平,4413.0,4413.0,False
尤行超,1100.0,1100.0,False
尹向飞,4301.0,4301.0,False
尹威,3201.0,3201.0,False
尹志超,5101.0,5101.0,False
尹恒,1100.0,1100.0,False
尹振东,3701.0,1100.0,True
尹振涛,1100.0,1100.0,False
尹毅飞,6101.0,6101.0,False
尹翔硕,3100.0,3100.0,False
尹虹潘,5000.0,5000.0,False
尹银,1100.0,1100.0,False
尹雷,2101.0,2101.0,False
尹骞翮,1100.0,1100.0,False
尹龙,1100.0,1100.0,False
屈子力,1200.0,1200.0,False
屈小娥,6101.0,6101.0,False
屈文洲,3502.0,3502.0,False
屠年松,5301.0,5301.0,False
山立威,5101.0,5101.0,False
岑维,1100.0,1100.0,False
岳书敬,5101.0,5101.0,False
岳希明,1100.0,1100.0,False
岳昌君,1100.0,1100.0,False
岳贤平,3407.0,3407.0,False
崔婕,1401.0,1401.0,False
崔宏,1100.0,1100.0,False
崔恩慧,1200.0,1200.0,False
崔惠贤,3100.0,3100.0,False
崔日明,2101.0,2101.0,False
崔炳文,1200.0,1200.0,False
崔蓓,2102.0,2102.0,False
左志方,1100.0,1100.0,False
左振秀,2102.0,2102.0,False
左珩珺,1100.0,1100.0,False
左翔,3100.0,3100.0,False
巩宿裕,4401.0,4401.0,False
巩师恩,3201.0,3201.0,False
巫云仙,1100.0,1100.0,False
巫强,3201.0,1100.0,True
巫景飞,3201.0,3201.0,False
巴曙松,3401.0,1100.0,True
帅传敏,1100.0,1100.0,False
帖俊峰,1100.0,1100.0,False
席秀海,3705.0,3705.0,False
席鹏辉,1100.0,1100.0,False
常中阳,3100.0,3100.0,False
常晨,3100.0,3100.0,False
常进雄,3100.0,3100.0,False
常风林,1100.0,1100.0,False
干春晖,3100.0,3100.0,False
干杏娣,3100.0,3100.0,False
平新乔,1100.0,1100.0,False
庄启飞,3100.0,3100.0,False
庄妍,3702.0,3702.0,False
庄子罐,4201.0,4201.0,False
庄子银,4201.0,4201.0,False
庄晓玖,4201.0,4201.0,False
庄起善,3100.0,3100.0,False
应千伟,4401.0,4401.0,False
应莉雅,3502.0,3502.0,False
庞丽华,1100.0,1100.0,False
庞介民,5101.0,5101.0,False
庞念伟,1100.0,1100.0,False
庞晓波,2201.0,2201.0,False
庞淑娟,1100.0,1100.0,False
庞瑞芝,1200.0,1200.0,False
康卫华,1200.0,1200.0,False
康珂,1100.0,1100.0,False
康立,1100.0,1100.0,False
康继军,5000.0,5000.0,False
廉永辉,1200.0,1200.0,False
廖国民,3100.0,3100.0,False
廖小东,5201.0,5201.0,False
廖尧麟,1200.0,1200.0,False
廖平之,1100.0,1100.0,False
廖成林,5000.0,5000.0,False
廖明情,4401.0,4401.0,False
廖理,1100.0,1100.0,False
廖艳嫔,4401.0,4401.0,False
弓劲梅,1200.0,1200.0,False
张一林,5101.0,5101.0,False
张三峰,3201.0,3201.0,False
张世君,1100.0,1100.0,False
张世晴,1200.0,1200.0,False
张世英,1200.0,1200.0,False
张东刚,1200.0,1100.0,True
张东祥,4201.0,4201.0,False
张中元,1100.0,1100.0,False
张中朝,1100.0,1100.0,False
张丹丹,1100.0,1100.0,False
张丹妮,3201.0,3201.0,False
张为付,3201.0,3201.0,False
张丽,1200.0,1200.0,False
张丽华,5301.0,5301.0,False
张丽坤,1100.0,1100.0,False
张义博,1100.0,1100.0,False
张云,1200.0,1100.0,True
张亚军,5201.0,5201.0,False
张亚斌,4301.0,4301.0,False
张亚雄,1100.0,1100.0,False
张亦春,3502.0,3502.0,False
张亨明,3401.0,3401.0,False
张京心,4401.0,4401.0,False
张仁德,1200.0,1200.0,False
张仁枫,5101.0,5101.0,False
张伟,5201.0,1100.0,True
张伟进,6101.0,6101.0,False
张传勇,3100.0,3100.0,False
张伯伟,1200.0,1200.0,False
张佐敏,4401.0,4401.0,False
张俊妮,1100.0,1100.0,False
张俊山,1200.0,1200.0,False
张健华,1100.0,1100.0,False
张先锋,3401.0,3401.0,False
张光利,1100.0,1100.0,False
张光南,4401.0,4401.0,False
张光平,3100.0,3100.0,False
张兴亮,3304.0,3304.0,False
张兴华,3401.0,3401.0,False
张兵,3201.0,1200.0,True
张冀,1100.0,1100.0,False
张再生,1200.0,1200.0,False
张军,3100.0,3100.0,False
张凌翔,1200.0,1200.0,False
张凯,1100.0,1100.0,False
张利风,3301.0,3301.0,False
张前程,3401.0,3401.0,False
张剑,5101.0,5101.0,False
张剑虎,1200.0,1200.0,False
张勇,4401.0,1100.0,True
张勋,1100.0,1100.0,False
张华,3201.0,3201.0,False
张协奎,4501.0,4501.0,False
张卓元,1100.0,1100.0,False
张卫国,5000.0,3701.0,True
张卫平,3100.0,1100.0,True
张友国,1100.0,1100.0,False
张古鹏,1100.0,1100.0,False
张可云,1100.0,1100.0,False
张合金,5101.0,5101.0,False
张同斌,2102.0,2102.0,False
张同龙,4401.0,1200.0,True
张启迪,1100.0,1100.0,False
张坤,1100.0,1100.0,False
张大永,5101.0,5101.0,False
张天华,4401.0,4401.0,False
张太原,4301.0,4301.0,False
张威,4401.0,4401.0,False
张娜,3702.0,3702.0,False
张学功,4201.0,4201.0,False
张学勇,1100.0,1100.0,False
张学文,3100.0,3100.0,False
张学江,3502.0,3502.0,False
张学良,3100.0,3100.0,False
张宁,4401.0,1100.0,True
张宇,1200.0,1100.0,True
张宇燕,1100.0,1100.0,False
张安淇,3100.0,3100.0,False
张宏如,3204.0,3204.0,False
张宗新,3100.0,3100.0,False
张宗益,5000.0,5000.0,False
张定胜,4201.0,4201.0,False
张小茜,3301.0,3301.0,False
张少军,3502.0,3502.0,False
张少华,4401.0,4401.0,False
张屹东,1200.0,1200.0,False
张屹山,2201.0,2201.0,False
张岩,1100.0,1100.0,False
张岩贵,1200.0,1200.0,False
张峥,1100.0,1100.0,False
张峰,1200.0,1100.0,True
张峻晓,1100.0,1100.0,False
张川川,1100.0,1100.0,False
张平,3100.0,1100.0,True
张庆元,1200.0,1200.0,False
张庆君,1200.0,1100.0,True
张庆昌,1100.0,1100.0,False
张延群,1100.0,1100.0,False
张建军,4201.0,1100.0,True
张建华,4201.0,4201.0,False
张建君,1100.0,1100.0,False
张建波,3701.0,3701.0,False
张建琦,4401.0,4401.0,False
张建红,5301.0,5301.0,False
张弢,3100.0,3100.0,False
张强,5301.0,1100.0,True
张彤,5101.0,5101.0,False
张彤玉,1200.0,1200.0,False
张彤进,1200.0,1200.0,False
张彬,4201.0,4201.0,False
张彬斌,1100.0,1100.0,False
张征宇,3100.0,3100.0,False
张德荣,3502.0,3502.0,False
张志文,4401.0,4401.0,False
张志柏,3100.0,3100.0,False
张志超,1200.0,1200.0,False
张惠,4401.0,3201.0,True
张慕濒,3201.0,3201.0,False
张成,3201.0,3201.0,False
张成思,1100.0,1100.0,False
张成虎,6101.0,6101.0,False
张扬,4101.0,4101.0,False
张承惠,1100.0,1100.0,False
张捷,4401.0,4401.0,False
张敏,1100.0,1100.0,False
张敬峰,1100.0,1100.0,False
张文君,3502.0,3502.0,False
张文武,3201.0,3201.0,False
张文璋,3502.0,3502.0,False
张文魁,1100.0,1100.0,False
张斌,1100.0,1100.0,False
张新,1100.0,1100.0,False
张新泽,1100.0,1100.0,False
张方杰,3702.0,3702.0,False
张日新,2101.0,2101.0,False
张旭昆,3301.0,3301.0,False
张明,1100.0,1100.0,False
张明海,3100.0,3100.0,False
张昕竹,3601.0,3601.0,False
张晏,3100.0,1100.0,True
张晓东,2102.0,2102.0,False
张晓军,1200.0,1200.0,False
张晓凤,6401.0,6401.0,False
张晓娣,3100.0,3100.0,False
张晓宏,1100.0,1100.0,False
张晓山,1100.0,1100.0,False
张晓峒,1200.0,1200.0,False
张晓慧,1100.0,1100.0,False
张晓旭,6101.0,6101.0,False
张晓晶,1100.0,1100.0,False
张晓燕,1401.0,1401.0,False
张晓玫,5101.0,5101.0,False
张晓莉,3100.0,3100.0,False
张晔,3201.0,3201.0,False
张晖明,3100.0,3100.0,False
张晗,2102.0,2102.0,False
张晶,3701.0,3701.0,False
张曙光,1100.0,1100.0,False
张曙霄,2201.0,2201.0,False
张曦,2301.0,2301.0,False
张未末,3100.0,3100.0,False
张杰,6101.0,1100.0,True
张松孝,2102.0,2102.0,False
张松洁,1100.0,1100.0,False
张林,5101.0,5101.0,False
张林秀,1100.0,1100.0,False
张栋,4101.0,4101.0,False
张格,1100.0,1100.0,False
张桥云,5101.0,5101.0,False
张梦婷,3302.0,3302.0,False
张棋,1100.0,1100.0,False
张楠,1100.0,1100.0,False
张正堂,3201.0,3201.0,False
张正平,1100.0,1100.0,False
张毓茜,3100.0,3100.0,False
张永强,1200.0,1200.0,False
张永林,1100.0,1100.0,False
张江莉,1100.0,1100.0,False
张治,3201.0,3201.0,False
张波,4403.0,1200.0,True
张洁,1200.0,1200.0,False
张洪,5301.0,5301.0,False
张洪武,1100.0,1100.0,False
张洪辉,4201.0,4201.0,False
张海,4301.0,4301.0,False
张海峰,1100.0,1100.0,False
张海洋,3301.0,1100.0,True
张海鹏,1200.0,1200.0,False
张涛,3100.0,3100.0,False
张淦,3201.0,3201.0,False
张清勇,1100.0,1100.0,False
张满银,1100.0,1100.0,False
张瀛,3100.0,3100.0,False
张炳申,4401.0,4401.0,False
张焕明,6101.0,6101.0,False
张熠,3100.0,3100.0,False
张爱民,3100.0,3100.0,False
张爽,3100.0,3100.0,False
张玉明,3100.0,3100.0,False
张玮婷,3100.0,3100.0,False
张珩,6104.0,6104.0,False
张琥,1100.0,1100.0,False
张琦,4201.0,1200.0,True
张琪,1200.0,1200.0,False
张琳,1200.0,1200.0,False
张琴,3302.0,3302.0,False
张瑞稳,3401.0,3401.0,False
张璇,4201.0,4201.0,False
张璟,5101.0,5101.0,False
张矢的,1100.0,1100.0,False
张碧琼,1100.0,1100.0,False
张礼卿,1100.0,1100.0,False
张祥建,3100.0,3100.0,False
张立群,1100.0,1100.0,False
张竟成,1100.0,1100.0,False
张笑梅,1100.0,1100.0,False
张红,4401.0,1100.0,True
张红地,1100.0,1100.0,False
张红宇,5101.0,5101.0,False
张红梅,2201.0,2201.0,False
张绍岩,1200.0,1200.0,False
张绍瑞,1100.0,1100.0,False
张结海,3100.0,3100.0,False
张继袖,1100.0,1100.0,False
张维,3201.0,3201.0,False
张维迎,1100.0,1100.0,False
张羽,2102.0,1100.0,True
张翔,1100.0,1100.0,False
张翼,1100.0,1100.0,False
张耿,3100.0,3100.0,False
张肖飞,4101.0,4101.0,False
张育红,5000.0,5000.0,False
张自然,1100.0,1100.0,False
张航,3201.0,3201.0,False
张艳,4403.0,4403.0,False
张苏,1100.0,1100.0,False
张茵,6104.0,6104.0,False
张茹,3201.0,3201.0,False
张荔,2101.0,2101.0,False
张莉,4401.0,4401.0,False
张菡,1100.0,1100.0,False
张萍,3301.0,3301.0,False
张蕾,6101.0,6101.0,False
张薄洋,1200.0,1200.0,False
张衔,5101.0,5101.0,False
张衢,4401.0,4401.0,False
张诚,1200.0,1200.0,False
张赫,3100.0,3100.0,False
张超,3100.0,1200.0,True
张跃华,3301.0,3301.0,False
张跃文,1100.0,1100.0,False
张路,1200.0,1200.0,False
张车伟,1100.0,1100.0,False
张辉,1200.0,1100.0,True
张连众,1200.0,1200.0,False
张连城,1100.0,1100.0,False
张述存,3701.0,3701.0,False
张邦辉,5000.0,5000.0,False
张金宝,1100.0,1100.0,False
张铮,2201.0,2201.0,False
张锦华,3100.0,3100.0,False
张长龙,4401.0,4401.0,False
张阳,3201.0,3201.0,False
张雪兰,4201.0,4201.0,False
张雯,3601.0,3601.0,False
张霓,2101.0,2101.0,False
张霖琳,4401.0,4401.0,False
张靖佳,1200.0,1200.0,False
张静,1100.0,1100.0,False
张顺明,3502.0,3502.0,False
张颖,6101.0,6101.0,False
张风林,2102.0,2102.0,False
张馨,3502.0,3502.0,False
张鹏,1100.0,1100.0,False
张鹤,1100.0,1100.0,False
张黎娜,3201.0,3201.0,False
张龙耀,3201.0,3201.0,False
强永昌,3100.0,3100.0,False
彭佳,4201.0,4201.0,False
彭俞超,1100.0,1100.0,False
彭兴韵,1100.0,1100.0,False
彭凯翔,4102.0,4102.0,False
彭可茂,4401.0,4401.0,False
彭向,3205.0,3205.0,False
彭国华,4401.0,4401.0,False
彭川西,1100.0,1100.0,False
彭恒文,3100.0,1100.0,True
彭新敏,3302.0,3302.0,False
彭方平,4401.0,4401.0,False
彭明雪,1100.0,1100.0,False
彭晓博,1100.0,1100.0,False
彭欢,5000.0,5000.0,False
彭水军,3502.0,3502.0,False
彭江波,5101.0,1100.0,True
彭洁,3100.0,3100.0,False
彭科,4403.0,4403.0,False
彭红枫,4201.0,4201.0,False
彭金荣,1200.0,1200.0,False
彭长桂,1501.0,1501.0,False
彭雪梅,5101.0,5101.0,False
徐丽芳,3100.0,3100.0,False
徐亚平,3401.0,3401.0,False
徐伟呈,3702.0,3702.0,False
徐伟康,4201.0,4201.0,False
徐传谌,2201.0,2201.0,False
徐信忠,1100.0,1100.0,False
徐冬,1200.0,1200.0,False
徐冬根,3100.0,3100.0,False
徐博,2201.0,2201.0,False
徐培华,3100.0,3100.0,False
徐奇渊,1100.0,1100.0,False
徐妍,6101.0,6101.0,False
徐妙妙,5101.0,5101.0,False
徐宏伟,4201.0,4201.0,False
徐小华,3301.0,3301.0,False
徐康宁,3201.0,3201.0,False
徐康康,3100.0,3100.0,False
徐建炜,1100.0,1100.0,False
徐强胜,1100.0,1100.0,False
徐志刚,1100.0,1100.0,False
徐忠,1100.0,1100.0,False
徐慧娟,3100.0,3100.0,False
徐文舸,1100.0,1100.0,False
徐明东,3100.0,3100.0,False
徐明威,2101.0,2101.0,False
徐晋涛,1100.0,1100.0,False
徐晓东,1100.0,1100.0,False
徐晨阳,2102.0,2102.0,False
徐朝阳,1100.0,1100.0,False
徐枫,4401.0,1100.0,True
徐桂华,3100.0,3100.0,False
徐梁,3301.0,3301.0,False
徐欣,3201.0,3201.0,False
徐毅,3201.0,3201.0,False
徐沛,4401.0,4401.0,False
徐洪水,1100.0,1100.0,False
徐浩萍,3100.0,3100.0,False
徐现祥,4401.0,4401.0,False
徐琰超,5301.0,1100.0,True
徐瑛,1100.0,1100.0,False
徐碧琳,1200.0,1200.0,False
徐磊,1100.0,1100.0,False
徐秋菊,5101.0,5101.0,False
徐程兴,1100.0,1100.0,False
徐筱雯,3201.0,3201.0,False
徐红,1100.0,1100.0,False
徐联初,1100.0,1100.0,False
徐舒,5101.0,5101.0,False
徐艺,1100.0,1100.0,False
徐芳,1100.0,1100.0,False
徐莉萍,4401.0,4401.0,False
徐诺金,1100.0,1100.0,False
徐辉,1100.0,1100.0,False
徐静,3401.0,3401.0,False
徐风华,1100.0,1100.0,False
徐飞,4201.0,4201.0,False
徐高,1100.0,1100.0,False
徐鹏程,1100.0,1100.0,False
徐龙炳,4401.0,4401.0,False
惠双民,1100.0,1100.0,False
惠平,3502.0,3502.0,False
慕刘伟,5101.0,5101.0,False
戈宏,1100.0,1100.0,False
戈建国,3100.0,1100.0,True
戎梅,1100.0,1100.0,False
成九雁,1100.0,1100.0,False
成刚,1100.0,1100.0,False
成思危,1100.0,1100.0,False
成瑾,3502.0,3502.0,False
成祺炯,3301.0,3301.0,False
战明华,3301.0,3301.0,False
戚桂林,1100.0,1100.0,False
戴亦一,3502.0,3502.0,False
戴园晨,1100.0,1100.0,False
戴国强,3100.0,3100.0,False
戴广,3201.0,3201.0,False
戴德明,1100.0,1100.0,False
戴文标,3301.0,3301.0,False
戴新华,4301.0,4301.0,False
戴晓兵,2102.0,2102.0,False
戴根有,1100.0,1100.0,False
戴治勇,3301.0,3301.0,False
戴璐,1100.0,1100.0,False
戴相龙,1100.0,1100.0,False
戴稳胜,1100.0,1100.0,False
戴纪星,1200.0,1200.0,False
戴维奇,3301.0,3301.0,False
戴翔,3403.0,3201.0,True
戴胜利,4201.0,4201.0,False
戴艳娟,4401.0,4401.0,False
戴觅,1100.0,1100.0,False
戴金平,1200.0,1200.0,False
戴静,4201.0,4201.0,False
戴魁早,3301.0,3301.0,False
房巧玲,3702.0,3702.0,False
才国伟,4401.0,4401.0,False
拉孜克·买买提,1100.0,1100.0,False
支兆华,1100.0,1100.0,False
支燕,1200.0,1200.0,False
敖荣军,4201.0,4201.0,False
敬志勇,3100.0,3100.0,False
文东伟,1200.0,1200.0,False
文忠桥,3403.0,3403.0,False
文贯中,3100.0,3100.0,False
斯文,3100.0,3100.0,False
斯晓夫,3301.0,3301.0,False
斯琴图雅,3100.0,3100.0,False
方五一,4201.0,4201.0,False
方俊智,5301.0,5301.0,False
方兆本,3401.0,3401.0,False
方先明,3201.0,3201.0,False
方军雄,3100.0,3100.0,False
方勇,3201.0,3201.0,False
方匡南,3502.0,3502.0,False
方少林,4401.0,4401.0,False
方师乐,3301.0,3301.0,False
方平,1100.0,1100.0,False
方意,1100.0,1100.0,False
方慧,3701.0,3701.0,False
方敏,1100.0,1100.0,False
方文全,3100.0,3100.0,False
方斐,3301.0,3301.0,False
方明月,1100.0,1100.0,False
方琦,5101.0,5101.0,False
方福前,1100.0,1100.0,False
方红生,3301.0,3100.0,True
方草,1200.0,1200.0,False
方长丰,2102.0,2102.0,False
方颖,3502.0,3502.0,False
施东晖,3100.0,3100.0,False
施信,1200.0,1200.0,False
施刚,3201.0,3201.0,False
施华强,1100.0,1100.0,False
施卓敏,4401.0,4401.0,False
施建淮,1100.0,1100.0,False
施炳展,1200.0,1200.0,False
施路,3100.0,3100.0,False
施锡铨,3100.0,3100.0,False
旺堆,1100.0,1100.0,False
昌忠泽,1100.0,1100.0,False
易 纲,1100.0,1100.0,False
易会满,3201.0,3201.0,False
易信,1100.0,1100.0,False
易先忠,4301.0,3201.0,True
易志高,3201.0,3201.0,False
易祯,1100.0,1100.0,False
易纲,1100.0,1100.0,False
易荣华,3301.0,3301.0,False
易行健,4401.0,4401.0,False
易靖韬,1100.0,1100.0,False
星焱,1100.0,1100.0,False
晏维龙,3201.0,3201.0,False
景珮,1200.0,1200.0,False
景秀丽,4401.0,4401.0,False
景维民,1200.0,1200.0,False
曲亮,1200.0,1200.0,False
曲兆鹏,1100.0,1100.0,False
曲小刚,6104.0,6104.0,False
曲振涛,2301.0,1100.0,True
曲昭光,2101.0,2101.0,False
曲洪建,3100.0,3100.0,False
曲玥,1100.0,1100.0,False
曲福田,3201.0,3201.0,False
曹丽,6101.0,6101.0,False
曹元涛,1200.0,1200.0,False
曹军新,3601.0,3601.0,False
曹凤岐,1100.0,1100.0,False
曹利莎,3211.0,3211.0,False
曹力群,1100.0,1100.0,False
曹华,1200.0,1200.0,False
曹卫华,6101.0,6101.0,False
曹吉云,1200.0,1200.0,False
曹和平,1100.0,1100.0,False
曹国,3204.0,3204.0,False
曹国华,5000.0,5000.0,False
曹小衡,1200.0,1200.0,False
曹廷求,3701.0,3701.0,False
曹建海,1100.0,1100.0,False
曹慧丰,1100.0,1100.0,False
曹振良,1200.0,1200.0,False
曹春方,5101.0,4401.0,True
曹桂全,1200.0,1200.0,False
曹永福,1100.0,1100.0,False
曹海军,3100.0,3100.0,False
曹涌涛,5000.0,5000.0,False
曹清峰,1200.0,1200.0,False
曹源芳,3201.0,3201.0,False
曹祖毅,4201.0,4201.0,False
曹红辉,1100.0,1100.0,False
曹艳华,6101.0,3702.0,True
曹苏峰,1200.0,1200.0,False
曹越,4301.0,4301.0,False
曹阳,5101.0,3100.0,True
曹雪锋,4401.0,4401.0,False
曹静,1200.0,1100.0,True
曹麟,4301.0,4301.0,False
曾令华,4301.0,4301.0,False
曾伟,1100.0,1100.0,False
曾刚,1100.0,1100.0,False
曾宪久,5101.0,5101.0,False
曾广胜,1200.0,1200.0,False
曾庆生,3100.0,3100.0,False
曾康霖,5101.0,5101.0,False
曾建光,5101.0,1100.0,True
曾晶,3100.0,3100.0,False
曾毅,1100.0,1100.0,False
曾沫冰,4201.0,4201.0,False
曾浩,1100.0,1100.0,False
曾海舰,4501.0,4401.0,True
曾湘泉,1100.0,1100.0,False
曾红颖,1100.0,1100.0,False
曾莹,3100.0,3100.0,False
曾裕峰,3100.0,3100.0,False
曾长虹,4301.0,4301.0,False
曾雪云,1100.0,1100.0,False
曾颖,1100.0,1100.0,False
朱东辰,3301.0,3301.0,False
朱丽,1200.0,1200.0,False
朱丽萍,1100.0,1100.0,False
朱伟骅,3100.0,3100.0,False
朱依曦,3201.0,3201.0,False
朱俊杰,5101.0,5101.0,False
朱信凯,1100.0,1100.0,False
朱元倩,1100.0,1100.0,False
朱光伟,5101.0,5101.0,False
朱光华,1200.0,1200.0,False
朱克桐,6101.0,6101.0,False
朱军,3201.0,3201.0,False
朱农,4201.0,4201.0,False
朱南,5101.0,5101.0,False
朱南军,1100.0,1100.0,False
朱博文,3701.0,3701.0,False
朱卫东,3401.0,3401.0,False
朱叶,3100.0,3100.0,False
朱喜,3100.0,3100.0,False
朱国忠,1100.0,1100.0,False
朱国林,3100.0,3100.0,False
朱国钟,1100.0,1100.0,False
朱天,3100.0,3100.0,False
朱太辉,1100.0,1100.0,False
朱宁,4401.0,4401.0,False
朱宝宪,1100.0,1100.0,False
朱宪辰,3201.0,3201.0,False
朱希伟,3301.0,3301.0,False
朱平芳,3100.0,3100.0,False
朱建国,3100.0,3100.0,False
朱建武,1200.0,1200.0,False
朱彤,1200.0,1200.0,False
朱恒鹏,1100.0,1100.0,False
朱慧,3301.0,3301.0,False
朱成科,1100.0,1100.0,False
朱敏,1100.0,1100.0,False
朱文晖,3100.0,1100.0,True
朱文革,3100.0,3100.0,False
朱旭峰,1100.0,1100.0,False
朱明,5101.0,5101.0,False
朱明星,3701.0,3701.0,False
朱映惠,1100.0,1100.0,False
朱春燕,3701.0,3701.0,False
朱晶,3201.0,3201.0,False
朱楚珠,6101.0,6101.0,False
朱武祥,1100.0,1100.0,False
朱殊洋,4401.0,4401.0,False
朱毅峰,1100.0,1100.0,False
朱江丽,3201.0,3201.0,False
朱沆,4401.0,4401.0,False
朱海莎,6101.0,6101.0,False
朱涛,3201.0,3201.0,False
朱澄,1100.0,1100.0,False
朱炜,3701.0,3701.0,False
朱玲,1100.0,1100.0,False
朱纯福,3100.0,3100.0,False
朱艳敏,3205.0,3205.0,False
朱苏丽,4201.0,4201.0,False
朱荫贵,3100.0,3100.0,False
朱莉芬,5000.0,5000.0,False
朱蓉,1100.0,1100.0,False
朱超,1100.0,1100.0,False
朱轶,4401.0,4401.0,False
朱钟棣,3100.0,3100.0,False
朱钧钧,3100.0,3100.0,False
朱铭来,1200.0,1200.0,False
朴哲范,3301.0,3301.0,False
权小锋,3502.0,3205.0,True
李 豫,3100.0,3100.0,False
李三希,1100.0,1100.0,False
李世刚,4401.0,1100.0,True
李丛文,1200.0,1200.0,False
李东,2301.0,2301.0,False
李丹,3201.0,3201.0,False
李义平,1100.0,1100.0,False
李义超,3301.0,3301.0,False
李书娟,4401.0,4401.0,False
李云娥,1200.0,1200.0,False
李云森,5000.0,5000.0,False
李云珠,4201.0,4201.0,False
李井林,4201.0,4201.0,False
李仲飞,4401.0,4401.0,False
李任玉,5101.0,4403.0,True
李伏安,1100.0,1100.0,False
李伟,1100.0,1100.0,False
李伟伟,1100.0,1100.0,False
李伟杰,1100.0,1100.0,False
李余,5101.0,5101.0,False
李佳,3301.0,1100.0,True
李俊青,1200.0,1200.0,False
李健,4201.0,1100.0,True
李健英,1200.0,1200.0,False
李元,3100.0,3100.0,False
李光华,3100.0,3100.0,False
李光泗,3201.0,3201.0,False
李克穆,1100.0,1100.0,False
李兰,1100.0,1100.0,False
李兰冰,1200.0,1200.0,False
李兵,1100.0,1100.0,False
李军林,1100.0,1100.0,False
李冬昕,3201.0,3201.0,False
李冰清,1200.0,1200.0,False
李凤,5101.0,5101.0,False
李凤城,1200.0,1200.0,False
李刚,3100.0,3100.0,False
李前胜,2101.0,2101.0,False
李剑,3701.0,3701.0,False
李剑阁,1100.0,1100.0,False
李力行,1100.0,1100.0,False
李勇,6101.0,6101.0,False
李勤,1100.0,1100.0,False
李华,3100.0,3100.0,False
李华民,4401.0,4401.0,False
李发昇,1200.0,1200.0,False
李后建,5118.0,5118.0,False
李君,1100.0,1100.0,False
李君华,4301.0,4201.0,True
李周,1100.0,1100.0,False
李哲,3100.0,3100.0,False
李善同,1100.0,1100.0,False
李善民,4401.0,4401.0,False
李嘉楠,3502.0,3502.0,False
李四海,4401.0,4201.0,True
李国平,6101.0,6101.0,False
李国正,1100.0,1100.0,False
李坤望,1200.0,1200.0,False
李培功,3502.0,3502.0,False
李培馨,1100.0,1100.0,False
李堪,1100.0,1100.0,False
李增刚,3701.0,3701.0,False
李增泉,3100.0,3100.0,False
李增福,4401.0,4401.0,False
李大勇,1200.0,1200.0,False
李大武,1100.0,1100.0,False
李天宇,2201.0,2201.0,False
李天栋,3100.0,3100.0,False
李威,1100.0,1100.0,False
李子奈,1100.0,1100.0,False
李子联,3201.0,3201.0,False
李学峰,1200.0,1200.0,False
李宁,3201.0,3201.0,False
李宇嘉,4401.0,4401.0,False
李守耕,1100.0,1100.0,False
李安方,3100.0,3100.0,False
李宏,1200.0,1200.0,False
李宏彬,1100.0,1100.0,False
李宏瑾,2201.0,1100.0,True
李定安,4401.0,4401.0,False
李宝伟,1200.0,1200.0,False
李宝元,1100.0,1100.0,False
李宝库,2109.0,2109.0,False
李宝翼,1100.0,1100.0,False
李实,1100.0,1100.0,False
李家军,6101.0,6101.0,False
李容根,1200.0,1200.0,False
李宾,4303.0,1100.0,True
李富有,6101.0,6101.0,False
李小娟,1401.0,1401.0,False
李小平,4201.0,3201.0,True
李小林,3702.0,3702.0,False
李小瑛,4401.0,4401.0,False
李小胜,3403.0,3403.0,False
李小龙,3301.0,3301.0,False
李少育,5101.0,5101.0,False
李尚骜,4201.0,1100.0,True
李岩,2101.0,2101.0,False
李峥,1100.0,1100.0,False
李巍,3100.0,3100.0,False
李常青,3502.0,3502.0,False
李平,3703.0,1100.0,True
李平华,3201.0,3201.0,False
李广乾,1100.0,1100.0,False
李广众,4401.0,4401.0,False
李广子,1100.0,1100.0,False
李庆海,3201.0,1100.0,True
李康,3100.0,3100.0,False
李延军,1200.0,1200.0,False
李建伟,1100.0,1100.0,False
李建军,5101.0,1100.0,True
李建国,6101.0,6101.0,False
李建平,3501.0,3501.0,False
李建建,3501.0,3501.0,False
李建德,3601.0,3601.0,False
李建标,1200.0,1200.0,False
李建英,3306.0,3306.0,False
李开斌,3506.0,3506.0,False
李强,5101.0,1200.0,True
李彬,1100.0,1100.0,False
李德,1100.0,1100.0,False
李德升,6101.0,6101.0,False
李德峰,1100.0,1100.0,False
李德水,1100.0,1100.0,False
李心丹,3201.0,3201.0,False
李志强,1100.0,1100.0,False
李志生,4201.0,4201.0,False
李志赟,1100.0,1100.0,False
李志辉,1200.0,1200.0,False
李志远,3100.0,3100.0,False
李念,3100.0,3100.0,False
李思飞,1100.0,1100.0,False
李慧,3100.0,3100.0,False
李慧中,3100.0,3100.0,False
李成,6101.0,1100.0,True
李扬,1100.0,1100.0,False
李拉亚,3505.0,3505.0,False
李拓,4301.0,4301.0,False
李振,1100.0,1100.0,False
李捷,1100.0,1100.0,False
李捷瑜,4401.0,4401.0,False
李敏波,1100.0,1100.0,False
李敬,5000.0,5000.0,False
李敬辉,1100.0,1100.0,False
李文佶,1100.0,1100.0,False
李文星,5101.0,4201.0,True
李文溥,3502.0,3502.0,False
李文群,1100.0,1100.0,False
李文艳,4401.0,4401.0,False
李文贵,3301.0,3301.0,False
李斌,3502.0,1100.0,True
李新,3100.0,1100.0,True
李新春,4401.0,4401.0,False
李新荣,1100.0,1100.0,False
李昊,1200.0,1200.0,False
李明,1100.0,1100.0,False
李明贤,4301.0,4301.0,False
李春吉,3201.0,3201.0,False
李春涛,1100.0,1100.0,False
李春顶,1100.0,1100.0,False
李昭华,4201.0,4201.0,False
李晓,2201.0,2201.0,False
李晓义,1200.0,1200.0,False
李晓宇,1100.0,1100.0,False
李晓峰,3502.0,3502.0,False
李晓林,1100.0,1100.0,False
李晓渝,5101.0,5101.0,False
李晓西,1100.0,1100.0,False
李曜,3100.0,3100.0,False
李月,1200.0,1200.0,False
李月平,1200.0,1200.0,False
李杏,3201.0,3201.0,False
李杰,4403.0,3301.0,True
李松国,1100.0,1100.0,False
李林木,3201.0,3201.0,False
李栋文,3502.0,3502.0,False
李树,5000.0,5000.0,False
李树培,1200.0,1200.0,False
李树林,2301.0,2301.0,False
李桂琴,3201.0,3201.0,False
李楠,3100.0,1100.0,True
李毅,3100.0,3100.0,False
李永友,3301.0,3201.0,True
李汉军,1100.0,1100.0,False
李江一,5101.0,5101.0,False
李江帆,4401.0,4401.0,False
李治国,3100.0,3100.0,False
李泉,3100.0,3100.0,False
李波,3401.0,3401.0,False
李泳,1100.0,1100.0,False
李泽广,1200.0,1200.0,False
李洁明,3100.0,3100.0,False
李洪亚,3302.0,3302.0,False
李浩,3302.0,3302.0,False
李海伟,1200.0,1200.0,False
李海明,5000.0,5000.0,False
李海洪,1100.0,1100.0,False
李海涛,5101.0,5101.0,False
李海舰,1100.0,1100.0,False
李海英,1200.0,1200.0,False
李涛,5000.0,1100.0,True
李润平,1100.0,1100.0,False
李淑锦,3301.0,3301.0,False
李炳念,1200.0,1200.0,False
李焰,1100.0,1100.0,False
李燕凌,4301.0,4301.0,False
李燕平,1100.0,1100.0,False
李猛,3100.0,1100.0,True
李玉梅,1100.0,1100.0,False
李玉红,1100.0,1100.0,False
李珍,4201.0,4201.0,False
李琦,1100.0,1100.0,False
李琳,1100.0,1100.0,False
李琴,4401.0,4401.0,False
李瑞林,5301.0,5301.0,False
李真,3100.0,3100.0,False
李磊,1200.0,1200.0,False
李秀芳,1200.0,1200.0,False
李科,3100.0,3100.0,False
李稻葵,1100.0,1100.0,False
李红,3601.0,3601.0,False
李红侠,4403.0,4403.0,False
李红权,4301.0,4301.0,False
李红阳,1200.0,1200.0,False
李红霞,5000.0,5000.0,False
李绍光,1100.0,1100.0,False
李绍荣,1100.0,1100.0,False
李继尊,1100.0,1100.0,False
李维安,1200.0,1200.0,False
李罗力,4403.0,4403.0,False
李育,1100.0,1100.0,False
李胜华,1100.0,1100.0,False
李胜文,4401.0,4401.0,False
李胜旗,1100.0,1100.0,False
李自杰,1100.0,1100.0,False
李舜蛟,6201.0,6201.0,False
李良,3100.0,3100.0,False
李良松,1100.0,1100.0,False
李芝倩,3201.0,3201.0,False
李苍舒,1100.0,1100.0,False
李英民,1100.0,1100.0,False
李莉,1200.0,1200.0,False
李蕾,1100.0,1100.0,False
李虹,3100.0,1100.0,True
李计广,1100.0,1100.0,False
李谷成,4201.0,4201.0,False
李超,5101.0,1100.0,True
李辉,1100.0,1100.0,False
李达,1100.0,1100.0,False
李远勤,3100.0,3100.0,False
李远鹏,3100.0,3100.0,False
李连发,1100.0,1100.0,False
李逸飞,1100.0,1100.0,False
李郇,4401.0,4401.0,False
李金勇,3100.0,3100.0,False
李金华,1100.0,1100.0,False
李金波,1100.0,1100.0,False
李鑫,1100.0,1100.0,False
李钟林,2224.0,2224.0,False
李钢,1100.0,1100.0,False
李铁映,1100.0,1100.0,False
李锋亮,1100.0,1100.0,False
李锐,1100.0,1100.0,False
李锴,4201.0,4201.0,False
李长英,1200.0,1200.0,False
李长青,5101.0,5101.0,False
李雪松,1100.0,1100.0,False
李雪灵,2201.0,2201.0,False
李雪莲,5101.0,1200.0,True
李雪辉,4401.0,4401.0,False
李雯,1100.0,1100.0,False
李霁友,3100.0,3100.0,False
李青原,4201.0,4201.0,False
李靖,3100.0,3100.0,False
李静,3401.0,1200.0,True
李非,1200.0,1200.0,False
李韬,6104.0,6104.0,False
李颖,6201.0,6201.0,False
李飞跃,1200.0,1200.0,False
李鹏,4101.0,4101.0,False
杜丽虹,1100.0,1100.0,False
杜佳,1200.0,1200.0,False
杜修立,2102.0,2102.0,False
杜兴强,3502.0,3502.0,False
杜冰青,1100.0,1100.0,False
杜凤莲,1100.0,1100.0,False
杜凯,3201.0,3201.0,False
杜创,1100.0,1100.0,False
杜勇,5000.0,5000.0,False
杜勇宏,1200.0,1200.0,False
杜建华,4201.0,4201.0,False
杜江,5101.0,5101.0,False
杜海韬,5101.0,5101.0,False
杜秦川,1100.0,1100.0,False
杜莉,2201.0,2201.0,False
杜萌,1100.0,1100.0,False
杜辉,2102.0,2102.0,False
杜运周,3201.0,3201.0,False
杜鑫,1100.0,1100.0,False
杜颖,1100.0,1100.0,False
杜鹏,1100.0,1100.0,False
来有为,1100.0,1100.0,False
杨东升,1100.0,1100.0,False
杨丹,5101.0,5101.0,False
杨为官,3702.0,3702.0,False
杨云彦,4201.0,4201.0,False
杨仲强,1200.0,1200.0,False
杨俊,1200.0,1100.0,True
杨俊杰,4201.0,4201.0,False
杨元泽,6101.0,6101.0,False
杨先明,5301.0,5301.0,False
杨光,3100.0,1200.0,True
杨全发,4401.0,4401.0,False
杨其静,1100.0,1100.0,False
杨军华,3401.0,3401.0,False
杨剑侠,5000.0,3100.0,True
杨勇,4201.0,3201.0,True
杨华磊,6201.0,1100.0,True
杨国新,1200.0,1200.0,False
杨国超,4201.0,4201.0,False
杨坤,4401.0,4401.0,False
杨培鸿,1100.0,1100.0,False
杨大光,2201.0,2201.0,False
杨大楷,3100.0,3100.0,False
杨天健,1100.0,1100.0,False
杨天宇,1100.0,1100.0,False
杨如彦,1100.0,1100.0,False
杨娟,1100.0,1100.0,False
杨婵,3100.0,3100.0,False
杨子晖,4401.0,4401.0,False
杨学成,1100.0,1100.0,False
杨宏恩,4102.0,4102.0,False
杨小海,3100.0,3100.0,False
杨峰,1100.0,1100.0,False
杨帆,3100.0,3100.0,False
杨庆和,1406.0,1406.0,False
杨建明,1100.0,1100.0,False
杨建清,4419.0,4419.0,False
杨德勇,1100.0,1100.0,False
杨德怀,1100.0,1100.0,False
杨德才,3201.0,3201.0,False
杨德明,1100.0,1100.0,False
杨忠,3201.0,3201.0,False
杨思群,1100.0,1100.0,False
杨恩,5101.0,5101.0,False
杨慧宇,3201.0,3201.0,False
杨战胜,3302.0,3302.0,False
杨招军,4301.0,4301.0,False
杨振,1100.0,1100.0,False
杨振兵,1200.0,1200.0,False
杨振宇,4401.0,4401.0,False
杨敬年,1200.0,1200.0,False
杨文,4403.0,1100.0,True
杨文辉,1100.0,1100.0,False
杨新铭,1100.0,1100.0,False
杨春学,1100.0,1100.0,False
杨春林,4401.0,4401.0,False
杨晓兰,3100.0,3100.0,False
杨晓敏,1100.0,1100.0,False
杨晓晨,1100.0,1100.0,False
杨晓玲,1200.0,1200.0,False
杨智元,3502.0,3502.0,False
杨曦,3502.0,3502.0,False
杨朝军,3100.0,3100.0,False
杨林,5301.0,5301.0,False
杨枝煌,1100.0,1100.0,False
杨柳,4201.0,1100.0,True
杨栋,1100.0,1100.0,False
杨栋梁,1200.0,1200.0,False
杨森,4201.0,4201.0,False
杨欢,3100.0,3100.0,False
杨永恒,1100.0,1100.0,False
杨汝岱,4303.0,1100.0,True
杨泽文,4401.0,4401.0,False
杨海燕,3100.0,3100.0,False
杨海珍,1100.0,1100.0,False
杨海生,4401.0,4401.0,False
杨海群,1100.0,1100.0,False
杨涛,6101.0,6101.0,False
杨清海,1200.0,1200.0,False
杨灿明,4201.0,4201.0,False
杨玉龙,3301.0,3301.0,False
杨玲丽,3100.0,3100.0,False
杨珍增,1200.0,1200.0,False
杨瑞龙,1100.0,1100.0,False
杨畅,1200.0,1200.0,False
杨盼盼,1100.0,1100.0,False
杨秀萍,2101.0,2101.0,False
杨秋菊,3100.0,3100.0,False
杨立岩,1100.0,1100.0,False
杨素兰,1100.0,1100.0,False
杨经国,4401.0,4401.0,False
杨继东,1100.0,1100.0,False
杨继军,3201.0,3201.0,False
杨继国,3502.0,3502.0,False
杨继生,4201.0,4201.0,False
杨耀武,1100.0,1100.0,False
杨肃昌,6201.0,6201.0,False
杨胜刚,4301.0,4301.0,False
杨艳琳,4201.0,4201.0,False
杨艳红,3100.0,3100.0,False
杨荣海,3201.0,3201.0,False
杨蕙馨,3701.0,3701.0,False
杨记军,5101.0,5101.0,False
杨赞,1100.0,1100.0,False
杨进,4201.0,4201.0,False
杨连星,1100.0,1100.0,False
杨道广,1100.0,1100.0,False
杨钧,1100.0,1100.0,False
杨长江,3100.0,3100.0,False
杨雷,1100.0,1100.0,False
杨静,1100.0,1100.0,False
杨风禄,3701.0,3701.0,False
杭斌,1401.0,1401.0,False
林乐,1100.0,1100.0,False
林伯强,3502.0,3501.0,True
林光华,3201.0,3201.0,False
林冬元,4303.0,4303.0,False
林勇,4401.0,4401.0,False
林卉,3501.0,3501.0,False
林后春,1100.0,1100.0,False
林宝清,3502.0,3502.0,False
林展,1100.0,1100.0,False
林岗,1100.0,1100.0,False
林川,5000.0,5000.0,False
林平,1100.0,1100.0,False
林广明,1100.0,1100.0,False
林建浩,4401.0,4401.0,False
林忠晶,1100.0,1100.0,False
林文生,3100.0,3100.0,False
林文顺,1200.0,1200.0,False
林树,3201.0,3201.0,False
林楠,1100.0,1100.0,False
林毅夫,1100.0,1100.0,False
林民书,3502.0,3502.0,False
林汉川,1100.0,1100.0,False
林泓,3502.0,3502.0,False
林洪明,5101.0,5101.0,False
林浚清,3301.0,3301.0,False
林润辉,1200.0,1200.0,False
林煜恩,3507.0,2201.0,True
林玉伦,1100.0,1100.0,False
林理升,3100.0,3100.0,False
林琳,3201.0,3201.0,False
林祺,3301.0,3301.0,False
林立国,3100.0,3100.0,False
林章悦,1200.0,1200.0,False
林细细,1100.0,1100.0,False
林莞娟,1100.0,1100.0,False
柏培文,3502.0,3502.0,False
柏桦,1200.0,1200.0,False
柯善咨,4301.0,4301.0,False
柯建飞,3505.0,3505.0,False
柯荣住,3301.0,3301.0,False
柳卸林,1100.0,1100.0,False
柳建华,4401.0,4401.0,False
柳思维,4301.0,4301.0,False
柳明,1200.0,1200.0,False
柳楠,1100.0,1100.0,False
柳欣,1200.0,1200.0,False
柳越,1100.0,1100.0,False
柴国俊,5101.0,5101.0,False
柴效武,3301.0,3301.0,False
柴正猛,1200.0,1200.0,False
柴用栋,1100.0,1100.0,False
栾存存,1100.0,1100.0,False
栾惠德,1200.0,1200.0,False
栾雅钧,1200.0,1200.0,False
桂勇,3100.0,3100.0,False
桂林,3601.0,3601.0,False
桂荷发,3601.0,1100.0,True
桑自国,1200.0,1200.0,False
梁上坤,1100.0,1100.0,False
梁东黎,3201.0,3201.0,False
梁云芳,2102.0,2102.0,False
梁冰,3100.0,3100.0,False
梁婧,1100.0,1100.0,False
梁岚雨,3100.0,3100.0,False
梁帅,5201.0,5201.0,False
梁平汉,5101.0,4401.0,True
梁强,4405.0,4405.0,False
梁文泉,3100.0,3100.0,False
梁斯,6501.0,6501.0,False
梁权熙,4501.0,4501.0,False
梁柱,4401.0,4401.0,False
梁正,1200.0,1100.0,True
梁热,1200.0,1200.0,False
梁猛,4201.0,4201.0,False
梁玉堂,1100.0,1100.0,False
梁琦,4401.0,3201.0,True
梁琪,1200.0,1200.0,False
梁若冰,3502.0,3502.0,False
梁运文,4501.0,4501.0,False
梅世云,1100.0,1100.0,False
梅亮,3301.0,3301.0,False
梅冬州,1100.0,1100.0,False
楼国强,3100.0,1100.0,True
楼文高,3100.0,3100.0,False
楼文龙,1100.0,1100.0,False
楼铭铭,3100.0,3100.0,False
樊丽明,3701.0,3100.0,True
樊明太,1100.0,1100.0,False
樊潇彦,3100.0,3100.0,False
樊福卓,3100.0,3100.0,False
樊纲,1100.0,1100.0,False
樊苗江,1200.0,1200.0,False
樊茂清,1100.0,1100.0,False
樊颖,1100.0,1100.0,False
欧阳峣,4301.0,4301.0,False
欧阳志刚,4201.0,3601.0,True
欧阳日辉,1100.0,1100.0,False
欧阳葵,6101.0,6101.0,False
武力,1100.0,1100.0,False
武力超,3502.0,3502.0,False
武博华,6101.0,6101.0,False
武夏,3100.0,3100.0,False
武少俊,1100.0,1100.0,False
武常岐,1100.0,1100.0,False
武志伟,3201.0,3201.0,False
武红,1100.0,1100.0,False
武良成,1200.0,1200.0,False
武魏巍,4101.0,4101.0,False
段兵,1100.0,1100.0,False
段军山,4401.0,4401.0,False
段国蕊,3701.0,3701.0,False
段威,1100.0,1100.0,False
段忠东,4301.0,4301.0,False
段文斌,1200.0,1200.0,False
段有志,1100.0,1100.0,False
段续源,1200.0,1200.0,False
段维明,1100.0,1100.0,False
殷允杰,1100.0,1100.0,False
殷兴山,1100.0,1100.0,False
殷军,3201.0,3201.0,False
殷剑峰,1100.0,1100.0,False
殷德生,3100.0,3100.0,False
殷波,3301.0,3301.0,False
殷醒民,3100.0,3100.0,False
殷雷,5101.0,5101.0,False
毛东俊,1100.0,1100.0,False
毛其淋,1200.0,1200.0,False
毛基业,1100.0,1100.0,False
毛宇星,3100.0,3100.0,False
毛彦军,6101.0,6101.0,False
毛捷,3301.0,1100.0,True
毛新述,1100.0,1100.0,False
毛日昇,1100.0,1100.0,False
毛昊,1100.0,1100.0,False
毛瑞宁,1100.0,1100.0,False
毛艳华,4401.0,4401.0,False
毛雅娟,4401.0,4401.0,False
毛颖,6101.0,6101.0,False
江 晴,4201.0,4201.0,False
江东坡,5201.0,5201.0,False
江伟,4401.0,4401.0,False
江六一,3407.0,3407.0,False
江其务,6101.0,6101.0,False
江小涓,1100.0,1100.0,False
江振华,4403.0,4403.0,False
江曙霞,3502.0,3502.0,False
江曼琦,1200.0,1200.0,False
江永红,3401.0,3401.0,False
江求川,4201.0,4101.0,True
江瑞平,1100.0,1100.0,False
江生忠,1200.0,1200.0,False
汤二子,3201.0,2102.0,True
汤亮,3100.0,3100.0,False
汤凌霄,4301.0,4301.0,False
汤向俊,6101.0,3211.0,True
汤小青,1100.0,1100.0,False
汤林闽,1100.0,1100.0,False
汤玉刚,3701.0,3100.0,True
汤碧,1200.0,1200.0,False
汤秀莲,1200.0,1200.0,False
汤维祺,3100.0,3100.0,False
汤颖梅,3201.0,3201.0,False
汪丁丁,1100.0,1100.0,False
汪伟,3301.0,3100.0,True
汪光成,3100.0,3100.0,False
汪冲,3201.0,3201.0,False
汪利娜,1100.0,1100.0,False
汪勇祥,1100.0,1100.0,False
汪增洋,3100.0,3100.0,False
汪天喜,1100.0,1100.0,False
汪孟海,1200.0,1200.0,False
汪小亚,1100.0,1100.0,False
汪川,1100.0,1100.0,False
汪德华,1100.0,1100.0,False
汪敏达,3201.0,3201.0,False
汪旭晖,2102.0,2102.0,False
汪昊,1100.0,1100.0,False
汪昌云,1100.0,1100.0,False
汪晖,3301.0,3301.0,False
汪泉,3201.0,3201.0,False
汪洋,3601.0,1100.0,True
汪浩,1100.0,1100.0,False
汪海,4201.0,4201.0,False
汪涛,4201.0,4201.0,False
汪淼军,3301.0,3301.0,False
汪炜,3301.0,3301.0,False
汪玲,1100.0,1100.0,False
汪祖杰,3403.0,3403.0,False
汪立鑫,3100.0,3100.0,False
汪红驹,1100.0,1100.0,False
汪良军,3301.0,3301.0,False
汪莉,3100.0,3100.0,False
汪菲,1100.0,1100.0,False
汪贵浦,3301.0,3301.0,False
汪辉,3100.0,3100.0,False
汪陈,3407.0,3407.0,False
沈伟基,1100.0,1100.0,False
沈全芳,3711.0,3711.0,False
沈军,4401.0,4401.0,False
沈凌,3100.0,3100.0,False
沈利生,3505.0,1100.0,True
沈剑飞,1100.0,1100.0,False
沈可挺,3301.0,3301.0,False
沈国兵,3301.0,3100.0,True
沈坤荣,3201.0,3201.0,False
沈怡斐,3100.0,3100.0,False
沈悦,6101.0,1100.0,True
沈扬扬,1200.0,1200.0,False
沈新凤,3100.0,3100.0,False
沈春苗,3201.0,3201.0,False
沈永建,3201.0,3201.0,False
沈沛龙,1401.0,1100.0,True
沈炳熙,1100.0,1100.0,False
沈瑶,3301.0,3301.0,False
沈立人,3201.0,3201.0,False
沈维涛,3502.0,3502.0,False
沈艳,1100.0,1100.0,False
沈艺峰,3502.0,3502.0,False
沈越,1100.0,1100.0,False
油晓峰,1401.0,1401.0,False
洪之涓,3201.0,3201.0,False
洪俊杰,1100.0,1100.0,False
洪兴建,3301.0,3301.0,False
洪正,5101.0,5101.0,False
洪永淼,3502.0,3502.0,False
洪联英,4301.0,4301.0,False
洪葭管,1100.0,1100.0,False
洪远朋,3100.0,3100.0,False
洪道麟,1100.0,1100.0,False
洪银兴,3201.0,3201.0,False
洪锡熙,3502.0,3502.0,False
洪露,1100.0,1100.0,False
涂正革,4201.0,4201.0,False
涂红,1200.0,1200.0,False
涂菲,1100.0,1100.0,False
渠慎宁,1100.0,1100.0,False
温信祥,1100.0,1100.0,False
温兴祥,5101.0,5101.0,False
温军,6101.0,6101.0,False
温小霓,6101.0,6101.0,False
温志强,1200.0,1200.0,False
温树英,1401.0,1401.0,False
温涛,5000.0,5000.0,False
温燕,1100.0,1100.0,False
游士兵,4201.0,4201.0,False
游家兴,3502.0,3502.0,False
游春,4403.0,4403.0,False
湛泳,4303.0,4303.0,False
滕堂伟,3100.0,3100.0,False
潘佐郑,5101.0,5101.0,False
潘再见,3502.0,3502.0,False
潘功胜,1100.0,1100.0,False
潘向东,1100.0,1100.0,False
潘士远,3301.0,3301.0,False
潘宏胜,1200.0,1200.0,False
潘家华,1100.0,1100.0,False
潘小娟,1100.0,1100.0,False
潘小明,4403.0,4403.0,False
潘庆中,1100.0,1100.0,False
潘建,1200.0,1200.0,False
潘建国,1200.0,1200.0,False
潘彬,3302.0,3302.0,False
潘慧峰,1100.0,1100.0,False
潘敏,4201.0,4201.0,False
潘文卿,1100.0,1100.0,False
潘杰,5101.0,5101.0,False
潘正彦,3100.0,3100.0,False
潘泽清,1200.0,1200.0,False
潘洁,3100.0,3100.0,False
潘淑娟,3403.0,3403.0,False
潘珊,4401.0,1100.0,True
潘红波,4201.0,4201.0,False
潘越,3502.0,3502.0,False
潘黎,4201.0,4201.0,False
焦勇兵,1200.0,1200.0,False
焦卢玲,3100.0,3100.0,False
焦蕾,1200.0,1200.0,False
焦豪,1100.0,1100.0,False
熊伟,4401.0,4401.0,False
熊兵,4201.0,4201.0,False
熊其康,1100.0,1100.0,False
熊劼,4201.0,4201.0,False
熊和平,4201.0,4201.0,False
熊家财,4401.0,4401.0,False
熊性美,1200.0,1200.0,False
熊灵,4201.0,4201.0,False
熊熊,1200.0,1200.0,False
熊爱宗,1100.0,1100.0,False
熊瑞祥,4303.0,4303.0,False
熊衍飞,4401.0,4401.0,False
熊长金,1100.0,1100.0,False
熊飞,1100.0,1100.0,False
燕志雄,4401.0,3100.0,True
燕红忠,1401.0,1401.0,False
牛凯龙,1200.0,1200.0,False
牛大勇,2301.0,2301.0,False
牛新艳,1100.0,1100.0,False
牛晓健,3100.0,3100.0,False
牛晓帆,5301.0,5301.0,False
牛智敬,1200.0,1200.0,False
牛梦琦,1100.0,1100.0,False
牛润盛,1100.0,1100.0,False
牛贺,1100.0,1100.0,False
牛霖琳,3502.0,3502.0,False
牛鸿,4401.0,4401.0,False
牟怡楠,6101.0,6101.0,False
王一鸣,1100.0,1100.0,False
王世伟,2102.0,2102.0,False
王东,1100.0,1100.0,False
王东京,1100.0,1100.0,False
王义中,3301.0,3301.0,False
王义华,5101.0,5101.0,False
王书华,1401.0,1401.0,False
王书斌,3211.0,3211.0,False
王争,3301.0,3301.0,False
王云清,3100.0,3100.0,False
王亚华,1100.0,1100.0,False
王亚君,3701.0,3701.0,False
王亚平,1100.0,1100.0,False
王亚楠,3204.0,3204.0,False
王亮亮,3201.0,3201.0,False
王仁祥,4201.0,4201.0,False
王仪祥,3501.0,3501.0,False
王会娟,1100.0,1100.0,False
王伟,3505.0,3505.0,False
王伟光,2101.0,1100.0,True
王传正,1100.0,1100.0,False
王传英,1200.0,1200.0,False
王佳菲,1100.0,1100.0,False
王俊,3403.0,1100.0,True
王俊寿,1200.0,1200.0,False
王俊豪,3301.0,3301.0,False
王信,1100.0,1100.0,False
王修华,4301.0,4301.0,False
王倩,3701.0,1200.0,True
王元林,6101.0,6101.0,False
王元龙,1100.0,1100.0,False
王兆刚,2101.0,2101.0,False
王兆星,1100.0,1100.0,False
王克强,3100.0,3100.0,False
王克敏,3100.0,3100.0,False
王兰芳,3100.0,1200.0,True
王兴业,2201.0,2201.0,False
王兵,4401.0,4401.0,False
王冬,1100.0,1100.0,False
王冰辉,3100.0,3100.0,False
王凌云,4201.0,4201.0,False
王凤彬,1100.0,1100.0,False
王凤荣,3701.0,3701.0,False
王则柯,4401.0,4401.0,False
王刚,1100.0,1100.0,False
王刚刚,3100.0,3100.0,False
王利平,1100.0,1100.0,False
王勇,3302.0,1100.0,True
王勋,4401.0,4401.0,False
王华,4301.0,4301.0,False
王博,5101.0,1200.0,True
王博森,1100.0,1100.0,False
王同勋,1100.0,1100.0,False
王向楠,5101.0,1100.0,True
王君斌,5101.0,5101.0,False
王周伟,3100.0,3100.0,False
王哲兵,1100.0,1100.0,False
王国俊,3201.0,3201.0,False
王国军,1100.0,1100.0,False
王国刚,1100.0,1100.0,False
王国成,1100.0,1100.0,False
王国红,4502.0,4502.0,False
王国静,3506.0,3100.0,True
王垚,1100.0,1100.0,False
王增业,1200.0,1200.0,False
王增武,1100.0,1100.0,False
王夏阳,4401.0,4401.0,False
王大军,1100.0,1100.0,False
王大海,1200.0,1200.0,False
王天宇,1100.0,1100.0,False
王妍,2201.0,2201.0,False
王娇莺,1100.0,1100.0,False
王婕,1100.0,1100.0,False
王婧,4201.0,4201.0,False
王婷婷,3505.0,3505.0,False
王媛,3100.0,3100.0,False
王子君,1100.0,1100.0,False
王孝松,1100.0,1100.0,False
王学斌,3100.0,3100.0,False
王学龙,4403.0,4403.0,False
王宇,1501.0,1100.0,True
王宇伟,3201.0,3201.0,False
王宇明,3100.0,3100.0,False
王宇锋,3601.0,3601.0,False
王守坤,3601.0,3601.0,False
王守法,4301.0,4301.0,False
王宋涛,4405.0,4405.0,False
王宏扬,5101.0,5101.0,False
王宏淼,1100.0,1100.0,False
王定星,3502.0,3502.0,False
王定祥,5000.0,5000.0,False
王宣喻,4405.0,4405.0,False
王宪全,2301.0,2301.0,False
王家传,3709.0,3709.0,False
王家瑞,1100.0,1100.0,False
王小平,3100.0,3100.0,False
王小波,1200.0,1200.0,False
王小鲁,1100.0,1100.0,False
王小龙,6101.0,1100.0,True
王少国,1100.0,1100.0,False
王少平,4201.0,4201.0,False
王岳龙,1200.0,1200.0,False
王干,4201.0,4201.0,False
王平,5101.0,1100.0,True
王广宇,1100.0,1100.0,False
王广谦,1100.0,1100.0,False
王庆石,2102.0,2102.0,False
王庆芳,1200.0,1200.0,False
王应贵,3201.0,3201.0,False
王庶,1100.0,1100.0,False
王延中,1100.0,1100.0,False
王延军,1100.0,1100.0,False
王延增,1200.0,1200.0,False
王延明,3100.0,3100.0,False
王建东,1200.0,1200.0,False
王建峰,1301.0,1301.0,False
王建明,3301.0,3301.0,False
王建英,3301.0,3301.0,False
王建萍,5000.0,5000.0,False
王开国,3100.0,3100.0,False
王弓,1100.0,1100.0,False
王弟海,3100.0,1100.0,True
王彦超,1100.0,1100.0,False
王彩玲,1200.0,1200.0,False
王德宏,1100.0,1100.0,False
王德文,1100.0,1100.0,False
王志伟,3201.0,3201.0,False
王志军,1200.0,1200.0,False
王志刚,1100.0,1100.0,False
王怡,3100.0,3100.0,False
王恕立,4201.0,4201.0,False
王慧琴,3100.0,3100.0,False
王成辉,1200.0,1200.0,False
王扬雷,2201.0,2201.0,False
王振中,1100.0,1100.0,False
王敏,1100.0,1100.0,False
王敏玉,2301.0,2301.0,False
王文春,5101.0,5101.0,False
王斌,3502.0,3502.0,False
王旭东,2102.0,2102.0,False
王旭祥,1100.0,1100.0,False
王昀,2102.0,2102.0,False
王昌海,1100.0,1100.0,False
王昌盛,1100.0,1100.0,False
王明琳,3301.0,3301.0,False
王春峰,1200.0,1200.0,False
王春超,4401.0,4401.0,False
王昭凤,1200.0,1200.0,False
王晋斌,1100.0,1100.0,False
王晓,3701.0,1100.0,True
王晓全,5101.0,5101.0,False
王晓天,1200.0,1200.0,False
王晓娆,1100.0,1100.0,False
王晓德,1200.0,1200.0,False
王晓燕,3100.0,3100.0,False
王晓翌,1301.0,1301.0,False
王晓芳,6101.0,6101.0,False
王晓蓉,1200.0,1200.0,False
王晓龙,6101.0,6101.0,False
王晨宇,3301.0,3301.0,False
王景兰,1100.0,1100.0,False
王景富,1100.0,1100.0,False
王智勇,1100.0,1100.0,False
王智波,4401.0,4401.0,False
王曦,4401.0,4401.0,False
王曲,1100.0,1100.0,False
王曼舒,1200.0,1200.0,False
王月欣,1100.0,1100.0,False
王朝平,1200.0,1200.0,False
王朝明,5101.0,5101.0,False
王朝辉,1200.0,1200.0,False
王朝阳,1100.0,1100.0,False
王未卿,1100.0,1100.0,False
王松,4301.0,4301.0,False
王松奇,1100.0,1100.0,False
王松涛,1100.0,1100.0,False
王林生,1100.0,1100.0,False
王根蓓,3100.0,3100.0,False
王格玮,1100.0,1100.0,False
王森,1401.0,1401.0,False
王楚明,4102.0,4102.0,False
王欢,6101.0,3701.0,True
王正位,1100.0,1100.0,False
王永中,1100.0,1100.0,False
王永兴,1200.0,1200.0,False
王永贵,1100.0,1100.0,False
王永进,3502.0,1200.0,True
王永钦,3100.0,3100.0,False
王永齐,3301.0,3301.0,False
王汝芳,1200.0,1200.0,False
王治政,1100.0,1100.0,False
王洋,1200.0,1200.0,False
王洪光,4401.0,4401.0,False
王洪斌,1200.0,1200.0,False
王海兵,3100.0,3100.0,False
王海港,4401.0,1100.0,True
王滨,1200.0,1200.0,False
王潇,1100.0,1100.0,False
王煦逸,3100.0,3100.0,False
王燕妮,6101.0,6101.0,False
王燕武,3502.0,3502.0,False
王爱俭,3209.0,1200.0,True
王爱虎,4401.0,4401.0,False
王玉珍,1200.0,1200.0,False
王玉茹,1200.0,1200.0,False
王玉雄,1100.0,1100.0,False
王玲,1100.0,1100.0,False
王玲玲,5301.0,4201.0,True
王珏,2102.0,1100.0,True
王班班,4201.0,4201.0,False
王珺红,3702.0,3702.0,False
王琎,1100.0,1100.0,False
王琼,1100.0,1100.0,False
王瑞华,3100.0,3100.0,False
王瑞淑,3403.0,3403.0,False
王璐,5101.0,1200.0,True
王甄,3100.0,3100.0,False
王申,3201.0,3201.0,False
王皓,1100.0,1100.0,False
王相宁,3401.0,3401.0,False
王磊,4401.0,4401.0,False
王福林,4401.0,4401.0,False
王秀清,1100.0,1100.0,False
王秀芳,1100.0,1100.0,False
王稳,1100.0,1100.0,False
王稼琼,1100.0,1100.0,False
王立勇,1100.0,1100.0,False
王立彦,1100.0,1100.0,False
王竹泉,3702.0,3702.0,False
王红建,4401.0,4401.0,False
王红领,1100.0,1100.0,False
王继平,1200.0,1200.0,False
王继祖,1200.0,1200.0,False
王维薇,1200.0,1200.0,False
王美今,4401.0,4401.0,False
王美艳,1100.0,1100.0,False
王美萃,1501.0,1501.0,False
王耀中,4301.0,4301.0,False
王聪,4401.0,4401.0,False
王胜,4201.0,4201.0,False
王自力,1100.0,1100.0,False
王自锋,1200.0,1200.0,False
王艳,4401.0,1200.0,True
王艳娟,1100.0,1100.0,False
王艺明,3502.0,3502.0,False
王芃,3100.0,3100.0,False
王芬,4101.0,4101.0,False
王芳,3100.0,3100.0,False
王苍峰,3701.0,3100.0,True
王荫林,1100.0,1100.0,False
王营,3701.0,3701.0,False
王蕾,6101.0,6101.0,False
王诚,1100.0,1100.0,False
王贤彬,4401.0,4401.0,False
王贵东,1200.0,1200.0,False
王跃堂,3201.0,3201.0,False
王辉,1100.0,1100.0,False
王迅,1100.0,1100.0,False
王进,4201.0,4201.0,False
王进诚,1100.0,1100.0,False
王远卓,1100.0,1100.0,False
王远昊,3100.0,3100.0,False
王述英,1200.0,1200.0,False
王道平,1200.0,1200.0,False
王遥,1100.0,1100.0,False
王都富,5101.0,5101.0,False
王醒男,4401.0,4401.0,False
王金杰,1200.0,1200.0,False
王金霞,1100.0,1100.0,False
王铁男,2301.0,2301.0,False
王锋,6101.0,3203.0,True
王锦阳,5101.0,5101.0,False
王雄元,4201.0,4201.0,False
王雅炯,1100.0,1100.0,False
王雨,1100.0,1100.0,False
王雨飞,1100.0,1100.0,False
王雪标,2102.0,2102.0,False
王雪萍,6101.0,6101.0,False
王雷,5101.0,5101.0,False
王霄,4401.0,4401.0,False
王震,1100.0,1100.0,False
王静,4102.0,1200.0,True
王顺林,3100.0,3100.0,False
王频,4201.0,4201.0,False
王颖捷,1100.0,1100.0,False
王飞,1100.0,1100.0,False
王鹏,5101.0,1100.0,True
王鹤,4303.0,4303.0,False
王鹰翔,6101.0,6101.0,False
班耀波,6101.0,6101.0,False
甄小鹏,6101.0,6101.0,False
甄峰,1100.0,1100.0,False
甄建斌,6101.0,6101.0,False
甄艺凯,3301.0,3301.0,False
甘家武,4201.0,4201.0,False
甘犁,5101.0,5101.0,False
田丁石,4201.0,4201.0,False
田丰,3301.0,3301.0,False
田伟,3201.0,3201.0,False
田传浩,3301.0,3301.0,False
田侃,1100.0,1100.0,False
田利辉,1200.0,1100.0,True
田剑英,3302.0,3302.0,False
田华臣,4201.0,4201.0,False
田国强,3100.0,3100.0,False
田娟娟,2106.0,2106.0,False
田存志,4401.0,4401.0,False
田宝新,5101.0,5101.0,False
田岗,1200.0,1200.0,False
田巍,1100.0,1100.0,False
田庆刚,5000.0,5000.0,False
田志伟,3100.0,3100.0,False
田敏,6101.0,6101.0,False
田新民,1100.0,1100.0,False
田明圣,1200.0,1200.0,False
田春生,1100.0,1100.0,False
田晓霞,3100.0,3100.0,False
田森,5101.0,5101.0,False
田毕飞,4201.0,4201.0,False
田瑛,1100.0,1100.0,False
田磊,3301.0,3301.0,False
田秋生,4401.0,4401.0,False
田野,1100.0,1100.0,False
田霖,4101.0,4101.0,False
田青,2102.0,1100.0,True
田颇,4403.0,4403.0,False
申宇,5101.0,5101.0,False
申广军,1100.0,1100.0,False
申慧慧,1100.0,1100.0,False
申明浩,4401.0,4401.0,False
申璐,2102.0,2102.0,False
白云霞,3100.0,3100.0,False
白俊红,3201.0,3201.0,False
白永秀,6101.0,6101.0,False
白胜玲,1100.0,1100.0,False
白葳,1100.0,1100.0,False
白让让,3100.0,3100.0,False
白贵廷,5000.0,5000.0,False
白重恩,1100.0,1100.0,False
白钦先,4401.0,2101.0,True
白雪洁,1200.0,1200.0,False
白默,1200.0,1200.0,False
皮建才,3201.0,1100.0,True
盖庆恩,3100.0,3100.0,False
盛丹,1200.0,1200.0,False
盛军,3100.0,3100.0,False
盛勇炜,1100.0,1100.0,False
盛天翔,3201.0,3201.0,False
盛斌,1200.0,1200.0,False
盛来运,1100.0,1100.0,False
盛松成,1100.0,1100.0,False
盛誉,1200.0,1200.0,False
盛龙,3301.0,3301.0,False
瞿强,1100.0,1100.0,False
石传玉,2102.0,2102.0,False
石光,1100.0,1100.0,False
石凡,1100.0,1100.0,False
石凯,2201.0,2201.0,False
石奇,3201.0,3201.0,False
石峰,1100.0,1100.0,False
石庆玲,3100.0,3100.0,False
石建勋,3100.0,3100.0,False
石建民,3100.0,3100.0,False
石明明,1100.0,1100.0,False
石晓军,1100.0,1100.0,False
石磊,3100.0,3100.0,False
石莹,3701.0,3701.0,False
石阳,6101.0,6101.0,False
祁毓,4201.0,4201.0,False
祁顺生,3201.0,3201.0,False
祝伟,1100.0,1100.0,False
祝向军,1200.0,1200.0,False
祝宪民,1200.0,1200.0,False
祝梓翔,5101.0,5101.0,False
祝红梅,1100.0,1100.0,False
祝继高,1100.0,1100.0,False
祝茂,1200.0,1200.0,False
秦凤鸣,3701.0,3701.0,False
秦华,3401.0,3401.0,False
秦国楼,1100.0,1100.0,False
秦宛顺,1100.0,1100.0,False
秦建文,4501.0,4501.0,False
秦开运,2106.0,2106.0,False
秦海英,1200.0,1200.0,False
程令国,3201.0,1100.0,True
程六兵,3702.0,3702.0,False
程凤朝,4301.0,4301.0,False
程卫红,1200.0,1200.0,False
程名望,3100.0,3100.0,False
程培堽,3502.0,3205.0,True
程大中,3100.0,3100.0,False
程恩富,1100.0,1100.0,False
程惠芳,3301.0,3301.0,False
程晓翌,4301.0,4301.0,False
程晨,4201.0,4201.0,False
程杰,1100.0,1100.0,False
程欣炜,3201.0,3201.0,False
程民选,5101.0,5101.0,False
程永宏,1100.0,1100.0,False
程漱兰,1100.0,1100.0,False
程聪,3301.0,3301.0,False
程虹,4201.0,4201.0,False
程金伟,3100.0,3100.0,False
窦欢,4401.0,4401.0,False
章上峰,3301.0,3301.0,False
章元,3100.0,3100.0,False
章向东,1100.0,1100.0,False
章奇,1100.0,1100.0,False
章平,3201.0,3201.0,False
章潇萌,1100.0,1100.0,False
章贵桥,3301.0,3301.0,False
童健,1100.0,1100.0,False
童士清,3100.0,3100.0,False
童泽林,1100.0,1100.0,False
童盼,1100.0,1100.0,False
童锦治,3502.0,3502.0,False
童馨乐,3201.0,3201.0,False
符淼,4401.0,4401.0,False
简新华,4201.0,4201.0,False
简泽,3601.0,3100.0,True
管七海,4403.0,1100.0,True
管卫华,3201.0,3201.0,False
管汉晖,1100.0,1100.0,False
管涛,1100.0,1100.0,False
米地,1100.0,1100.0,False
米增渝,1100.0,1100.0,False
米献炜,1200.0,1200.0,False
米运生,4401.0,4401.0,False
粟芳,3100.0,3100.0,False
糜仲春,3401.0,3401.0,False
索彦峰,3201.0,3201.0,False
綦好东,3701.0,3701.0,False
綦建红,3701.0,3701.0,False
纪建悦,3702.0,3702.0,False
纪月清,3201.0,3201.0,False
纪洋,1100.0,1100.0,False
缪小林,5301.0,5301.0,False
缪莲英,3505.0,3505.0,False
罗丹,1100.0,1100.0,False
罗仁福,1100.0,1100.0,False
罗付岩,4503.0,4503.0,False
罗仲伟,1100.0,1100.0,False
罗伟,1200.0,1200.0,False
罗传建,4201.0,4201.0,False
罗俊,3301.0,3301.0,False
罗党论,4401.0,4401.0,False
罗勇,4201.0,4201.0,False
罗建国,3401.0,3401.0,False
罗德明,3301.0,3301.0,False
罗必良,4401.0,4401.0,False
罗文波,3100.0,3100.0,False
罗明忠,4401.0,4401.0,False
罗来军,1100.0,1100.0,False
罗楚亮,1100.0,1100.0,False
罗正英,3205.0,3205.0,False
罗浩,3201.0,3201.0,False
罗涛,5101.0,5101.0,False
罗润东,1200.0,1200.0,False
罗炜,1100.0,1100.0,False
罗煜,1100.0,1100.0,False
罗玮,4201.0,4201.0,False
罗琦,4201.0,4201.0,False
罗畅,1401.0,1401.0,False
罗知,4201.0,4201.0,False
罗美娟,5301.0,5301.0,False
罗良文,4201.0,4201.0,False
罗若愚,1200.0,1200.0,False
罗荣华,1100.0,1100.0,False
罗超平,5000.0,5000.0,False
罗进辉,3502.0,3502.0,False
罗金华,3504.0,3504.0,False
罗长远,3100.0,3100.0,False
罗雨泽,1100.0,1100.0,False
罗顺均,4401.0,4401.0,False
翁君奕,3502.0,3502.0,False
翁清云,2102.0,2102.0,False
翟淑萍,1200.0,1200.0,False
翟胜宝,3403.0,3403.0,False
翟金林,1200.0,1200.0,False
耿中元,2301.0,2301.0,False
耿建新,1100.0,1100.0,False
耿志祥,1100.0,1100.0,False
耿曙,4401.0,4401.0,False
聂桂平,1100.0,1100.0,False
聂海峰,4401.0,4401.0,False
聂辉华,1100.0,1100.0,False
肖争艳,1100.0,1100.0,False
肖作平,5101.0,5101.0,False
肖俊极,3100.0,3100.0,False
肖兴志,2102.0,2102.0,False
肖军,1100.0,1100.0,False
肖利平,4201.0,4201.0,False
肖北溟,1100.0,1100.0,False
肖小和,1100.0,1100.0,False
肖小虹,5201.0,5201.0,False
肖峻,3601.0,3601.0,False
肖崎,4401.0,4401.0,False
肖明,1100.0,1100.0,False
肖晶,1100.0,1100.0,False
肖智,5000.0,5000.0,False
肖欣荣,1100.0,1100.0,False
肖泽忠,4303.0,4303.0,False
肖璞,4301.0,4301.0,False
肖盛峰,2102.0,2102.0,False
肖立晟,1100.0,1100.0,False
肖继辉,4401.0,4401.0,False
肖芸,4201.0,4201.0,False
肖芸茹,1200.0,1200.0,False
肖萌,1100.0,1100.0,False
胡丹,1100.0,1100.0,False
胡乃武,1100.0,1100.0,False
胡亚兰,4201.0,4201.0,False
胡俊芳,3100.0,3100.0,False
胡关金,4403.0,4403.0,False
胡军,3100.0,3100.0,False
胡剑波,5201.0,5201.0,False
胡召平,1100.0,1100.0,False
胡吉祥,1100.0,1100.0,False
胡向婷,1100.0,1100.0,False
胡国晖,4201.0,4201.0,False
胡培兆,3502.0,3502.0,False
胡奕明,3100.0,3100.0,False
胡婉旸,1100.0,1100.0,False
胡安俊,1100.0,1100.0,False
胡宏兵,1100.0,1100.0,False
胡家勇,1100.0,1100.0,False
胡小文,3402.0,3402.0,False
胡峰,3100.0,3100.0,False
胡彬,3100.0,3100.0,False
胡必亮,1100.0,1100.0,False
胡志军,3100.0,3100.0,False
胡志浩,1100.0,1100.0,False
胡志鹏,1100.0,1100.0,False
胡怀国,1100.0,1100.0,False
胡怀邦,1100.0,1100.0,False
胡挺,4401.0,4401.0,False
胡援成,3601.0,3601.0,False
胡敏,4301.0,4301.0,False
胡新华,1100.0,1100.0,False
胡旭阳,3301.0,3301.0,False
胡昌生,4201.0,4201.0,False
胡明,1100.0,1100.0,False
胡昭玲,1200.0,1200.0,False
胡景北,3100.0,3100.0,False
胡月晓,3100.0,3100.0,False
胡李鹏,1100.0,1100.0,False
胡杰,6101.0,6101.0,False
胡永刚,3100.0,3100.0,False
胡洁,6101.0,3100.0,True
胡海峰,1200.0,1200.0,False
胡珺,4401.0,4401.0,False
胡祖光,3301.0,3301.0,False
胡祖铨,1100.0,1100.0,False
胡秋阳,1200.0,1200.0,False
胡翠,1100.0,1100.0,False
胡联,3403.0,3403.0,False
胡聪慧,1100.0,1100.0,False
胡艳,3401.0,3401.0,False
胡莹,6101.0,6101.0,False
胡金焱,3701.0,3701.0,False
胡阳,1200.0,1200.0,False
胡鞍钢,1100.0,1100.0,False
胡颖,4401.0,4401.0,False
胡颖之,3502.0,3502.0,False
臧文斌,5101.0,5101.0,False
臧旭恒,3701.0,3701.0,False
舒元,4401.0,4401.0,False
舒幼冬,1100.0,1100.0,False
舒萍,1200.0,1200.0,False
艾传涛,4201.0,4201.0,False
艾洪德,2102.0,2102.0,False
艾献军,1200.0,1200.0,False
花中东,3407.0,3407.0,False
苏冬蔚,4401.0,4401.0,False
苏剑,1100.0,1100.0,False
苏启林,4401.0,4401.0,False
苏坤,6101.0,6101.0,False
苏存,1100.0,1100.0,False
苏峻,1100.0,1100.0,False
苏庆义,1100.0,1100.0,False
苏志庆,4201.0,4201.0,False
苏振东,2102.0,2102.0,False
苏明,4401.0,4401.0,False
苏明政,2107.0,2107.0,False
苏星,1100.0,1100.0,False
苏杭,2102.0,2102.0,False
苏治,1100.0,1100.0,False
苏罡,3100.0,3100.0,False
苏薪茗,1100.0,1100.0,False
苗健,1200.0,1200.0,False
苗文龙,1100.0,1100.0,False
苗鑫民,3100.0,3100.0,False
苟红军,5000.0,5000.0,False
范从来,3201.0,3201.0,False
范伟强,1200.0,1200.0,False
范兆斌,4401.0,4401.0,False
范剑勇,3100.0,3100.0,False
范南,2102.0,2102.0,False
范子英,4201.0,3100.0,True
范存会,1100.0,1100.0,False
范小云,1200.0,1200.0,False
范庆泉,1100.0,1100.0,False
范建军,1100.0,1100.0,False
范彦君,1100.0,1100.0,False
范德胜,1100.0,1100.0,False
范志勇,1100.0,1100.0,False
范欣,2201.0,2201.0,False
范洪波,1200.0,1200.0,False
范洪辰,2201.0,2201.0,False
范爱军,3701.0,3701.0,False
范瑛,1100.0,1100.0,False
范祚军,4501.0,4501.0,False
范红忠,4201.0,4201.0,False
范育涛,3100.0,3100.0,False
范良聪,3301.0,3301.0,False
茅于轼,1100.0,1100.0,False
荆林波,1100.0,1100.0,False
荣兆梓,3401.0,3401.0,False
荣昭,1100.0,1100.0,False
荣朝和,1100.0,1100.0,False
莫世康,1200.0,1200.0,False
萧松华,4401.0,4401.0,False
葛兆强,4403.0,1100.0,True
葛和平,3201.0,3201.0,False
葛扬,3201.0,3201.0,False
葛清俊,2102.0,2102.0,False
葛玉好,1100.0,1100.0,False
葛菲,3100.0,3100.0,False
葛霖生,3100.0,3100.0,False
葛顺奇,1200.0,1200.0,False
董保民,3502.0,1100.0,True
董先安,1100.0,1100.0,False
董凯,3201.0,3201.0,False
董国辉,1200.0,1200.0,False
董志勇,1100.0,1100.0,False
董志强,4401.0,4401.0,False
董方景,1100.0,1100.0,False
董昀,1100.0,1100.0,False
董晓芳,3502.0,3502.0,False
董晗,3100.0,3100.0,False
董林辉,1200.0,1200.0,False
董正青,4401.0,4401.0,False
董琦,1100.0,1100.0,False
董直庆,3100.0,3100.0,False
董艳,5101.0,5101.0,False
董艳梅,3201.0,3201.0,False
董裕平,1100.0,1100.0,False
董进,1100.0,1100.0,False
董锋,1100.0,1100.0,False
董雪兵,3301.0,3301.0,False
董静,3100.0,3100.0,False
董香书,1100.0,1100.0,False
蒋丽丽,1100.0,1100.0,False
蒋云赟,1100.0,1100.0,False
蒋伟,6101.0,6101.0,False
蒋传海,3100.0,3100.0,False
蒋先玲,1100.0,1100.0,False
蒋军锋,6101.0,6101.0,False
蒋冠宏,3502.0,3502.0,False
蒋含明,3601.0,3601.0,False
蒋士成,3100.0,3100.0,False
蒋天文,4201.0,4201.0,False
蒋家亮,1100.0,1100.0,False
蒋志永,4201.0,4201.0,False
蒋殿春,1200.0,1200.0,False
蒋海,4401.0,4401.0,False
蒋灵多,1100.0,1100.0,False
蒋省三,1100.0,1100.0,False
蒋锋,1100.0,1100.0,False
蒋长流,3401.0,3401.0,False
蒋馨岚,5201.0,5201.0,False
蒙自强,4401.0,4401.0,False
蒙英华,3502.0,3100.0,True
蒲勇健,5000.0,5000.0,False
蒲成毅,5101.0,1200.0,True
蓝虹,1100.0,1100.0,False
蔡云,5201.0,5201.0,False
蔡卫光,1200.0,1200.0,False
蔡友才,1100.0,1100.0,False
蔡如海,1100.0,1100.0,False
蔡宁,3301.0,1100.0,True
蔡宁伟,1100.0,1100.0,False
蔡宏波,1100.0,1100.0,False
蔡庆丰,3502.0,3502.0,False
蔡昉,1100.0,1100.0,False
蔡明超,3100.0,3100.0,False
蔡昱,5301.0,1200.0,True
蔡楠,1200.0,1200.0,False
蔡洁,4201.0,4201.0,False
蔡洪滨,1100.0,1100.0,False
蔡真,1100.0,1100.0,False
蔡笑伦,1100.0,1100.0,False
蔡红艳,1100.0,1100.0,False
蔡绍洪,5201.0,5201.0,False
蔡继明,1100.0,1100.0,False
蔡跃洲,1100.0,1100.0,False
蔡长昆,1100.0,1100.0,False
薄仙慧,1100.0,1100.0,False
薛冬辉,1100.0,1100.0,False
薛守刚,1200.0,1200.0,False
薛敬孝,1200.0,1200.0,False
薛敬孝  ,1200.0,1200.0,False
薛求知,3100.0,3100.0,False
薛漫天,3201.0,3201.0,False
薛澜,1100.0,1100.0,False
薛白,4506.0,1100.0,True
薛菁,3501.0,3501.0,False
薛鹤翔,3100.0,3100.0,False
行伟波,1100.0,1100.0,False
衣保中,2201.0,2201.0,False
袁东,1100.0,1100.0,False
袁丽胜,1100.0,1100.0,False
袁克,1200.0,1200.0,False
袁力,3701.0,3701.0,False
袁堂军,3100.0,3100.0,False
袁增霆,1100.0,1100.0,False
袁嫄,4401.0,4401.0,False
袁富华,1100.0,1100.0,False
袁庆禄,4115.0,4115.0,False
袁德磊,3401.0,3401.0,False
袁志刚,3100.0,3100.0,False
袁成,3201.0,3201.0,False
袁易明,4403.0,4403.0,False
袁江,1100.0,1100.0,False
袁洋,3100.0,3100.0,False
袁申国,4401.0,4401.0,False
袁萍,1100.0,1100.0,False
袁诚,1100.0,1100.0,False
袁象,3100.0,3100.0,False
袁飞,1100.0,1100.0,False
袁鹰,4201.0,4201.0,False
裘翔,3100.0,3100.0,False
裘骏峰,1100.0,1100.0,False
裴小革,1100.0,1100.0,False
裴平,3201.0,3201.0,False
裴长洪,1100.0,1100.0,False
褚剑,3100.0,3100.0,False
覃东海,1100.0,1100.0,False
覃家琦,1200.0,1200.0,False
覃成林,4401.0,4401.0,False
解冰,4201.0,4201.0,False
解凤敏,3203.0,3203.0,False
解垩,3701.0,3701.0,False
解明,3100.0,3100.0,False
解正山,3100.0,3100.0,False
解瑶姝,2201.0,2201.0,False
詹国彬,3302.0,3302.0,False
詹晓宁,1200.0,1200.0,False
许伟,4501.0,1100.0,True
许传华,4201.0,4201.0,False
许冰,3301.0,3301.0,False
许南,4301.0,4301.0,False
许召元,1100.0,1100.0,False
许和连,4301.0,4301.0,False
许国兵,1100.0,1100.0,False
许国平,1100.0,1100.0,False
许均华,4401.0,4401.0,False
许坤,3401.0,3401.0,False
许壵,4201.0,4201.0,False
许大庆,3100.0,3100.0,False
许宪春,1100.0,1100.0,False
许家云,1100.0,1100.0,False
许少强,3100.0,3100.0,False
许崇正,3401.0,3401.0,False
许年行,3502.0,1100.0,True
许庆,3100.0,3100.0,False
许德友,4401.0,4401.0,False
许志伟,3100.0,3100.0,False
许承明,3201.0,3100.0,True
许捷,3502.0,3502.0,False
许文彬,3502.0,3502.0,False
许晓东,3601.0,3601.0,False
许晖,1200.0,1200.0,False
许林,4401.0,4401.0,False
许楠,5101.0,5101.0,False
许永国,3100.0,3100.0,False
许玲丽,3100.0,3100.0,False
许祥云,3201.0,3201.0,False
许祥秦,6101.0,6101.0,False
许立新,1100.0,1100.0,False
许竹青,1100.0,1100.0,False
许统生,3601.0,3601.0,False
许荣,1100.0,1100.0,False
谈俊,1100.0,1100.0,False
谌新民,4401.0,4401.0,False
谢世清,1100.0,1100.0,False
谢亚轩,1100.0,1100.0,False
谢仍明,1100.0,1100.0,False
谢伏瞻,1100.0,1100.0,False
谢作诗,3301.0,3301.0,False
谢冬水,4303.0,4303.0,False
谢刚,5101.0,1100.0,True
谢启标,3502.0,3502.0,False
谢四美,3201.0,3201.0,False
谢坤锋,6101.0,6101.0,False
谢威,6101.0,6101.0,False
谢娟娟,1200.0,1200.0,False
谢孟军,3706.0,3706.0,False
谢平,1100.0,1100.0,False
谢庆健,1100.0,1100.0,False
谢康,4401.0,3100.0,True
谢建国,3201.0,1200.0,True
谢德仁,1100.0,1100.0,False
谢志华,1100.0,1100.0,False
谢志平,3701.0,3701.0,False
谢思全,1200.0,1200.0,False
谢懿,5000.0,5000.0,False
谢来辉,1100.0,1100.0,False
谢梅,3203.0,3203.0,False
谢泗薪,1100.0,1100.0,False
谢洪明,4401.0,4401.0,False
谢申祥,3701.0,3701.0,False
谢科进,3210.0,3210.0,False
谢红军,1200.0,1200.0,False
谢绵陛,3502.0,3502.0,False
谢群松,1100.0,1100.0,False
谢莉娟,1100.0,1100.0,False
谢贞发,3502.0,3502.0,False
谢超峰,4107.0,4107.0,False
谭之博,3100.0,1100.0,True
谭华清,1100.0,1100.0,False
谭小芬,1100.0,1100.0,False
谭崇台,4201.0,4201.0,False
谭庆刚,1200.0,1200.0,False
谭庆华,4401.0,4401.0,False
谭慧慧,3100.0,3100.0,False
谭政勋,4401.0,4401.0,False
谭旭东,3502.0,1100.0,True
谭松涛,1100.0,1100.0,False
谭洪波,3210.0,3210.0,False
谭洪涛,5101.0,5101.0,False
谭海鸣,1100.0,1100.0,False
谭燕芝,4303.0,4303.0,False
谭语嫣,1100.0,1100.0,False
谭黎阳,3100.0,3100.0,False
谷书堂,1200.0,1200.0,False
谷克鉴,1100.0,1100.0,False
谷卫,1200.0,1200.0,False
谷立日,2102.0,2102.0,False
贝多广,1100.0,1100.0,False
费伦苏,4201.0,4201.0,False
费兆奇,1100.0,1100.0,False
费剑平,4201.0,4201.0,False
费方棫,3100.0,3100.0,False
贺京同,3701.0,1200.0,True
贺力平,1100.0,1100.0,False
贺大兴,1100.0,1100.0,False
贺小刚,3100.0,3100.0,False
贺建强,1100.0,1100.0,False
贺建清,3609.0,3609.0,False
贺振华,3100.0,3100.0,False
贺晓波,1100.0,1100.0,False
贺本岚,1100.0,1100.0,False
贺立龙,5101.0,5101.0,False
贺聪,3301.0,3301.0,False
贺菊煌,1100.0,1100.0,False
贾俊雪,1100.0,1100.0,False
贾子超,1100.0,1100.0,False
贾康,1100.0,1100.0,False
贾春新,1100.0,1100.0,False
贾晓俊,1401.0,1401.0,False
贾根良,1200.0,1200.0,False
贾洪波,1100.0,1100.0,False
贾珅,1100.0,1100.0,False
贾瑞跃,3401.0,3401.0,False
贾生华,3301.0,3301.0,False
贾男,5101.0,5101.0,False
贾良定,3201.0,1100.0,True
贾飙,1200.0,1200.0,False
资树荣,6101.0,6101.0,False
赖德胜,1100.0,1100.0,False
赖明勇,4301.0,4301.0,False
赫国胜,2101.0,2101.0,False
赵世勇,1100.0,1100.0,False
赵亚明,1100.0,1100.0,False
赵亮,1100.0,1100.0,False
赵人伟,1100.0,1100.0,False
赵仁杰,6101.0,6101.0,False
赵伟,3301.0,3301.0,False
赵俊强,3100.0,3100.0,False
赵军,1100.0,1100.0,False
赵农,1100.0,1100.0,False
赵冬梅,1100.0,1100.0,False
赵剑治,3100.0,3100.0,False
赵劲松,5101.0,5101.0,False
赵勇,6101.0,6101.0,False
赵向琴,3502.0,3502.0,False
赵国庆,1100.0,1100.0,False
赵坚毅,1100.0,1100.0,False
赵增耀,6101.0,6101.0,False
赵奇伟,4201.0,4201.0,False
赵娅,3100.0,3100.0,False
赵娜,1200.0,1200.0,False
赵学军,1100.0,1100.0,False
赵学增,4102.0,4102.0,False
赵宜一,1100.0,1100.0,False
赵家敏,4401.0,4401.0,False
赵宸宇,1100.0,1100.0,False
赵富强,4201.0,4201.0,False
赵岩青,1100.0,1100.0,False
赵岳,1100.0,1100.0,False
赵平,3301.0,3301.0,False
赵建军,1100.0,1100.0,False
赵德昭,4101.0,4101.0,False
赵志君,1100.0,1100.0,False
赵志峰,1200.0,1200.0,False
赵志耘,1100.0,1100.0,False
赵忠,1100.0,1100.0,False
赵惠芳,3301.0,3301.0,False
赵扶扬,1100.0,1100.0,False
赵振全,2201.0,2201.0,False
赵文,1200.0,1200.0,False
赵文军,4403.0,3201.0,True
赵文哲,1100.0,1100.0,False
赵新杰,1100.0,1100.0,False
赵方,6101.0,6101.0,False
赵旭,3201.0,3100.0,True
赵昌文,1100.0,1100.0,False
赵春明,1100.0,1100.0,False
赵晓冬,1303.0,1303.0,False
赵晓青,1100.0,1100.0,False
赵晶,1100.0,1100.0,False
赵曌,1100.0,1100.0,False
赵杨,1100.0,1100.0,False
赵梦涵,3701.0,3701.0,False
赵毅,1200.0,1200.0,False
赵永亮,4401.0,4401.0,False
赵江林,1100.0,1100.0,False
赵津,1200.0,1200.0,False
赵海宽,1100.0,1100.0,False
赵涛,3201.0,3201.0,False
赵煊,3701.0,3701.0,False
赵瑜,3301.0,3301.0,False
赵留彦,1100.0,1100.0,False
赵登峰,4403.0,4403.0,False
赵秋运,4401.0,4401.0,False
赵紫剑,1100.0,1100.0,False
赵红军,3100.0,3100.0,False
赵红岩,3100.0,3100.0,False
赵细康,4401.0,4401.0,False
赵绍阳,5101.0,5101.0,False
赵美玲,1200.0,1200.0,False
赵群,1100.0,1100.0,False
赵耀辉,1100.0,1100.0,False
赵胜民,1200.0,1200.0,False
赵蒲,3100.0,3100.0,False
赵蕾,3201.0,3201.0,False
赵西亮,3502.0,3502.0,False
赵辉,4403.0,4403.0,False
赵进文,2102.0,1200.0,True
赵进进,4101.0,4101.0,False
赵锡军,1100.0,1100.0,False
赵雪芹,3100.0,3100.0,False
赵震宇,1100.0,1100.0,False
赵静,1100.0,1100.0,False
赵静梅,5101.0,5101.0,False
赵颖,4201.0,4201.0,False
赵龙凯,1100.0,1100.0,False
路晓蒙,5101.0,5101.0,False
路江涌,1100.0,1100.0,False
路继业,2102.0,2102.0,False
踪家峰,1200.0,1200.0,False
车大为,3100.0,3100.0,False
辛宇,4401.0,4401.0,False
辛树人,1100.0,1100.0,False
辛清泉,5000.0,5000.0,False
辜胜阻,4201.0,4201.0,False
边卫红,1100.0,1100.0,False
边慎,3100.0,3100.0,False
连燕玲,3100.0,3100.0,False
连玉君,4401.0,4401.0,False
连立帅,3100.0,3100.0,False
迟名海,6101.0,6101.0,False
迟国泰,2102.0,2102.0,False
逄淑梅,4401.0,4401.0,False
逄锦聚,1200.0,1100.0,True
逯东,5101.0,5101.0,False
邓世敏,1100.0,1100.0,False
邓乐平,5101.0,5101.0,False
邓伟,4201.0,1100.0,True
邓先宏,1100.0,1100.0,False
邓剑兰,4401.0,4401.0,False
邓剑琴,1100.0,1100.0,False
邓召明,1200.0,1200.0,False
邓可斌,4401.0,4401.0,False
邓向荣,1200.0,1200.0,False
邓国华,3601.0,3601.0,False
邓宏图,1200.0,1200.0,False
邓宗豪,5101.0,5101.0,False
邓富华,5101.0,5101.0,False
邓富民,5101.0,5101.0,False
邓建平,5101.0,5101.0,False
邓慧慧,1100.0,1100.0,False
邓敏,3100.0,3100.0,False
邓明,3502.0,3502.0,False
邓曲恒,1100.0,1100.0,False
邓燕飞,3100.0,3100.0,False
邓红平,4201.0,4201.0,False
邓翔,5101.0,5101.0,False
邓艳红,3100.0,3100.0,False
邓衡山,3501.0,3501.0,False
邓观明,3502.0,3502.0,False
邓超,4301.0,4301.0,False
邓路,1100.0,1100.0,False
邓黎阳,1100.0,1100.0,False
邝梅,1100.0,1100.0,False
邢丘丹,6101.0,6101.0,False
邢会强,1100.0,1100.0,False
邢哲,3100.0,3100.0,False
邢天才,2102.0,2102.0,False
邢孝兵,3403.0,3403.0,False
邢宏建,3701.0,3701.0,False
邢小强,1100.0,1100.0,False
邢敦忠,1100.0,1100.0,False
邢斐,4201.0,4201.0,False
邢春冰,1100.0,1100.0,False
邢楠,2201.0,2201.0,False
邢精平,1100.0,1100.0,False
邢英,3701.0,3701.0,False
邢鹂,1100.0,1100.0,False
邰越越,3401.0,3401.0,False
邱一衡,1100.0,1100.0,False
邱斌,3201.0,3201.0,False
邱晓华,1100.0,1100.0,False
邱栎桦,5301.0,5301.0,False
邱梦圆,4401.0,4401.0,False
邱洪华,4303.0,4303.0,False
邱立成,1200.0,1200.0,False
邱长溶,6101.0,6101.0,False
邵东亚,1100.0,1100.0,False
邵伟,1100.0,1100.0,False
邵全权,1200.0,1200.0,False
邵军,3201.0,3201.0,False
邵学峰,2201.0,2201.0,False
邵宜航,3502.0,3502.0,False
邵帅,3100.0,2301.0,True
邵建荣,1100.0,1100.0,False
邵挺,3100.0,1100.0,True
邵敏,1200.0,1200.0,False
邵文波,3100.0,3100.0,False
邵朝对,1200.0,1200.0,False
邵汉华,5000.0,5000.0,False
邵骏,4401.0,4401.0,False
邹传伟,1100.0,1100.0,False
邹克,4301.0,4301.0,False
邹功达,4401.0,4401.0,False
邹卫星,1200.0,1200.0,False
邹志明,3502.0,3502.0,False
邹新,1100.0,1100.0,False
邹新月,4401.0,4401.0,False
邹晓梅,1100.0,1100.0,False
邹朋飞,3601.0,3601.0,False
邹根宝,3100.0,3100.0,False
邹琪,3100.0,3100.0,False
邹红,5101.0,5101.0,False
邹薇,4303.0,4201.0,True
邹铁钉,3301.0,3301.0,False
邹静,3201.0,3201.0,False
邹风,1100.0,1100.0,False
邹飞,4301.0,4301.0,False
邹龙妹,1100.0,1100.0,False
郁晨,3201.0,3201.0,False
郎丽华,1100.0,1100.0,False
郎永清,1200.0,1200.0,False
郑世林,1100.0,1100.0,False
郑之杰,1100.0,1100.0,False
郑京淑,4401.0,4401.0,False
郑仁杰,3502.0,3502.0,False
郑伟,1100.0,1100.0,False
郑卫峰,1100.0,1100.0,False
郑大川,3505.0,3505.0,False
郑寅,3100.0,3100.0,False
郑尊信,4403.0,4403.0,False
郑志刚,1100.0,1100.0,False
郑志浩,1100.0,1100.0,False
郑思齐,1100.0,1100.0,False
郑成华,6101.0,6101.0,False
郑振龙,3502.0,3502.0,False
郑挺国,3502.0,2201.0,True
郑文全,2102.0,2102.0,False
郑旭媛,3501.0,3501.0,False
郑昭阳,1200.0,1200.0,False
郑江淮,3201.0,3201.0,False
郑泽华,6101.0,6101.0,False
郑海涛,1100.0,1100.0,False
郑猛,1100.0,1100.0,False
郑玉刚,3609.0,3609.0,False
郑珍远,3501.0,3501.0,False
郑祖玄,4102.0,4102.0,False
郑秉文,1100.0,1100.0,False
郑立东,1100.0,1100.0,False
郑筱婷,4401.0,4401.0,False
郑联盛,1100.0,1100.0,False
郑艳,1100.0,1100.0,False
郑茂,4401.0,4401.0,False
郑超愚,1100.0,1100.0,False
郑辛迎,1100.0,1100.0,False
郑适,1100.0,1100.0,False
郑鑫,3100.0,3100.0,False
郑长德,5101.0,5101.0,False
郑风田,1100.0,1100.0,False
郑飞虎,1100.0,1100.0,False
郑馨,4401.0,4401.0,False
郑鸣,3502.0,3502.0,False
郜亮亮,1100.0,1100.0,False
郝中中,3201.0,3201.0,False
郝大明,1100.0,1100.0,False
郝寿义,1200.0,1200.0,False
郝枫,1200.0,1200.0,False
郝瑾,6104.0,6104.0,False
郝臣,1200.0,1200.0,False
郝蕾,1200.0,1200.0,False
郝阳,1100.0,1100.0,False
郝雁,4401.0,4401.0,False
郝项超,1200.0,1200.0,False
郝颖,5000.0,5000.0,False
郭丽婷,2101.0,2101.0,False
郭云南,1100.0,1100.0,False
郭代,1100.0,1100.0,False
郭克莎,3505.0,1100.0,True
郭凯,1100.0,1100.0,False
郭凯明,4401.0,1100.0,True
郭剑雄,6101.0,6101.0,False
郭卫东,1100.0,1100.0,False
郭品,6101.0,6101.0,False
郭士祺,5101.0,5101.0,False
郭娜,1200.0,1200.0,False
郭婧,1100.0,1100.0,False
郭婷婷,3702.0,3702.0,False
郭存芝,3201.0,3201.0,False
郭小东,4401.0,4401.0,False
郭小群,3601.0,3601.0,False
郭峰,3100.0,1100.0,True
郭广珍,3100.0,2101.0,True
郭庆云,5101.0,5101.0,False
郭庆旺,1100.0,1100.0,False
郭建泉,4201.0,4201.0,False
郭建鸾,3701.0,3701.0,False
郭强,1200.0,1100.0,True
郭志仪,6201.0,6201.0,False
郭慧,1100.0,1100.0,False
郭敏,1100.0,1100.0,False
郭斌,3301.0,3301.0,False
郭新强,3301.0,3301.0,False
郭旭新,3201.0,3201.0,False
郭明奇,1100.0,1100.0,False
郭春野,4201.0,4201.0,False
郭晔,3502.0,3502.0,False
郭晨曦,1100.0,1100.0,False
郭曦,1200.0,1200.0,False
郭杰,1100.0,1100.0,False
郭桂霞,1100.0,1100.0,False
郭梅亮,3501.0,3501.0,False
郭江山,1301.0,1301.0,False
郭海凤,2301.0,2301.0,False
郭涛,4201.0,4201.0,False
郭熙保,4201.0,4201.0,False
郭玉清,1200.0,1100.0,True
郭田勇,1100.0,1100.0,False
郭石光,1200.0,1200.0,False
郭立宏,6101.0,6101.0,False
郭继强,3301.0,3301.0,False
郭翔,3100.0,3100.0,False
郭豫媚,1100.0,1100.0,False
郭路,1100.0,1100.0,False
郭金兴,1200.0,1200.0,False
郭金龙,1100.0,1100.0,False
郭长林,3100.0,3100.0,False
郭雳,1100.0,1100.0,False
郭飞,4201.0,4201.0,False
郭鸿懋,1200.0,1200.0,False
郭鹏,1100.0,1100.0,False
郭鹏飞,3100.0,3100.0,False
都阳,1100.0,1100.0,False
鄢萍,1100.0,1100.0,False
金一南,4301.0,4301.0,False
金中夏,1100.0,1100.0,False
金发奇,1200.0,1200.0,False
金宇超,3100.0,3100.0,False
金德环,3100.0,3100.0,False
金戈,3301.0,3301.0,False
金成武,1100.0,1100.0,False
金文姬,3302.0,3302.0,False
金春雨,2201.0,2201.0,False
金晓斌,3100.0,3100.0,False
金永军,3100.0,3100.0,False
金永红,3100.0,3100.0,False
金海涛,3100.0,3100.0,False
金烨,1100.0,1100.0,False
金煜,3100.0,3100.0,False
金相郁,1200.0,1200.0,False
金碚,1100.0,1100.0,False
金祥荣,3301.0,3301.0,False
金继红,1100.0,1100.0,False
金雪军,3301.0,3301.0,False
金鹏辉,1100.0,1100.0,False
钞小静,6101.0,6101.0,False
钟丹心,1301.0,1301.0,False
钟凯,1100.0,1100.0,False
钟娟,3403.0,3403.0,False
钟宁桦,3100.0,3100.0,False
钟廷勇,5000.0,5000.0,False
钟昌标,5301.0,3302.0,True
钟春平,4403.0,1100.0,True
钟永红,4401.0,4401.0,False
钟甫宁,3201.0,3201.0,False
钟笑寒,1100.0,1100.0,False
钟红,1100.0,1100.0,False
钱争鸣,3502.0,3502.0,False
钱先航,3701.0,1200.0,True
钱学锋,4201.0,4201.0,False
钱宁宇,4201.0,4201.0,False
钱小安,1100.0,1100.0,False
钱忠好,3210.0,3210.0,False
钱晔,2201.0,2201.0,False
钱津,1100.0,1100.0,False
钱苹,1100.0,1100.0,False
钱金保,4401.0,4401.0,False
钱金叶,1100.0,1100.0,False
钱陈,3302.0,3302.0,False
钱雪松,4201.0,4201.0,False
钱颖一,1100.0,1100.0,False
门洪亮,4401.0,4401.0,False
闫东玲,1200.0,1200.0,False
闫修瑞,3708.0,3708.0,False
闫先东,1100.0,1100.0,False
闫国庆,3302.0,2101.0,True
闫妍,1100.0,1100.0,False
闫威,5000.0,5000.0,False
闫小娜,1100.0,1100.0,False
闫彦明,3100.0,3100.0,False
闫斐,1100.0,1100.0,False
闫晓晨,1200.0,1200.0,False
阎世平,4501.0,4501.0,False
阎大颖,1200.0,1200.0,False
阎庆民,1100.0,1100.0,False
阎建军,1100.0,1100.0,False
阙光辉,1100.0,1100.0,False
阙方平,1100.0,1100.0,False
阙澄宇,2102.0,2102.0,False
阚双,2101.0,2101.0,False
阮加,1100.0,1100.0,False
阮峥,1100.0,1100.0,False
阮建青,3301.0,3301.0,False
阮荣平,1100.0,1100.0,False
阳佳余,1200.0,1200.0,False
阿拉腾高娃,1100.0,1100.0,False
陆云航,1100.0,1100.0,False
陆克今,3201.0,3201.0,False
陆军,4401.0,4401.0,False
陆国庆,4301.0,4301.0,False
陆婷,1100.0,1100.0,False
陆宇建,1200.0,1200.0,False
陆岷峰,3201.0,3201.0,False
陆建明,1200.0,1200.0,False
陆文聪,3301.0,3301.0,False
陆方文,1100.0,1100.0,False
陆旸,1100.0,1100.0,False
陆昊,1100.0,1100.0,False
陆明涛,1100.0,1100.0,False
陆正飞,1100.0,1100.0,False
陆瑶,1100.0,1100.0,False
陆百甫,1100.0,1100.0,False
陆磊,5101.0,1100.0,True
陆立军,3307.0,3301.0,True
陆莺,3301.0,3301.0,False
陆蓉,4401.0,3100.0,True
陆贤伟,5101.0,5101.0,False
陆铭,3100.0,3100.0,False
陆长平,1200.0,1200.0,False
陆静,5000.0,5000.0,False
陈一洪,3505.0,3505.0,False
陈丁,6101.0,6101.0,False
陈东,3201.0,3201.0,False
陈云贤,4401.0,4401.0,False
陈仕华,2102.0,1200.0,True
陈仲常,5000.0,5000.0,False
陈体标,3100.0,3100.0,False
陈佳贵,1100.0,1100.0,False
陈保华,3100.0,3100.0,False
陈信元,3100.0,3100.0,False
陈健,3701.0,1100.0,True
陈元,1100.0,1100.0,False
陈全兴,2102.0,2102.0,False
陈六傅,3201.0,3201.0,False
陈其安,5000.0,5000.0,False
陈其林,3502.0,3502.0,False
陈冬,4201.0,4201.0,False
陈冬华,3201.0,3100.0,True
陈凯,3100.0,3100.0,False
陈刚,5000.0,5000.0,False
陈创练,4401.0,4401.0,False
陈利平,4201.0,3100.0,True
陈前恒,1100.0,1100.0,False
陈剑波,1100.0,1100.0,False
陈勇,3100.0,3100.0,False
陈勇兵,4201.0,4201.0,False
陈华,1100.0,1100.0,False
陈华东,4201.0,4201.0,False
陈卫民,1200.0,1200.0,False
陈叶烽,3301.0,1100.0,True
陈司谨,5000.0,5000.0,False
陈名芹,4405.0,4405.0,False
陈向阳,4401.0,4401.0,False
陈启斐,3201.0,3201.0,False
陈哲,1100.0,1100.0,False
陈国亮,3301.0,3301.0,False
陈国富,1200.0,1200.0,False
陈国辉,2102.0,2102.0,False
陈国进,3502.0,3502.0,False
陈在余,3201.0,3201.0,False
陈坚定,6101.0,6101.0,False
陈坤木,3100.0,3100.0,False
陈奇,1100.0,1100.0,False
陈姝,4401.0,4401.0,False
陈媛媛,3100.0,3100.0,False
陈学彬,3100.0,3100.0,False
陈学政,5101.0,5101.0,False
陈宇峰,3301.0,3301.0,False
陈宏辉,4401.0,4401.0,False
陈宗胜,1200.0,1200.0,False
陈宗胜  ,1200.0,1200.0,False
陈小亮,1100.0,1100.0,False
陈小勇,6101.0,6101.0,False
陈峥嵘,3100.0,3100.0,False
陈工孟,3100.0,3100.0,False
陈巧玉,4201.0,4201.0,False
陈平,4401.0,1100.0,True
陈广,3201.0,3201.0,False
陈建勋,1100.0,1100.0,False
陈建华,1100.0,1100.0,False
陈建奇,1100.0,1100.0,False
陈建安,3100.0,3100.0,False
陈建宝,3501.0,3501.0,False
陈建成,1100.0,1100.0,False
陈建青,6101.0,6101.0,False
陈强,3701.0,3501.0,True
陈强远,3100.0,3100.0,False
陈彦斌,1100.0,1100.0,False
陈彬,1100.0,1100.0,False
陈德球,1100.0,1100.0,False
陈志,5101.0,5101.0,False
陈志俊,4201.0,3301.0,True
陈志勇,4201.0,4201.0,False
陈志娟,3301.0,3301.0,False
陈志强,1100.0,1100.0,False
陈志斌,3201.0,3201.0,False
陈忠阳,1100.0,1100.0,False
陈怀超,1401.0,1401.0,False
陈思,1100.0,1100.0,False
陈思霞,4201.0,4201.0,False
陈成忠,1100.0,1100.0,False
陈敬学,4201.0,4201.0,False
陈文,1100.0,1100.0,False
陈斌开,1100.0,1100.0,False
陈新,1200.0,1200.0,False
陈方,1100.0,1100.0,False
陈昆亭,5301.0,3301.0,True
陈昊,1100.0,1100.0,False
陈昌兵,1100.0,1100.0,False
陈春花,1100.0,1100.0,False
陈晓,1100.0,1100.0,False
陈晓光,1100.0,1100.0,False
陈晓慧,3201.0,3201.0,False
陈晓玲,5101.0,5101.0,False
陈晓红,4301.0,4301.0,False
陈晓芳,4201.0,4201.0,False
陈晓莉,3701.0,3701.0,False
陈晓音,2101.0,2101.0,False
陈晞,3502.0,3502.0,False
陈智远,3100.0,3100.0,False
陈朔,4101.0,4101.0,False
陈朝平,5000.0,5000.0,False
陈本凤,5000.0,5000.0,False
陈林,4401.0,4401.0,False
陈柳,3201.0,3201.0,False
陈梅,2102.0,2102.0,False
陈梦根,2102.0,2102.0,False
陈正理,1100.0,1100.0,False
陈永伟,1100.0,1100.0,False
陈汉文,3502.0,3502.0,False
陈沁,3100.0,3100.0,False
陈波,3100.0,3100.0,False
陈波翀,1200.0,1200.0,False
陈浩,1200.0,1200.0,False
陈浪南,4401.0,1100.0,True
陈海威,3201.0,3201.0,False
陈海强,3502.0,3502.0,False
陈涛涛,1100.0,1100.0,False
陈游,3305.0,3305.0,False
陈湛匀,3100.0,3100.0,False
陈漓高,1200.0,1200.0,False
陈漫,4301.0,4301.0,False
陈灯塔,3502.0,1100.0,True
陈炜,3502.0,3502.0,False
陈烨,3100.0,3100.0,False
陈玉婵,3502.0,3502.0,False
陈玉宇,1100.0,1100.0,False
陈玉罡,2301.0,2301.0,False
陈玉财,1100.0,1100.0,False
陈珣,5101.0,5101.0,False
陈琳,3100.0,1200.0,True
陈璐,1200.0,1200.0,False
陈益民,1100.0,1100.0,False
陈硕,3100.0,3100.0,False
陈磊,1200.0,1200.0,False
陈祎,1100.0,1100.0,False
陈祥,1200.0,1200.0,False
陈秀山,1100.0,1100.0,False
陈稳进,1200.0,1200.0,False
陈立中,1100.0,1100.0,False
陈立彤,1100.0,1100.0,False
陈立敏,4201.0,4201.0,False
陈立泰,5000.0,5000.0,False
陈立辉,3301.0,3301.0,False
陈素梅,1100.0,1100.0,False
陈红艳,3201.0,3201.0,False
陈继勇,4201.0,4201.0,False
陈维政,5101.0,5101.0,False
陈维涛,1200.0,1200.0,False
陈羽,4401.0,4401.0,False
陈胜蓝,1501.0,1501.0,False
陈良文,1200.0,1100.0,True
陈艳艳,4401.0,4401.0,False
陈艳莹,2102.0,2102.0,False
陈英,1200.0,1200.0,False
陈莹,3201.0,3201.0,False
陈蓉,3502.0,3502.0,False
陈诗一,3100.0,3100.0,False
陈诚,1100.0,1100.0,False
陈谦勤,4401.0,4401.0,False
陈辉,4401.0,4401.0,False
陈迎,1100.0,1100.0,False
陈野华,5101.0,5101.0,False
陈金龙,3505.0,3505.0,False
陈钊,3100.0,3100.0,False
陈铭,3100.0,3100.0,False
陈银娥,4201.0,4201.0,False
陈锡文,1100.0,1100.0,False
陈阳,1100.0,1100.0,False
陈雨露,1100.0,1100.0,False
陈雪花,1100.0,1100.0,False
陈雯,3502.0,3502.0,False
陈雷,1200.0,1200.0,False
陈霄,4503.0,4401.0,True
陈静,4401.0,4401.0,False
陈非,4201.0,4201.0,False
陈飞,2201.0,2102.0,True
院章元,3100.0,3100.0,False
陶军,1100.0,1100.0,False
陶勇,3100.0,3100.0,False
陶启智,5101.0,5101.0,False
陶坤玉,1100.0,1100.0,False
陶新宇,1100.0,1100.0,False
陶春生,1100.0,1100.0,False
陶江,4301.0,1200.0,True
陶然,1100.0,1100.0,False
陶能虹,1100.0,1100.0,False
陶锋,4401.0,4401.0,False
陶长高,1100.0,1100.0,False
隆国强,1100.0,1100.0,False
隋聪,2102.0,2102.0,False
雷俊霞,3301.0,3301.0,False
雷倩华,4401.0,4401.0,False
雷光勇,1100.0,1100.0,False
雷国雄,4401.0,4401.0,False
雷宇,4401.0,4401.0,False
雷强,3100.0,3100.0,False
雷新途,3301.0,3301.0,False
雷晓燕,1100.0,1100.0,False
雷潇雨,1100.0,1100.0,False
雷激风,1200.0,1200.0,False
雷莹,5000.0,5000.0,False
雷钦礼,4401.0,4401.0,False
雷震,5101.0,5101.0,False
雷鸣,3201.0,1200.0,True
霍翠凤,1100.0,1100.0,False
霍联宏,1100.0,1100.0,False
霍铁,1200.0,1200.0,False
靳云汇,1100.0,1100.0,False
靳凤菊,6101.0,6101.0,False
靳卫东,3701.0,3201.0,True
靳卫萍,1200.0,1100.0,True
靳娜,5000.0,5000.0,False
靳庆鲁,3100.0,3100.0,False
靳明明,1404.0,1404.0,False
靳涛,3502.0,3502.0,False
鞠建东,1100.0,1100.0,False
鞠晓生,4301.0,1100.0,True
韦伟,3401.0,3401.0,False
韦倩,3701.0,3701.0,False
韦克游,4501.0,4501.0,False
韦廷权,1100.0,1100.0,False
韦志超,1100.0,1100.0,False
韦森,3100.0,3100.0,False
韦福雷,2301.0,2301.0,False
韦起,4301.0,4301.0,False
韦锋,5101.0,5101.0,False
韩中,3201.0,3201.0,False
韩中元,3100.0,3100.0,False
韩乾,3502.0,3502.0,False
韩亚欣,1100.0,1100.0,False
韩俊,1100.0,1100.0,False
韩光道,4106.0,4106.0,False
韩其恒,3100.0,3100.0,False
韩剑,3201.0,3201.0,False
韩国文,4201.0,4201.0,False
韩国高,2102.0,2102.0,False
韩大海,1100.0,1100.0,False
韩平,1100.0,1100.0,False
韩建国,4201.0,4201.0,False
韩文霞,1200.0,1200.0,False
韩晓宇,1200.0,1200.0,False
韩晓梅,3201.0,3201.0,False
韩朝华,1100.0,1100.0,False
韩杨,3100.0,3100.0,False
韩民春,4201.0,4201.0,False
韩永辉,4401.0,4401.0,False
韩洪云,3301.0,3301.0,False
韩炜,5000.0,5000.0,False
韩燕,3100.0,3100.0,False
韩秀成,1100.0,1100.0,False
韩立岩,1100.0,1100.0,False
韩胜飞,4401.0,1200.0,True
韩超,2102.0,2102.0,False
韩长赋,1100.0,1100.0,False
韩青,3701.0,3701.0,False
项义军,2301.0,2301.0,False
项卫星,2201.0,2201.0,False
项后军,4401.0,4401.0,False
项杨,3100.0,3100.0,False
顾乃华,4401.0,4401.0,False
顾乃康,4401.0,4401.0,False
顾书桂,3100.0,3100.0,False
顾亮,1200.0,1200.0,False
顾娟,4401.0,4401.0,False
顾振华,3100.0,3100.0,False
顾晓安,3100.0,3100.0,False
顾标,3100.0,1100.0,True
顾海峰,3100.0,3100.0,False
顾海良,1100.0,1100.0,False
顾澄龙,3201.0,3201.0,False
顾纪生,3202.0,3202.0,False
顾雪松,1100.0,1100.0,False
顾露露,4201.0,4201.0,False
颜克高,4301.0,4301.0,False
颜波,4401.0,4401.0,False
颜色,1100.0,1100.0,False
颜鹏飞,4201.0,4201.0,False
饶品贵,4401.0,4401.0,False
饶映雪,4201.0,4201.0,False
饶晓辉,3601.0,3601.0,False
马中华,1100.0,1100.0,False
马丽,5301.0,5301.0,False
马丽娜,1100.0,1100.0,False
马丽莎,5101.0,5101.0,False
马亚明,3209.0,1200.0,True
马亚芳,4301.0,4301.0,False
马俊胜,4201.0,4201.0,False
马俐丽,3201.0,3201.0,False
马光荣,1100.0,1100.0,False
马凤翔,1100.0,1100.0,False
马勇,1100.0,1100.0,False
马千里,2101.0,2101.0,False
马双,5101.0,5101.0,False
马君,5101.0,5101.0,False
马君潞,1200.0,1200.0,False
马国勇,2301.0,2301.0,False
马士国,3100.0,3100.0,False
马孝先,3701.0,3701.0,False
马宇,3706.0,3706.0,False
马小勇,6101.0,6101.0,False
马弘,1100.0,1100.0,False
马德伦,1100.0,1100.0,False
马德芳,1100.0,1100.0,False
马忠富,1100.0,1100.0,False
马慧敏,3100.0,3100.0,False
马拴友,1100.0,1100.0,False
马捷,1100.0,1100.0,False
马文涛,6101.0,6101.0,False
马斌,4102.0,4102.0,False
马明,1200.0,1100.0,True
马晓军,1200.0,1200.0,False
马晓雪,2102.0,2102.0,False
马本江,4301.0,4301.0,False
马林平,3100.0,3100.0,False
马榕,1100.0,1100.0,False
马正兵,5000.0,5000.0,False
马正欣,1200.0,1200.0,False
马泽昊,1200.0,1200.0,False
马洪潮,2201.0,2201.0,False
马涛,3100.0,1100.0,True
马理,4201.0,4201.0,False
马素红,1100.0,1100.0,False
马红旗,1100.0,1100.0,False
马翔,1100.0,1100.0,False
马英林,1100.0,1100.0,False
马草原,6101.0,1200.0,True
马超,3201.0,3201.0,False
马述忠,3301.0,3301.0,False
马雯,1100.0,1100.0,False
马静,1200.0,1200.0,False
马静如,1200.0,1200.0,False
马骏,4401.0,1100.0,True
骆守俭,3100.0,3100.0,False
骆永民,3100.0,3100.0,False
骆立云,1100.0,1100.0,False
高保中,4102.0,1200.0,True
高兰根,1100.0,1100.0,False
高凌云,5301.0,1100.0,True
高勇强,4201.0,4201.0,False
高勤,4201.0,4201.0,False
高国伟,1100.0,1100.0,False
高培勇,1100.0,1100.0,False
高峰,1200.0,1100.0,True
高帆,3100.0,3100.0,False
高彦,1100.0,1100.0,False
高德步,1100.0,1100.0,False
高明,1100.0,1100.0,False
高明华,1100.0,1100.0,False
高春亮,1100.0,1100.0,False
高晋康,5101.0,5101.0,False
高晓光,2201.0,2201.0,False
高梦滔,5301.0,1100.0,True
高楠,4201.0,4201.0,False
高正平,1200.0,1200.0,False
高波,3201.0,3201.0,False
高琳,3100.0,3100.0,False
高翔,4401.0,4401.0,False
高英,5000.0,5000.0,False
高蓓,6101.0,6101.0,False
高谦,1100.0,1100.0,False
高越,3703.0,3703.0,False
高金窑,3701.0,3701.0,False
高铁梅,2201.0,2201.0,False
高锦萍,1100.0,1100.0,False
高阳,5301.0,1200.0,True
高雷,4405.0,4405.0,False
高鸣,1100.0,1100.0,False
高鸿桢,3502.0,3502.0,False
魏下海,4401.0,4401.0,False
魏众,1100.0,1100.0,False
魏刚,4102.0,4102.0,False
魏后凯,1100.0,1100.0,False
魏埙,1200.0,1200.0,False
魏婕,6101.0,6101.0,False
魏守华,3201.0,3201.0,False
魏巍,2102.0,2102.0,False
魏巍贤,3502.0,1100.0,True
魏开文,6101.0,6101.0,False
魏志华,3502.0,3502.0,False
魏敏,6101.0,6101.0,False
魏江,3301.0,3301.0,False
魏浩,1100.0,1100.0,False
魏福成,4201.0,4201.0,False
魏立佳,3502.0,3502.0,False
魏翔,1100.0,1100.0,False
魏钧,1100.0,1100.0,False
魏锋,5000.0,5000.0,False
鲁万波,5101.0,5101.0,False
鲁元平,4201.0,4201.0,False
鲁强,3402.0,3402.0,False
鲁晓东,4401.0,4401.0,False
鲁桐,1100.0,1100.0,False
鲁臻,4201.0,4201.0,False
鲍晓华,3100.0,3100.0,False
鹿波,1100.0,1100.0,False
麻书豪,4201.0,4201.0,False
麻昌港,4514.0,4514.0,False
黄乾,1200.0,1200.0,False
黄亮雄,4401.0,4401.0,False
黄伟,3601.0,3601.0,False
黄俊,3100.0,3100.0,False
黄先海,3301.0,3301.0,False
黄凌,1100.0,1100.0,False
黄凯南,3701.0,3701.0,False
黄勇峰,1100.0,1100.0,False
黄勋敬,4401.0,3201.0,True
黄卉,1100.0,1100.0,False
黄卫华,1200.0,1200.0,False
黄国平,1100.0,1100.0,False
黄娅娜,1100.0,1100.0,False
黄存明,1100.0,1100.0,False
黄季焜,1100.0,1100.0,False
黄宪,4201.0,4201.0,False
黄寿峰,3502.0,3502.0,False
黄少卿,3100.0,3100.0,False
黄少安,3701.0,3701.0,False
黄平,3100.0,3100.0,False
黄建忠,3502.0,3502.0,False
黄强,1100.0,1100.0,False
黄德春,3201.0,3201.0,False
黄德龙,1100.0,1100.0,False
黄志刚,3501.0,1100.0,True
黄志忠,3502.0,3502.0,False
黄怡胜,4401.0,4401.0,False
黄敏学,4201.0,4201.0,False
黄新建,5000.0,5000.0,False
黄新飞,4401.0,4401.0,False
黄昌利,1100.0,1100.0,False
黄春媛,1200.0,1200.0,False
黄晓勇,1100.0,1100.0,False
黄智淋,3505.0,3505.0,False
黄枫,5101.0,3100.0,True
黄桂,4401.0,4401.0,False
黄桂田,1100.0,1100.0,False
黄正新,4401.0,4401.0,False
黄泰岩,1100.0,1100.0,False
黄泽先,4301.0,4301.0,False
黄泽勇,4401.0,4401.0,False
黄泽民,3501.0,3501.0,False
黄洪斌,3211.0,3211.0,False
黄海杰,3100.0,3100.0,False
黄涛,1100.0,1100.0,False
黄灿,1100.0,1100.0,False
黄燕萍,3502.0,3502.0,False
黄爱白,1100.0,1100.0,False
黄玖立,1200.0,1200.0,False
黄玲,1100.0,1100.0,False
黄珺,4301.0,4301.0,False
黄琦,4201.0,4201.0,False
黄盛,1200.0,1200.0,False
黄祖辉,3301.0,3301.0,False
黄秀秀,3301.0,3301.0,False
黄纯纯,1100.0,1100.0,False
黄继,3100.0,3100.0,False
黄绪江,1100.0,1100.0,False
黄群慧,1100.0,1100.0,False
黄茂兴,3501.0,3501.0,False
黄荣哲,4501.0,4401.0,True
黄莲琴,3501.0,3501.0,False
黄萃,1100.0,1100.0,False
黄薇,1100.0,1100.0,False
黄赜琳,3100.0,3100.0,False
黄达,1100.0,1100.0,False
黄金老,1100.0,1100.0,False
黄陈,1100.0,1100.0,False
黄飞雪,2102.0,2102.0,False
黄飞鸣,3601.0,3502.0,True
黎和贵,1100.0,1100.0,False
黎峰,3201.0,1200.0,True
黎德福,3100.0,1200.0,True
黎文靖,4401.0,4401.0,False
黎杰生,1100.0,1100.0,False
黎江峰,1100.0,1100.0,False
黎灵芝,4301.0,4301.0,False
齐严,1100.0,1100.0,False
齐子鹏,4201.0,4201.0,False
齐志鲲,1200.0,1200.0,False
齐杏发,3100.0,3100.0,False
齐甜,1100.0,1100.0,False
齐绍洲,4201.0,4201.0,False
齐良书,1100.0,1100.0,False
齐艳秋,3100.0,3100.0,False
龙勇,5000.0,5000.0,False
龙小宁,3502.0,3502.0,False
龙小海,5301.0,5301.0,False
龙建成,6101.0,6101.0,False
龙晓柏,1100.0,1100.0,False
龙永红,4201.0,4201.0,False
龙玉,3100.0,3100.0,False
龙登高,1100.0,1100.0,False
龚六堂,1100.0,1100.0,False
龚关,3100.0,1200.0,True
龚刚,5301.0,1100.0,True
龚启辉,3301.0,3301.0,False
龚强,5101.0,1100.0,True
龚敏,3502.0,3502.0,False
龚晓莺,3100.0,3100.0,False
龚玉婷,3100.0,3100.0,False
龚锋,4419.0,4201.0,True
