author_first,unit_city_code,ym,city_unitn,city_units,class_num,mag_classn,coauthor,author_first,unit_city_code,class_num_num,mag_classn_num
万广华,5301.0,2013-05-01;2008-12-01;2008-04-01;2012-04-01;2008-10-01;2008-04-01;,1,云南财经大学;;,F;F;F;F;F;D;D;F;F;F;F;,经济与管理;经济与管理;经济与管理;经济与管理;经济与管理;经济与管理;, 张茵; M.S.Qureshi; 伏润民; 吴一平; 张藕香;,万广华,5301.0,2,1
万广华,6104.0,2006-06-01;2004-08-01;,1,西北农林科技大学;;,F;F;,经济与管理;经济与管理;, 张茵;,万广华,6104.0,1,1
云鹤,3301.0,2005-06-01;2012-01-01;2008-07-01;,1,浙江理工大学;;,F;F;F;F;F;F;,经济与管理;经济与管理;经济与管理;, 舒元; 胡剑锋; 吕品; 舒元;,云鹤,3301.0,1,1
云鹤,4401.0,2004-07-01;,1,中山大学;;,F;F;,经济与管理;, 刘涛; 舒元;,云鹤,4401.0,1,1
付强,3701.0,2017-03-01;,1,山东大学;;,F;,经济与管理;,nan,付强,3701.0,1,1
付强,5000.0,2013-04-01;,1,重庆大学;;,F;,经济与管理;, 刘星; 计方;,付强,5000.0,1,1
付文林,3100.0,2014-05-01;2012-05-01;,1,上海财经大学;;,F;F;F;F;,经济与管理;经济与管理;, 赵永辉; 沈坤荣;,付文林,3100.0,1,1
付文林,3201.0,2011-07-01;,1,南京大学;;,F;F;F;,经济与管理;, 耿强;,付文林,3201.0,1,1
代谦,4201.0,2015-05-01;2010-06-01;2009-03-01;2006-04-01;,1,武汉大学;;,F;F;F;F;F;F;F;,经济与管理;经济与管理;经济与管理;经济与管理;, 何祚宇; 李唐; 李唐; 别朝霞;,代谦,4201.0,1,1
代谦,3502.0,2015-10-01;,1,厦门大学;;,K;D;,经济与管理;, 别朝霞;,代谦,3502.0,2,1
任寿根,3201.0,2001-03-01;,1,南京大学;;,F;,经济与管理;,nan,任寿根,3201.0,1,1
任寿根,3601.0,2003-02-01;2002-01-01;,1,江西财经大学;;,F;F;F;,经济与管理;经济与管理;,nan,任寿根,3601.0,1,1
何启志,3201.0,2011-07-01;,1,南京大学;;,F;F;,经济与管理;, 范从来;,何启志,3201.0,1,1
何启志,3403.0,2017-05-01;,1,安徽财经大学;;,F;,经济与管理;, 姚梦雨;,何启志,3403.0,1,1
何德旭,1100.0,2016-02-01;2006-09-01;2002-09-01;2017-08-01;2015-02-01;2013-10-01;2012-10-01;2011-04-01;2002-08-01;,1,中国社会科学院;;,F;F;F;F;F;F;F;F;F;F;F;,经济与管理;经济与管理;经济与管理;经济与管理;经济与管理;经济与管理;经济与管理;经济与管理;经济与管理;, 苗文龙; 姚战琪; 余升国; 蒋照辉; 周宇; 钟震; 娄峰; 吴伯磊;,何德旭,1100.0,1,1
何德旭,1401.0,2010-04-01;,1,山西财经大学;;,F;F;,经济与管理;, 常戈;,何德旭,1401.0,1,1
何德旭,4201.0,2009-03-01;,1,湖北经济学院;;,F;,经济与管理;, 张雪兰;,何德旭,4201.0,1,1
何自力,4401.0,2007-01-01;2006-01-01;,1,华南理工大学;;,F;F;F;,经济与管理;经济与管理;,nan,何自力,4401.0,1,1
何自力,1200.0,2009-08-01;2001-02-01;,1,南开大学;;,F;F;,经济与管理;经济与管理;,nan,何自力,1200.0,1,1
何诚颖,3301.0,2013-10-01;,1,浙江财经大学;;,F;F;F;,经济与管理;, 刘林; 徐向阳; 王占海;,何诚颖,3301.0,1,1
何诚颖,4403.0,2003-09-01;,1,国信证券;;,F;,经济与管理;,nan,何诚颖,4403.0,1,1
何雄浪,5101.0,2015-04-01;2013-04-01;,2,西南民族大学;;西南财经大学;;,X;F;F;F;,经济与管理;经济与管理;,nan 赵峰;,何雄浪,5101.0,2,1
何雄浪,5115.0,2007-07-01;2007-12-01;2006-06-01;,1,宜宾学院;;,F;F;F;,经济与管理;经济与管理;经济与管理;, 李国平; 李国平; 杨继瑞;,何雄浪,5115.0,1,1
何青,1100.0,2015-12-01;2014-12-01;,1,中国人民大学;;,F;F;F;,经济与管理;经济与管理;, 钱宗鑫; 郭俊杰; 杜巨澜; 薛畅;,何青,1100.0,1,1
何青,1200.0,2013-06-01;2008-12-01;,1,南开大学;;,F;F;F;F;,经济与管理;经济与管理;, 李皓鹏; 王冲;,何青,1200.0,1,1
余翔,4201.0,2007-12-01;,1,华中科技大学;;,F;,经济与管理;, 邱洪华;,余翔,4201.0,1,1
余翔,1100.0,2016-01-01;,1,中国人民银行;;,F;,经济与管理;,nan,余翔,1100.0,1,1
俞乔,3100.0,2001-04-01;2002-04-01;,1,复旦大学;;,F;F;F;,经济与管理;经济与管理;, 程滢; 陈剑波; 杨江; 张玮;,俞乔,3100.0,1,1
俞乔,1100.0,2013-02-01;2009-06-01;,1,清华大学;;,F;F;F;,经济与管理;经济与管理;, 刘家鹏; 赵昌文;,俞乔,1100.0,1,1
俞红海,3100.0,2010-08-01;,1,上海财经大学;;,F;F;,经济与管理;, 徐龙炳; 陈百助;,俞红海,3100.0,1,1
俞红海,3201.0,2014-05-01;,1,南京大学;;,F;F;,经济与管理;, 陆蓉; 徐龙炳;,俞红海,3201.0,1,1
倪馨,1100.0,2005-10-01;,1,北京师范大学;;,F;;,经济与管理;,nan,倪馨,1100.0,2,1
倪馨,1301.0,2002-11-01;,1,河北经贸大学;;,F;,经济与管理;, 李海燕;,倪馨,1301.0,1,1
冯旭南,3100.0,2012-04-01;,1,上海大学;;,F;F;,经济与管理;,nan,冯旭南,3100.0,1,1
冯旭南,5101.0,2016-10-01;2014-04-01;,1,西南财经大学;;,F;F;F;,经济与管理;经济与管理;,nan,冯旭南,5101.0,1,1
刘冲,3100.0,2017-10-01;,1,上海财经大学;;,D;F;,经济与管理;, 郭峰; 傅家范; 周强龙;,刘冲,3100.0,2,1
刘冲,1100.0,2013-02-01;,1,北京大学;;,F;F;,经济与管理;, 厉行;,刘冲,1100.0,1,1
刘刚,4401.0,2017-08-01;2015-03-01;,1,广东财经大学;;,F;F;F;F;F;,经济与管理;经济与管理;, 屈恒; 吴思虹; 卢燕峰;,刘刚,4401.0,1,1
刘刚,1100.0,2016-08-01;,1,中国人民大学;;,F;F;,经济与管理;, 王泽宇; 程熙鎔;,刘刚,1100.0,1,1
刘刚,1200.0,2003-10-01;2002-04-01;,1,南开大学;;,F;F;,经济与管理;经济与管理;,nan,刘刚,1200.0,1,1
刘力,1100.0,2002-08-01;,1,北京大学;;,F;,经济与管理;, 俞竞;,刘力,1100.0,1,1
刘力,4401.0,2005-08-01;,1,广东外语外贸大学;;,F;,经济与管理;,nan,刘力,4401.0,1,1
刘勇,3601.0,2001-03-01;,1,江西财经大学;;,F;,经济与管理;,nan,刘勇,3601.0,1,1
刘勇,4201.0,2012-12-01;,1,武汉大学;;,F;F;,经济与管理;, 白小滢; 邹薇;,刘勇,4201.0,1,1
刘啟仁,3502.0,2015-12-01;,1,厦门大学;;,F;,经济与管理;, 黄建忠;,刘啟仁,3502.0,1,1
刘啟仁,4401.0,2016-12-01;,1,暨南大学;;,F;,经济与管理;, 黄建忠;,刘啟仁,4401.0,1,1
刘喜和,3100.0,2017-06-01;,1,上海大学;;,F;F;,经济与管理;, 周扬; 穆圆媛;,刘喜和,3100.0,1,1
刘喜和,1200.0,2013-06-01;2008-08-01;,1,天津财经大学;;,F;F;F;F;F;,经济与管理;经济与管理;,nan,刘喜和,1200.0,1,1
刘德鹏,3201.0,2015-12-01;,1,南京大学;;,C;,经济与管理;, 贾良定; 孙雀密; 蔡亚华; 杨椅伊;,刘德鹏,3201.0,1,1
刘德鹏,3701.0,2017-11-01;,1,山东大学;;,F;,经济与管理;, 贾良定; 刘畅唱; 蔡亚华; 郑雅琴;,刘德鹏,3701.0,1,1
刘拥军,1100.0,2004-04-01;,1,中国农业大学;;,F;,经济与管理;,nan,刘拥军,1100.0,1,1
刘拥军,1200.0,2002-02-01;,1,南开大学;;,F;,经济与管理;,nan,刘拥军,1200.0,1,1
刘文革,2301.0,2005-07-01;2003-12-01;,1,哈尔滨商业大学;;,F;F;,经济与管理;经济与管理;, 关立新; 张广中; 曲振涛;,刘文革,2301.0,1,1
刘文革,3301.0,2016-11-01;2016-01-01;,1,浙江工商大学;;,F;F;F;F;,经济与管理;经济与管理;, 周方召; 肖园园; 谢杰; 孙瑾;,刘文革,3301.0,1,1
刘斌,1100.0,2003-09-01;2002-07-01;2001-07-01;2001-10-01;2016-03-01;2016-09-01;,2,中国人民银行;;对外经济贸易大学;;,F;F;F;F;F;F;F;,经济与管理;经济与管理;经济与管理;经济与管理;经济与管理;经济与管理;, 张怀清; 魏倩; 吕越; 祝坤福; 王乃嘉;,刘斌,1100.0,1,1
刘斌,1200.0,2012-01-01;,1,南开大学;;,F;F;F;,经济与管理;, 李磊;,刘斌,1200.0,1,1
刘晴,3401.0,2017-05-01;,1,合肥工业大学;;,F;F;,经济与管理;, 程玲; 邵智; 陈清萍;,刘晴,3401.0,1,1
刘晴,3100.0,2013-09-01;,1,上海财经大学;;,F;F;,经济与管理;, 徐蕾;,刘晴,3100.0,1,1
刘洪军,1200.0,2002-10-01;,1,南开大学;;,F;,经济与管理;,nan,刘洪军,1200.0,1,1
刘洪军,2301.0,2004-04-01;,1,哈尔滨商业大学;;,F;,经济与管理;,nan,刘洪军,2301.0,1,1
刘瑞明,1100.0,2016-10-01;2017-03-01;,1,中国人民大学;;,G;F;D;F;,经济与管理;经济与管理;, 赵仁杰; 段雨玮; 黄维乔;,刘瑞明,1100.0,3,1
刘瑞明,3100.0,2010-01-01;2011-01-01;,1,复旦大学;;,F;F;F;F;F;,经济与管理;经济与管理;, 石磊;,刘瑞明,3100.0,1,1
刘瑞明,6101.0,2015-08-01;2015-04-01;2011-12-01;2011-12-01;2007-10-01;,1,西北大学;;,F;F;F;F;F;F;F;,经济与管理;经济与管理;经济与管理;经济与管理;经济与管理;, 赵仁杰; 石磊; 石磊; 白永秀;,刘瑞明,6101.0,1,1
刘瑶,1200.0,2011-03-01;,1,南开大学;;,F;F;,经济与管理;,nan,刘瑶,1200.0,1,1
刘瑶,2102.0,2012-10-01;,1,东北财经大学;;,F;F;F;,经济与管理;, 孙浦阳;,刘瑶,2102.0,1,1
刘畅,1100.0,2017-08-01;,1,北京大学;;,F;F;,经济与管理;, 刘冲; 马光荣;,刘畅,1100.0,1,1
刘畅,3201.0,2017-07-01;,1,南京农业大学;;,C;,经济与管理;, 易福金; 徐志刚;,刘畅,3201.0,1,1
刘胜会,1100.0,2011-10-01;,1,中国人民银行;;,F;,经济与管理;,nan,刘胜会,1100.0,1,1
刘胜会,1200.0,2006-06-01;,1,南开大学;;,F;,经济与管理;,nan,刘胜会,1200.0,1,1
刘阳,1200.0,2003-08-01;,1,南开大学;;,F;,经济与管理;,nan,刘阳,1200.0,1,1
刘阳,3201.0,2013-12-01;,1,南京师范大学;;,F;,经济与管理;, 董俊杰;,刘阳,3201.0,1,1
刘青,1100.0,2012-07-01;2017-01-01;,2,中国社会科学院;;对外经济贸易大学;;,F;F;,经济与管理;经济与管理;,nan 陶攀; 洪俊杰;,刘青,1100.0,1,1
刘青,1200.0,2007-02-01;,1,南开大学;;,F;,经济与管理;, 刘志远; 张健;,刘青,1200.0,1,1
刘静,1200.0,2002-06-01;,1,南开大学;;,F;,经济与管理;,nan,刘静,1200.0,1,1
刘静,1100.0,2008-01-01;,1,中国农业科学院;;,F;,经济与管理;, Ruth Meinzen-Dick; 钱克明; 张陆彪; 蒋藜;,刘静,1100.0,1,1
刘飞,6101.0,2011-08-01;2015-04-01;2014-06-01;,2,西安交通大学;;西安邮电大学;;,F;F;F;F;,经济与管理;经济与管理;经济与管理;,nannan,刘飞,6101.0,1,1
刘飞,4201.0,2013-02-01;,1,中南财经政法大学;;,F;F;F;,经济与管理;,nan,刘飞,4201.0,1,1
卢晶亮,3100.0,2014-04-01;,1,上海财经大学;;,D;F;F;,经济与管理;, 冯帅章; 艾春荣;,卢晶亮,3100.0,2,1
卢晶亮,4401.0,2017-01-01;,1,暨南大学;;,F;F;,经济与管理;,nan,卢晶亮,4401.0,1,1
叶光亮,1100.0,2011-12-01;,1,中国人民大学;;,F;F;,经济与管理;, 邓国营; 黎志刚;,叶光亮,1100.0,1,1
叶光亮,4401.0,2010-01-01;,1,中山大学;;,F;F;,经济与管理;, 邓国营;,叶光亮,4401.0,1,1
吴先明,1200.0,2002-08-01;,1,南开大学;;,F;,经济与管理;,nan,吴先明,1200.0,1,1
吴先明,4201.0,2017-10-01;,1,武汉大学;;,F;F;,经济与管理;, 张楠; 赵奇伟;,吴先明,4201.0,1,1
吴志峰,1100.0,2005-06-01;,1,北京大学;;,F;,经济与管理;,nan,吴志峰,1100.0,1,1
吴志峰,4403.0,2006-05-01;,1,招商银行;;,F;F;,经济与管理;,nan,吴志峰,4403.0,1,1
吴联生,1100.0,2009-10-01;2007-08-01;2005-07-01;2004-03-01;2003-06-01;2002-04-01;,1,北京大学;;,F;F;F;F;F;F;F;F;,经济与管理;经济与管理;经济与管理;经济与管理;经济与管理;经济与管理;, 王亚平; 王亚平;,吴联生,1100.0,1,1
吴联生,3502.0,2001-02-01;,1,厦门大学;;,F;,经济与管理;,nan,吴联生,3502.0,1,1
周丹,1100.0,2015-06-01;,1,北京农学院;;,F;F;,经济与管理;,nan,周丹,1100.0,1,1
周丹,3301.0,2014-02-01;,1,浙江财经大学;;,F;F;,经济与管理;, 金雪军;,周丹,3301.0,1,1
周云波,1100.0,2015-12-01;,1,中国特色社会主义经济建设协同创新中心;;,F;F;,经济与管理;, 陈岑; 田柳;,周云波,1100.0,1,1
周云波,1200.0,2017-11-01;2009-07-01;2004-06-01;,1,南开大学;;,F;F;F;F;F;,经济与管理;经济与管理;经济与管理;, 田柳; 陈岑;,周云波,1200.0,1,1
周冰,1200.0,2001-01-01;2008-04-01;2006-12-01;2004-10-01;,1,南开大学;;,F;D;F;F;,经济与管理;经济与管理;经济与管理;经济与管理;, 郑志; 黄卫华; 商晨; 谭庆刚; 谭庆刚;,周冰,1200.0,2,1
周冰,3100.0,2012-02-01;,1,申银万国证券;;,F;,经济与管理;,nan,周冰,3100.0,1,1
周密,3201.0,2006-09-01;,1,河海大学;;,F;,经济与管理;, 张桂霞;,周密,3201.0,1,1
周密,1200.0,2017-02-01;2012-06-01;,1,南开大学;;,F;F;F;,经济与管理;经济与管理;, 刘秉镰; 盛玉雪;,周密,1200.0,1,1
周建,1100.0,2002-04-01;,1,清华大学;;,F;,经济与管理;,nan,周建,1100.0,1,1
周建,3100.0,2013-02-01;2015-02-01;2009-01-01;2007-06-01;,1,上海财经大学;;,F;F;F;F;F;F;F;F;,经济与管理;经济与管理;经济与管理;经济与管理;, 艾春荣; 王丹枫; 唐莹; 况明; 杨秀祯;,周建,3100.0,1,1
周建波,1100.0,2017-04-01;2013-10-01;,1,北京大学;;,F;F;K;,经济与管理;经济与管理;, 张博; 周建涛; 张博; 周建涛;,周建波,1100.0,2,1
周建波,3100.0,2003-05-01;,1,上海财经大学;;,F;,经济与管理;, 孙菊生;,周建波,3100.0,1,1
周彬,1100.0,2001-02-01;,1,工商银行;;,F;,经济与管理;,nan,周彬,1100.0,1,1
周彬,3301.0,2003-09-01;,1,浙江大学;;,F;,经济与管理;,nan,周彬,3301.0,1,1
周文,5301.0,2012-05-01;,1,云南财经大学;;,F;F;,经济与管理;, 赵果庆;,周文,5301.0,1,1
周文,3100.0,2017-06-01;2016-03-01;,1,复旦大学;;,D;F;F;F;,经济与管理;经济与管理;, 赵方; 杨飞; 李鲁;,周文,3100.0,2,1
周炎,1100.0,2012-07-01;,1,北京大学;;,F;F;,经济与管理;, 陈昆亭;,周炎,1100.0,1,1
周炎,3301.0,2016-01-01;,1,浙江工业大学;;,F;,经济与管理;, 黄晶; 魏熙晔; 陈昆亭;,周炎,3301.0,1,1
周炎,5301.0,2017-12-01;,1,云南财经大学;;,F;,经济与管理;, 王如丰; 魏熙晔; 黄晶;,周炎,5301.0,1,1
周燕,1200.0,2012-10-01;,1,南开大学;;,F;F;,经济与管理;, 佟家栋;,周燕,1200.0,1,1
周燕,4401.0,2017-08-01;,1,中山大学;;,D;F;,经济与管理;,nan,周燕,4401.0,2,1
周鹏,1100.0,2001-09-01;,1,中国银行;;,F;,经济与管理;,nan,周鹏,1100.0,1,1
周鹏,2102.0,2014-12-01;2004-10-01;2002-06-01;,1,东北财经大学;;,F;F;F;,经济与管理;经济与管理;经济与管理;, 燕浩珍; 张思杰; 张宏志;,周鹏,2102.0,1,1
唐庆春,1100.0,2001-06-01;,1,中国民生银行;;,F;,经济与管理;,nan,唐庆春,1100.0,1,1
唐庆春,1200.0,2001-12-01;,1,南开大学;;,F;,经济与管理;, 庞继英;,唐庆春,1200.0,1,1
唐跃军,3100.0,2014-02-01;2010-01-01;2008-01-01;2009-02-01;2007-12-01;,1,复旦大学;;,D;F;F;F;F;D;F;F;,经济与管理;经济与管理;经济与管理;经济与管理;经济与管理;, 左晶晶; 李汇东; 宋渊洋; 吕斐适; 程新生; 赵武阳;,唐跃军,3100.0,2,1
唐跃军,1200.0,2006-02-01;,1,南开大学;;,F;,经济与管理;, 谢仍明;,唐跃军,1200.0,1,1
姚勇,1100.0,2005-04-01;,1,中国人民大学;;,F;,经济与管理;, 董利;,姚勇,1100.0,1,1
姚勇,1200.0,2003-04-01;,1,南开大学;;,F;,经济与管理;, 罗娅;,姚勇,1200.0,1,1
姚树洁,5000.0,2017-05-01;2015-12-01;2014-11-01;,1,重庆大学;;,F;F;F;F;F;,经济与管理;经济与管理;经济与管理;, 冯根福; 王攀; 欧璄华;,姚树洁,5000.0,1,1
姚树洁,6101.0,2005-07-01;,1,西安交通大学;;,F;,经济与管理;, 冯根福; 韩钟伟;,姚树洁,6101.0,1,1
姚洪心,3100.0,2012-07-01;,1,东华大学;;,F;F;F;,经济与管理;, 海闻;,姚洪心,3100.0,1,1
姚洪心,5101.0,2005-08-01;,1,西南交通大学;;,F;,经济与管理;, 刘存绪; 武振业;,姚洪心,5101.0,1,1
孙军,3207.0,2016-05-01;,1,淮海工学院;;,F;,经济与管理;, 高彦彦;,孙军,3207.0,1,1
孙军,3201.0,2008-10-01;,1,南京大学;;,F;F;F;,经济与管理;,nan,孙军,3201.0,1,1
孙凤,1100.0,2002-04-01;,1,清华大学;;,F;,经济与管理;,nan,孙凤,1100.0,1,1
孙凤,1200.0,2001-02-01;,1,南开大学;;,F;,经济与管理;,nan,孙凤,1200.0,1,1
孙君阳,1100.0,2011-08-01;,1,中央财经大学;;,F;F;,经济与管理;, 徐娜;,孙君阳,1100.0,1,1
孙君阳,3701.0,2008-09-01;,1,山东大学;;,F;,经济与管理;, 殷世波;,孙君阳,3701.0,1,1
孙天琦,3701.0,2004-08-01;,1,山东大学;;,F;,经济与管理;,nan,孙天琦,3701.0,1,1
孙天琦,6101.0,2001-10-01;,1,西安交通大学;;,F;,经济与管理;,nan,孙天琦,6101.0,1,1
孙楚仁,5101.0,2017-06-01;,1,西南财经大学;;,F;F;F;,经济与管理;, 凌海涛; 陈瑾;,孙楚仁,5101.0,1,1
孙楚仁,3100.0,2014-10-01;,1,上海对外经贸大学;;,F;,经济与管理;, 王松; 赵瑞丽;,孙楚仁,3100.0,1,1
孙涛,3701.0,2010-12-01;,1,山东大学;;,F;F;,经济与管理;, 黄少安;,孙涛,3701.0,1,1
孙涛,1100.0,2007-07-01;,1,中国人民银行;;,F;,经济与管理;, 张晓晶;,孙涛,1100.0,1,1
孙红梅,3100.0,2013-07-01;,1,上海师范大学;;,F;F;F;,经济与管理;, 王雪;,孙红梅,3100.0,1,1
孙红梅,5000.0,2017-05-01;,1,重庆大学;;,F;,经济与管理;, 宋宗宇;,孙红梅,5000.0,1,1
孙茂辉,3100.0,2006-11-01;,1,上海师范大学;;,F;,经济与管理;,nan,孙茂辉,3100.0,1,1
孙茂辉,4401.0,2001-08-01;,1,中山大学;;,F;,经济与管理;,nan,孙茂辉,4401.0,1,1
孟庆斌,1100.0,2015-03-01;2017-12-01;,1,中国人民大学;;,F;F;F;,经济与管理;经济与管理;, 吴卫星; 于上尧; 杨俊华; 鲁冰;,孟庆斌,1100.0,1,1
孟庆斌,1200.0,2008-08-01;,1,南开大学;;,F;F;,经济与管理;, 周爱民; 靳晓婷;,孟庆斌,1200.0,1,1
宋凌云,4401.0,2012-10-01;,1,中山大学;;,F;F;,经济与管理;, 王贤彬; 徐现祥;,宋凌云,4401.0,1,1
宋凌云,4503.0,2016-12-01;,1,广西师范大学;;,F;,经济与管理;, 王贤彬;,宋凌云,4503.0,1,1
尹振东,1100.0,2016-04-01;,1,中央财经大学;;,F;,经济与管理;, 汤玉刚;,尹振东,1100.0,1,1
尹振东,3701.0,2011-04-01;,1,山东大学;;,D;,经济与管理;,nan,尹振东,3701.0,1,1
巫强,1100.0,2017-08-01;,1,对外经济贸易大学;;,F;,经济与管理;, 周波;,巫强,1100.0,1,1
巫强,3201.0,2009-06-01;,1,南京大学;;,F;F;,经济与管理;, 刘志彪;,巫强,3201.0,1,1
巴曙松,1100.0,2012-06-01;,1,国务院;;,F;,经济与管理;, 韦勇凤; 孙兴亮;,巴曙松,1100.0,1,1
巴曙松,3401.0,2009-06-01;,1,中国科学技术大学;;,F;F;F;,经济与管理;, 严敏;,巴曙松,3401.0,1,1
张东刚,1100.0,2002-12-01;,1,中国社会历史研究中心;;,F;,经济与管理;,nan,张东刚,1100.0,1,1
张东刚,1200.0,2001-06-01;,1,南开大学;;,F;,经济与管理;,nan,张东刚,1200.0,1,1
张云,1200.0,2017-10-01;,1,南开大学;;,F;F;,经济与管理;, 刘帅光; 李双建;,张云,1200.0,1,1
张云,1100.0,2015-07-01;,1,中国农业银行;;,F;F;,经济与管理;,nan,张云,1100.0,1,1
张伟,5201.0,2011-10-01;2013-10-01;,2,贵州大学;;贵州财经大学;;,F;F;F;X;,经济与管理;经济与管理;, 吴文元; 朱启贵; 李汉文;,张伟,5201.0,2,1
张伟,3701.0,2017-03-01;,1,山东大学;;,F;,经济与管理;, 于良春;,张伟,3701.0,1,1
张伟,3201.0,2016-12-01;,1,南京航空航天大学;;,F;F;F;,经济与管理;, 朱启贵; 高辉;,张伟,3201.0,1,1
张伟,1100.0,2004-07-01;,1,中国人民银行;;,F;,经济与管理;,nan,张伟,1100.0,1,1
张兵,1200.0,2011-09-01;2015-06-01;2012-08-01;,1,南开大学;;,F;F;F;F;F;,经济与管理;经济与管理;经济与管理;, 李翠莲;,张兵,1200.0,1,1
张兵,3201.0,2015-01-01;2010-11-01;2008-09-01;2003-01-01;2017-10-01;,2,南京农业大学;;南京大学;;,F;F;F;F;F;F;F;F;F;,经济与管理;经济与管理;经济与管理;经济与管理;经济与管理;, 李丹; 孟德峰; 范致镇; 李心丹; 封思贤; 李心丹; 汪慧建; 李晓明; 陈晓莹;,张兵,3201.0,1,1
张勇,1100.0,2009-05-01;2014-10-01;,2,中国人民大学;;北京大学;;,F;F;F;F;F;,经济与管理;经济与管理;, 王玺; 古明明; 李政军; 龚六堂;,张勇,1100.0,1,1
张勇,2102.0,2017-04-01;,1,东北财经大学;;,F;F;F;,经济与管理;,nan,张勇,2102.0,1,1
张勇,3201.0,2015-07-01;,1,南京师范大学;;,F;,经济与管理;,nan,张勇,3201.0,1,1
张勇,4401.0,2008-02-01;,1,华南师范大学;;,F;F;,经济与管理;,nan,张勇,4401.0,1,1
张卫国,5000.0,2015-08-01;2011-07-01;,2,西南大学;;重庆大学;;,F;F;F;F;F;F;,经济与管理;经济与管理;, 罗超平; 李海明; 梁小翠; 陆静;,张卫国,5000.0,1,1
张卫国,3701.0,2008-02-01;2011-08-01;,2,山东大学;;山东社会科学院;;,H;F;D;,经济与管理;经济与管理;,nan 任燕燕; 花小安;,张卫国,3701.0,3,1
张卫平,1100.0,2007-07-01;,1,北京大学;;,F;F;,经济与管理;,nan,张卫平,1100.0,1,1
张卫平,3100.0,2012-04-01;,1,复旦大学;;,F;F;,经济与管理;, 李天栋;,张卫平,3100.0,1,1
张同龙,1200.0,2008-01-01;,1,天津师范大学;;,F;,经济与管理;,nan,张同龙,1200.0,1,1
张同龙,4401.0,2017-01-01;,1,华南农业大学;;,D;,经济与管理;, 张林秀;,张同龙,4401.0,1,1
张宁,1100.0,2006-07-01;,1,清华大学;;,F;,经济与管理;, 胡鞍钢; 郑京海;,张宁,1100.0,1,1
张宁,4401.0,2005-06-01;,1,中山大学;;,F;F;,经济与管理;,nan,张宁,4401.0,1,1
张宇,1200.0,2014-04-01;2010-07-01;2013-06-01;,1,南开大学;;,F;F;F;F;F;F;F;F;F;,经济与管理;经济与管理;经济与管理;, 蒋殿春;,张宇,1200.0,1,1
张宇,1100.0,2017-05-01;2016-06-01;,1,中国人民大学;;,F;F;F;,经济与管理;经济与管理;,nan,张宇,1100.0,1,1
张峰,1200.0,2016-02-01;,1,南开大学;;,F;D;,经济与管理;, 黄玖立; 王睿;,张峰,1200.0,2,1
张峰,1100.0,2017-04-01;,1,中国特色社会主义经济建设协同创新中心;;,D;,经济与管理;, 黄玖立; 禹航;,张峰,1100.0,1,1
张平,1100.0,2016-08-01;2006-02-01;,1,中国社会科学院;;,F;F;,经济与管理;经济与管理;, 郭冠清;,张平,1100.0,1,1
张平,3100.0,2016-12-01;2012-01-01;,1,复旦大学;;,F;F;D;F;F;,经济与管理;经济与管理;, 侯一麟; 赵国昌; 罗知;,张平,3100.0,2,1
张庆君,1100.0,2013-06-01;,1,中国社会科学院;;,F;F;,经济与管理;, 何德旭;,张庆君,1100.0,1,1
张庆君,1200.0,2017-07-01;,1,天津财经大学;;,F;F;,经济与管理;, 刘靖;,张庆君,1200.0,1,1
张建军,1100.0,2001-09-01;,1,中国人民银行;;,F;,经济与管理;,nan,张建军,1100.0,1,1
张建军,4201.0,2017-03-01;,1,华中科技大学;;,D;,经济与管理;,nan,张建军,4201.0,1,1
张强,4301.0,2010-04-01;2005-09-01;2002-05-01;,1,湖南大学;;,F;F;F;,经济与管理;经济与管理;经济与管理;, 武次冰; 刘彦; 付强;,张强,4301.0,1,1
张强,5301.0,2015-10-01;,1,云南财经大学;;,F;,经济与管理;, 李颖异;,张强,5301.0,1,1
张强,1100.0,2011-04-01;2002-11-01;,2,中国人民大学;;中国人民银行;;,F;F;F;,经济与管理;经济与管理;, 卢荻; 刘西顺; 王伟;,张强,1100.0,1,1
张惠,3201.0,2010-12-01;,1,南京财经大学;;,F;,经济与管理;, 陆岷峰;,张惠,3201.0,1,1
张惠,4401.0,2015-06-01;,1,华南师范大学;;,D;,经济与管理;,nan,张惠,4401.0,1,1
张晏,1100.0,2004-07-01;,1,北京大学;;,F;,经济与管理;, 龚六堂;,张晏,1100.0,1,1
张晏,3100.0,2005-10-01;,1,复旦大学;;,F;F;,经济与管理;, 龚六堂;,张晏,3100.0,1,1
张杰,6101.0,2001-03-01;,1,西安交通大学;;,F;,经济与管理;,nan,张杰,6101.0,1,1
张杰,1100.0,2015-10-01;2016-05-01;2017-03-01;2016-01-01;2014-10-01;2013-10-01;2011-03-01;2011-08-01;2010-08-01;2006-06-01;2004-06-01;2003-01-01;2017-08-01;2017-02-01;2015-12-01;2013-12-01;2013-04-01;2011-04-01;2011-12-01;2010-10-01;2017-02-01;2016-04-01;2015-04-01;2011-01-01;2010-07-01;2017-10-01;,1,中国人民大学;;,F;F;F;F;F;F;F;F;F;F;F;F;F;F;F;F;F;F;F;F;F;F;F;B;F;F;F;F;F;F;F;F;F;F;F;F;F;F;F;F;F;F;F;,经济与管理;经济与管理;经济与管理;经济与管理;经济与管理;经济与管理;经济与管理;经济与管理;经济与管理;经济与管理;经济与管理;经济与管理;经济与管理;经济与管理;经济与管理;经济与管理;经济与管理;经济与管理;经济与管理;经济与管理;经济与管理;经济与管理;经济与管理;经济与管理;经济与管理;经济与管理;, 陈志远; 杨连星; 新夫; 杨连星; 新夫; 郑文平; 郑文平; 翟福昕; 陈志远; 刘元春; 周晓艳; 李勇; 张培丽; 黄泰岩; 郑文平; 翟福昕; 郑文平; 陈志远; 李克; 刘志彪; 李勇; 刘志彪; 郑文平; 新夫;,张杰,1100.0,2,1
张杰,3201.0,2007-06-01;,1,南京大学;;,F;,经济与管理;, 张少军; 刘志彪;,张杰,3201.0,1,1
张波,4403.0,2008-05-01;,1,招商银行;;,F;,经济与管理;,nan,张波,4403.0,1,1
张波,3100.0,2011-11-01;,1,上海财经大学;;,D;F;,经济与管理;,nan,张波,3100.0,2,1
张波,1200.0,2002-02-01;,1,南开大学;;,F;,经济与管理;,nan,张波,1200.0,1,1
张海洋,1100.0,2016-10-01;,1,对外经济贸易大学;;,F;F;,经济与管理;,nan,张海洋,1100.0,1,1
张海洋,3301.0,2011-01-01;2010-04-01;2017-09-01;,2,浙江大学;;浙江理工大学;;,F;F;F;F;F;F;,经济与管理;经济与管理;经济与管理;, 史晋川; 金则杨;,张海洋,3301.0,1,1
张琦,1200.0,2003-12-01;,1,南开大学;;,F;,经济与管理;,nan,张琦,1200.0,1,1
张琦,4201.0,2015-06-01;2016-05-01;,1,中南财经政法大学;;,F;F;F;,经济与管理;经济与管理;, 吕敏康; 步丹璐; 郁智;,张琦,4201.0,1,1
张红,1100.0,2016-04-01;2016-04-01;,1,北京大学;;,F;F;,经济与管理;经济与管理;, 周黎安; 梁建章; 周黎安; 徐晋涛; 赵锦勇;,张红,1100.0,1,1
张红,4401.0,2017-12-01;,1,暨南大学;;,F;,经济与管理;, 周黎安; 梁建章;,张红,4401.0,1,1
张羽,2102.0,2005-05-01;,1,东北财经大学;;,F;,经济与管理;, 李黎;,张羽,2102.0,1,1
张羽,1100.0,2010-08-01;,1,中国人民银行;;,F;,经济与管理;, 李黎;,张羽,1100.0,1,1
张超,1200.0,2007-12-01;,1,南开大学;;,F;,经济与管理;,nan,张超,1200.0,1,1
张超,3100.0,2005-10-01;,1,上海交通大学;;,F;,经济与管理;, 顾锋;,张超,3100.0,1,1
张辉,1100.0,2014-11-01;,1,北京大学;;,F;,经济与管理;,nan,张辉,1100.0,1,1
张辉,1200.0,2016-12-01;,1,南开大学;;,F;F;,经济与管理;, 刘鹏; 于涛; 安虎森; 戚安邦;,张辉,1200.0,1,1
彭恒文,1100.0,2009-12-01;,1,中国人民银行;;,F;,经济与管理;, 石磊;,彭恒文,1100.0,1,1
彭恒文,3100.0,2008-04-01;,1,复旦大学;;,C;,经济与管理;, 石磊;,彭恒文,3100.0,1,1
彭江波,1100.0,2002-12-01;,1,中国人民银行;;,F;,经济与管理;,nan,彭江波,1100.0,1,1
彭江波,5101.0,2010-09-01;,1,西南财经大学;;,X;,经济与管理;, 郭琪;,彭江波,5101.0,1,1
徐枫,4401.0,2004-09-01;,1,华南理工大学;;,F;,经济与管理;,nan,徐枫,4401.0,1,1
徐枫,1100.0,2016-04-01;2014-12-01;,1,中国社会科学院;;,F;F;F;,经济与管理;经济与管理;,nan,徐枫,1100.0,1,1
徐琰超,1100.0,2010-04-01;,1,北京师范大学;;,F;F;F;,经济与管理;, 沈拓彬; 尹恒;,徐琰超,1100.0,1,1
徐琰超,5301.0,2016-08-01;2014-04-01;,1,云南大学;;,F;F;F;,经济与管理;经济与管理;, 柳荻; 杨龙见; 杨龙见;,徐琰超,5301.0,1,1
戈建国,1100.0,2011-10-01;,1,中国人民银行;;,F;F;,经济与管理;, 周继忠;,戈建国,1100.0,1,1
戈建国,3100.0,2007-11-01;,1,上海财经大学;;,F;,经济与管理;,nan,戈建国,3100.0,1,1
戴翔,3201.0,2016-09-01;2016-12-01;2016-09-01;,1,南京审计大学;;,F;F;F;F;F;F;,经济与管理;经济与管理;经济与管理;, 郑岚; 张为付; 刘梦; 任志成;,戴翔,3201.0,1,1
戴翔,3403.0,2014-07-01;2013-07-01;2013-04-01;2011-06-01;,1,安徽财经大学;;,F;F;F;F;F;F;F;F;F;,经济与管理;经济与管理;经济与管理;经济与管理;, 金碚; 张雨;,戴翔,3403.0,1,1
方红生,3301.0,2013-03-01;,1,浙江大学;;,F;,经济与管理;, 张军;,方红生,3301.0,1,1
方红生,3100.0,2002-08-01;,1,上海财经大学;;,F;,经济与管理;,nan,方红生,3100.0,1,1
易先忠,4301.0,2014-06-01;,1,湖南商学院;;,F;,经济与管理;, 欧阳峣; 傅晓岚;,易先忠,4301.0,1,1
易先忠,3201.0,2017-07-01;,1,南京审计大学;;,F;F;,经济与管理;, 包群; 高凌云; 张亚斌;,易先忠,3201.0,1,1
曲振涛,1100.0,2002-07-01;,1,北京大学;;,F;,经济与管理;, 刘文革;,曲振涛,1100.0,1,1
曲振涛,2301.0,2005-09-01;,1,哈尔滨商业大学;;,F;,经济与管理;,nan,曲振涛,2301.0,1,1
曹春方,4401.0,2017-12-01;,1,中山大学;;,F;,经济与管理;, 张婷婷; 范子英;,曹春方,4401.0,1,1
曹春方,5101.0,2015-09-01;2014-07-01;,1,西南财经大学;;,F;F;D;F;F;,经济与管理;经济与管理;, 周大伟; 吴澄澄; 张婷婷; 马连福; 沈小秀;,曹春方,5101.0,2,1
曹艳华,3702.0,2009-01-01;,1,青岛大学;;,F;F;,经济与管理;, 牛筱颖;,曹艳华,3702.0,1,1
曹艳华,6101.0,2009-05-01;2007-02-01;,1,西安交通大学;;,F;F;F;,经济与管理;经济与管理;, 张芳洁;,曹艳华,6101.0,1,1
曹阳,3100.0,2005-10-01;,1,华东师范大学;;,F;,经济与管理;, 王波;,曹阳,3100.0,1,1
曹阳,5101.0,2015-12-01;,1,西南交通大学;;,F;,经济与管理;,nan,曹阳,5101.0,1,1
曹静,1200.0,2003-08-01;,1,南开大学;;,F;,经济与管理;,nan,曹静,1200.0,1,1
曹静,1100.0,2014-04-01;,1,清华大学;;,X;D;,经济与管理;, 王鑫; 钟笑寒;,曹静,1100.0,2,1
曾建光,1100.0,2013-07-01;,1,北京大学;;,D;F;F;,经济与管理;, 伍利娜; 王立彦;,曾建光,1100.0,2,1
曾建光,5101.0,2016-04-01;2015-07-01;,1,西南财经大学;;,B;F;F;F;,经济与管理;经济与管理;, 张英; 杨勋;,曾建光,5101.0,2,1
曾海舰,4401.0,2010-04-01;,1,暨南大学;;,F;F;,经济与管理;,nan,曾海舰,4401.0,1,1
曾海舰,4501.0,2015-10-01;,1,广西大学;;,F;F;F;,经济与管理;, 林灵;,曾海舰,4501.0,1,1
朱文晖,1100.0,2003-12-01;,1,中国人民大学;;,F;,经济与管理;,nan,朱文晖,1100.0,1,1
朱文晖,3100.0,2002-12-01;,1,复旦大学;;,F;,经济与管理;, 汪前明;,朱文晖,3100.0,1,1
权小锋,3205.0,2017-01-01;2016-01-01;2015-11-01;,1,苏州大学;;,F;F;F;F;,经济与管理;经济与管理;经济与管理;, 尹洪英; 肖斌卿; 吴世农; 吴世农; 尹洪英;,权小锋,3205.0,1,1
权小锋,3502.0,2010-11-01;,1,厦门大学;;,F;F;,经济与管理;, 吴世农; 文芳;,权小锋,3502.0,1,1
李世刚,1100.0,2014-07-01;,1,北京师范大学;;,F;C;,经济与管理;, 尹恒;,李世刚,1100.0,2,1
李世刚,4301.0,2016-11-01;,1,中南大学;;,nan;,经济与管理;, 李晓萍;,李世刚,4301.0,1,1
李世刚,4401.0,2017-04-01;,1,中山大学;;,C;F;,经济与管理;, 尹恒;,李世刚,4401.0,2,1
李任玉,4403.0,2017-09-01;,1,深圳大学;;,F;,经济与管理;, 陈悉榕; 甘犁;,李任玉,4403.0,1,1
李任玉,5101.0,2014-10-01;,1,西南财经大学;;,F;,经济与管理;, 杜在超; 何勤英; 龚强;,李任玉,5101.0,1,1
李佳,1100.0,2013-05-01;2012-10-01;,1,中国人民大学;;,F;F;,经济与管理;经济与管理;,nan,李佳,1100.0,1,1
李佳,3301.0,2016-09-01;,1,浙江财经大学;;,F;F;F;,经济与管理;,nan,李佳,3301.0,1,1
李健,4201.0,2015-10-01;,1,华中科技大学;;,F;F;,经济与管理;, 卫平;,李健,4201.0,1,1
李健,1100.0,2012-12-01;2017-04-01;,1,中央财经大学;;,F;F;F;,经济与管理;经济与管理;, 范祚军; 谢巧燕; 林文浩;,李健,1100.0,1,1
李君华,4201.0,2009-04-01;2016-10-01;,2,华中科技大学;;湖北经济学院;;,F;F;F;,经济与管理;经济与管理;,nan 欧阳峣;,李君华,4201.0,1,1
李君华,4301.0,2011-04-01;,1,湖南师范大学;;,F;,经济与管理;, 彭玉兰;,李君华,4301.0,1,1
李四海,4201.0,2016-05-01;2014-08-01;,1,中南财经政法大学;;,F;F;C;F;F;,经济与管理;经济与管理;, 陈旋; 宋献中; 宋献中; 罗俊伟;,李四海,4201.0,2,1
李四海,4401.0,2013-04-01;,1,暨南大学;;,F;F;,经济与管理;, 刘星河; 吴伟炯;,李四海,4401.0,1,1
李宏瑾,1100.0,2014-10-01;2012-04-01;2016-01-01;,2,中国人民银行;;中国金融四十人论坛;;,F;F;F;F;F;F;,经济与管理;经济与管理;经济与管理;,nan 苏乃芳; 洪浩;,李宏瑾,1100.0,1,1
李宏瑾,2201.0,2001-02-01;,1,吉林大学;;,F;,经济与管理;, 项卫星;,李宏瑾,2201.0,1,1
李宾,1100.0,2008-10-01;,1,北京大学;;,F;F;,经济与管理;, 金一; 曾志雄;,李宾,1100.0,1,1
李宾,4303.0,2012-10-01;,1,湖南科技大学;;,F;,经济与管理;,nan,李宾,4303.0,1,1
李小平,3201.0,2006-02-01;,1,南京大学;;,F;,经济与管理;, 朱钟棣;,李小平,3201.0,1,1
李小平,4201.0,2015-08-01;2010-01-01;2008-01-01;,1,中南财经政法大学;;,F;X;F;F;F;,经济与管理;经济与管理;经济与管理;, 周记顺; 卢现祥; 胡久凯; 卢现祥; 卢现祥; 朱钟棣;,李小平,4201.0,2,1
李尚骜,1100.0,2012-07-01;,1,北京大学;;,F;F;,经济与管理;, 龚六堂;,李尚骜,1100.0,1,1
李尚骜,4201.0,2010-05-01;2011-06-01;,2,华中科技大学;;武汉大学;;,F;F;,经济与管理;经济与管理;,nan 陈继勇; 李卓;,李尚骜,4201.0,1,1
李平,1100.0,2017-12-01;,1,中国社会科学院;;,F;F;,经济与管理;, 付一夫; 张艳芳;,李平,1100.0,1,1
李平,1200.0,2001-12-01;,1,南开大学;;,F;,经济与管理;, 刘志勇;,李平,1200.0,1,1
李平,3703.0,2011-04-01;2014-12-01;2013-06-01;2010-06-01;2006-12-01;,1,山东理工大学;;,F;F;F;F;F;F;F;F;,经济与管理;经济与管理;经济与管理;经济与管理;经济与管理;, 许家云; 季永宝; 宫旭红; 齐丹丹; 张庆昌; 随洪光;,李平,3703.0,1,1
李庆海,3201.0,2017-10-01;,1,南京财经大学;;,F;F;F;,经济与管理;, 吕小锋; 李锐; 孙光林;,李庆海,3201.0,1,1
李庆海,1100.0,2011-10-01;,1,北京航空航天大学;;,F;F;,经济与管理;, 李锐; 王兆华;,李庆海,1100.0,1,1
李建军,5101.0,2012-04-01;,1,西南财经大学;;,F;,经济与管理;, 肖育才;,李建军,5101.0,1,1
李建军,1100.0,2004-01-01;2004-05-01;2004-09-01;2001-11-01;,2,中央财经大学;;人民大学;;,F;F;F;F;,经济与管理;经济与管理;经济与管理;经济与管理;,nan 田光宁;,李建军,1100.0,1,1
李强,1200.0,2003-06-01;,1,南开大学;;,F;,经济与管理;,nan,李强,1200.0,1,1
李强,5101.0,2010-10-01;,1,西南财经大学;;,D;,经济与管理;, 臧文斌;,李强,5101.0,1,1
李成,1100.0,2016-12-01;,1,中国社会科学院;;,F;F;,经济与管理;,nan,李成,1100.0,1,1
李成,6101.0,2011-10-01;2010-03-01;2014-02-01;2013-04-01;2009-02-01;2009-10-01;2007-07-01;2006-09-01;2005-01-01;2004-06-01;2010-10-01;2009-12-01;,1,西安交通大学;;,F;F;F;F;F;F;F;F;F;F;F;F;F;F;F;F;F;F;F;F;F;F;F;F;,经济与管理;经济与管理;经济与管理;经济与管理;经济与管理;经济与管理;经济与管理;经济与管理;经济与管理;经济与管理;经济与管理;经济与管理;, 马文涛; 王彬; 王彬; 马文涛; 郑怡; 白璐; 王建军; 尚振宁; 黎克俊; 王焱; 姜柳; 马文涛; 王彬; 马文涛; 王彬;,李成,6101.0,1,1
李文星,4201.0,2008-07-01;,1,华中科技大学;;,F;C;,经济与管理;, 徐长生; 艾春荣;,李文星,4201.0,2,1
李文星,5101.0,2002-04-01;,1,四川大学;;,F;,经济与管理;, 蒋瑛;,李文星,5101.0,1,1
李斌,1100.0,2001-07-01;2004-06-01;,2,中国人民银行;;北京大学;;,F;F;,经济与管理;经济与管理;,nannan,李斌,1100.0,1,1
李斌,3502.0,2006-06-01;,1,厦门大学;;,F;F;,经济与管理;, 江伟;,李斌,3502.0,1,1
李新,3100.0,2001-04-01;,1,上海财经大学;;,F;,经济与管理;,nan,李新,3100.0,1,1
李新,1100.0,2001-03-01;,1,中国社会科学院;;,F;,经济与管理;,nan,李新,1100.0,1,1
李杰,3301.0,2011-05-01;,1,浙江大学;;,F;F;,经济与管理;, 李捷瑜; 黄先海;,李杰,3301.0,1,1
李杰,4403.0,2009-06-01;,1,深圳大学;;,F;,经济与管理;,nan,李杰,4403.0,1,1
李楠,1100.0,2014-11-01;2013-01-01;2013-10-01;,3,中国人民大学;;中国社会科学院;;中国科学院;;,F;F;F;F;,经济与管理;经济与管理;经济与管理;, 黄旭; 谢尔曼; 王家强; 陈暮紫; 陈敏;,李楠,1100.0,1,1
李楠,3100.0,2016-07-01;2015-02-01;2015-07-01;,1,上海财经大学;;,D;F;C;C;,经济与管理;经济与管理;经济与管理;, 林友宏; 甄茂生; 林矗;,李楠,3100.0,3,1
李永友,3201.0,2008-05-01;,1,南京大学;;,F;F;F;,经济与管理;, 沈坤荣;,李永友,3201.0,1,1
李永友,3301.0,2017-01-01;2016-07-01;2014-04-01;,1,浙江财经大学;;,D;F;R;F;F;,经济与管理;经济与管理;经济与管理;, 张子楠; 郑春荣;,李永友,3301.0,3,1
李涛,5000.0,2013-01-01;,1,重庆理工大学;;,F;F;X;,经济与管理;,nan,李涛,5000.0,2,1
李涛,4401.0,2006-01-01;2006-08-01;2005-07-01;2004-11-01;2003-12-01;2004-10-01;,1,中山大学;;,F;F;F;F;F;F;F;,经济与管理;经济与管理;经济与管理;经济与管理;经济与管理;经济与管理;, 李红;,李涛,4401.0,1,1
李涛,1100.0,2008-01-01;2007-08-01;2017-03-01;2014-03-01;2015-06-01;2011-09-01;2010-07-01;2009-02-01;,2,中国人民大学;;中央财经大学;;,D;F;F;C;F;F;B;F;F;F;F;F;F;,经济与管理;经济与管理;经济与管理;经济与管理;经济与管理;经济与管理;经济与管理;经济与管理;, 黄纯纯; 何兴强; 周开国; 朱俊兵; 伏霖; 陈斌开; 张文韬; 史宇鹏; 陈斌开; 王志芳; 王海港; 谭松涛; 郭杰;,李涛,1100.0,4,1
李猛,1100.0,2015-04-01;,1,中国社会科学院;;,F;,经济与管理;,nan,李猛,1100.0,1,1
李猛,3100.0,2010-12-01;,1,上海市委党校;;,F;,经济与管理;, 沈坤荣;,李猛,3100.0,1,1
李虹,1100.0,2017-07-01;2011-02-01;2004-11-01;,1,北京大学;;,F;X;F;F;,经济与管理;经济与管理;经济与管理;, 熊振兴; 董亮; 谢明华;,李虹,1100.0,2,1
李虹,3100.0,2007-09-01;,1,上海财经大学;;,D;,经济与管理;,nan,李虹,3100.0,1,1
李超,1100.0,2015-05-01;,1,中国社会科学院;;,F;C;,经济与管理;, 倪鹏飞; 万海远;,李超,1100.0,2,1
李超,4401.0,2011-08-01;,1,暨南大学;;,F;F;,经济与管理;, 覃成林;,李超,4401.0,1,1
李超,5101.0,2017-08-01;,1,西南财经大学;;,F;F;X;,经济与管理;, 李涵;,李超,5101.0,2,1
李雪莲,5101.0,2015-05-01;,1,西南财经大学;;,D;D;F;,经济与管理;, 马双; 邓翔;,李雪莲,5101.0,2,1
李雪莲,1200.0,2003-10-01;2001-06-01;,1,南开大学;;,F;F;,经济与管理;经济与管理;, 张运鹏; 安辉;,李雪莲,1200.0,1,1
李静,1200.0,2005-04-01;,1,南开大学;;,F;,经济与管理;,nan,李静,1200.0,1,1
李静,1401.0,2017-06-01;,1,山西财经大学;;,F;F;G;,经济与管理;,nan,李静,1401.0,2,1
李静,3401.0,2017-03-01;,1,安徽大学;;,F;F;,经济与管理;, 楠玉; 刘霞辉;,李静,3401.0,1,1
杨俊,1100.0,2008-06-01;2006-03-01;,2,中国人民大学;;北京大学;;,F;F;F;,经济与管理;经济与管理;, 龚六堂; 龚六堂; 王亚平;,杨俊,1100.0,1,1
杨俊,1200.0,2015-09-01;,1,南开大学;;,F;,经济与管理;, 张玉利; 刘依冉;,杨俊,1200.0,1,1
杨光,1200.0,2015-02-01;2015-10-01;2008-06-01;,1,南开大学;;,F;F;F;F;F;F;,经济与管理;经济与管理;经济与管理;, 孙浦阳; 龚刚; 孙浦阳;,杨光,1200.0,1,1
杨光,3100.0,2017-12-01;,1,上海财经大学;;,F;,经济与管理;, 汪立;,杨光,3100.0,1,1
杨剑侠,3100.0,2009-07-01;,1,上海交通大学;;,F;F;,经济与管理;, 陈宏民; 包兴;,杨剑侠,3100.0,1,1
杨剑侠,5000.0,2004-07-01;,1,重庆大学;;,F;,经济与管理;, 司有和; 孙兴征;,杨剑侠,5000.0,1,1
杨勇,4201.0,2017-09-01;,1,武汉大学;;,F;,经济与管理;,nan,杨勇,4201.0,1,1
杨勇,3201.0,2003-11-01;,1,南京大学;;,F;,经济与管理;, 魏浩;,杨勇,3201.0,1,1
杨华磊,6201.0,2012-12-01;,1,兰州大学;;,F;F;F;,经济与管理;, 周晓波;,杨华磊,6201.0,1,1
杨华磊,1100.0,2014-04-01;,1,中国农业大学;;,F;,经济与管理;, 何凌云; 周晓波;,杨华磊,1100.0,1,1
杨文,1100.0,2012-04-01;,1,北京大学;;,F;F;,经济与管理;, 孙蚌珠; 王学龙;,杨文,1100.0,1,1
杨文,4403.0,2015-01-01;,1,深圳大学;;,F;,经济与管理;, 孙蚌珠; 程相宾;,杨文,4403.0,1,1
杨柳,1100.0,2001-02-01;2015-08-01;,2,中国人民银行;;中国政法大学;;,F;F;,经济与管理;经济与管理;,nannan,杨柳,1100.0,1,1
杨柳,4201.0,2016-10-01;,1,华中师范大学;;,F;,经济与管理;, 李力; 吴婷;,杨柳,4201.0,1,1
杨汝岱,1100.0,2016-03-01;2015-02-01;2013-07-01;,1,北京大学;;,F;F;F;F;F;,经济与管理;经济与管理;经济与管理;, 李艳; 朱诗娥;,杨汝岱,1100.0,1,1
杨汝岱,4303.0,2011-11-01;2009-08-01;2008-08-01;2007-12-01;,1,湘潭大学;;,F;F;G;F;F;F;F;,经济与管理;经济与管理;经济与管理;经济与管理;, 陈斌开; 朱诗娥; 陈斌开; 姚洋; 朱诗娥;,杨汝岱,4303.0,2,1
林伯强,3501.0,2014-04-01;2013-09-01;2012-11-01;,1,闽江学院;;,F;F;F;F;X;,经济与管理;经济与管理;经济与管理;, 李江龙; 杜克锐; 李爱军;,林伯强,3501.0,2,1
林伯强,3502.0,2015-09-01;2017-09-01;2016-10-01;2012-03-01;2010-08-01;2009-06-01;2009-12-01;2008-11-01;2008-05-01;2007-02-01;,1,厦门大学;;,F;F;F;F;X;F;F;F;F;F;F;F;F;F;F;F;F;F;F;F;F;F;,经济与管理;经济与管理;经济与管理;经济与管理;经济与管理;经济与管理;经济与管理;经济与管理;经济与管理;经济与管理;, 刘泓汛; 孙传旺; 姚昕; 刘畅; 刘希颖; 姚昕; 王锋; 牟敦国; 何晓萍; 魏巍贤; 李丕东;,林伯强,3502.0,2,1
林煜恩,3507.0,2014-02-01;2014-03-01;,1,武夷学院;;,F;F;F;,经济与管理;经济与管理;, 池祥萱; 池祥萱; 李乐;,林煜恩,3507.0,1,1
林煜恩,2201.0,2017-08-01;2015-08-01;2016-07-01;,1,吉林大学;;,F;F;F;F;,经济与管理;经济与管理;经济与管理;, 尚铎; 陈宜群; 池祥萱; 郑玉敏; 邵文霞; 池祥萱; 王柘君;,林煜恩,2201.0,1,1
林煜恩,3303.0,2014-12-01;,1,温州大学;;,F;,经济与管理;, 陈秀玲; 池祥萱;,林煜恩,3303.0,1,1
桂荷发,1100.0,2002-06-01;,1,中国人民大学;;,F;,经济与管理;,nan,桂荷发,1100.0,1,1
桂荷发,3601.0,2011-11-01;,1,江西财经大学;;,F;F;,经济与管理;, 蔡明超; 石劲; 汪勇祥;,桂荷发,3601.0,1,1
梁平汉,4401.0,2017-04-01;,1,中山大学;;,D;,经济与管理;, 高楠;,梁平汉,4401.0,1,1
梁平汉,5101.0,2012-10-01;,1,西南财经大学;;,C;F;,经济与管理;,nan,梁平汉,5101.0,2,1
梁正,1100.0,2003-10-01;,1,清华大学;;,F;,经济与管理;,nan,梁正,1100.0,1,1
梁正,1200.0,2001-02-01;,1,南开大学;;,F;,经济与管理;,nan,梁正,1200.0,1,1
梁琦,4401.0,2012-04-01;2012-04-01;2008-07-01;,1,中山大学;;,F;F;F;F;F;F;,经济与管理;经济与管理;经济与管理;, 丁树; 王如玉; 黄卓; 吴俊;,梁琦,4401.0,1,1
梁琦,3201.0,2005-07-01;2004-07-01;2002-10-01;2003-06-01;,1,南京大学;;,F;F;F;F;F;,经济与管理;经济与管理;经济与管理;经济与管理;, 施晓苏; 张二震;,梁琦,3201.0,1,1
楼国强,1100.0,2005-08-01;,1,北京大学;;,F;,经济与管理;,nan,楼国强,1100.0,1,1
楼国强,3100.0,2010-12-01;2013-12-01;2011-08-01;,1,上海财经大学;;,F;C;F;F;F;,经济与管理;经济与管理;经济与管理;,nan,楼国强,3100.0,2,1
樊丽明,3100.0,2014-08-01;,1,上海财经大学;;,F;F;,经济与管理;, 解垩;,樊丽明,3100.0,1,1
樊丽明,3701.0,2002-04-01;,1,山东大学;;,F;,经济与管理;,nan,樊丽明,3701.0,1,1
欧阳志刚,3601.0,2012-09-01;2011-07-01;2010-07-01;2009-09-01;,1,华东交通大学;;,F;F;F;F;F;F;F;F;F;,经济与管理;经济与管理;经济与管理;经济与管理;, 高凌云; 史焕平; 史焕平; 王世杰;,欧阳志刚,3601.0,1,1
欧阳志刚,4201.0,2017-02-01;2013-07-01;2015-06-01;,1,中南财经政法大学;;,F;F;F;F;,经济与管理;经济与管理;经济与管理;, 薛龙; 潜力;,欧阳志刚,4201.0,1,1
毛捷,3301.0,2005-04-01;,1,浙江大学;;,F;F;,经济与管理;, 金雪军; 袁佳;,毛捷,3301.0,1,1
毛捷,1100.0,2015-07-01;2015-07-01;2011-12-01;2012-07-01;,1,对外经济贸易大学;;,F;D;F;F;F;F;F;F;F;,经济与管理;经济与管理;经济与管理;经济与管理;, 吕冰洋; 马光荣; 管汉晖; 林智贤; 汪德华; 白重恩; 汪德华; 白重恩;,毛捷,1100.0,2,1
江求川,4201.0,2013-04-01;,1,华中科技大学;;,F;F;,经济与管理;, 张克中;,江求川,4201.0,1,1
江求川,4101.0,2015-07-01;,1,郑州大学;;,D;F;,经济与管理;,nan,江求川,4101.0,2,1
汤二子,2102.0,2011-06-01;,1,大连理工大学;;,F;F;F;,经济与管理;, 李影; 张海英;,汤二子,2102.0,1,1
汤二子,3201.0,2017-02-01;,1,南京审计大学;;,F;,经济与管理;,nan,汤二子,3201.0,1,1
汤向俊,3211.0,2015-10-01;,1,江苏科技大学;;,D;F;,经济与管理;, 刘瑞明; 马光辉;,汤向俊,3211.0,2,1
汤向俊,6101.0,2010-10-01;,1,西北大学;;,F;F;,经济与管理;, 任保平;,汤向俊,6101.0,1,1
汤玉刚,3100.0,2007-01-01;,1,复旦大学;;,F;,经济与管理;, 赵大平;,汤玉刚,3100.0,1,1
汤玉刚,3701.0,2010-09-01;2015-10-01;2010-10-01;,1,山东大学;;,F;F;F;F;,经济与管理;经济与管理;经济与管理;, 关凤利; 陈强; 满利苹; 苑程浩;,汤玉刚,3701.0,1,1
汪伟,3301.0,2006-03-01;,1,浙江大学;;,F;,经济与管理;, 金祥荣; 汪淼军;,汪伟,3301.0,1,1
汪伟,3100.0,2015-06-01;2013-11-01;2010-10-01;2016-10-01;2009-10-01;2008-04-01;,1,上海财经大学;;,F;C;F;F;F;C;F;C;F;F;C;F;F;F;F;,经济与管理;经济与管理;经济与管理;经济与管理;经济与管理;经济与管理;, 艾春荣; 郭新强; 艾春荣;,汪伟,3100.0,2,1
汪洋,3601.0,2010-11-01;2007-04-01;2005-04-01;,1,江西财经大学;;,F;F;F;,经济与管理;经济与管理;经济与管理;,nan,汪洋,3601.0,1,1
汪洋,1100.0,2016-04-01;,1,中国人民银行;;,F;F;,经济与管理;,nan,汪洋,1100.0,1,1
沈利生,1100.0,2003-11-01;,1,中国社会科学院;;,F;,经济与管理;, 吴振宇;,沈利生,1100.0,1,1
沈利生,3505.0,2006-03-01;,1,华侨大学;;,F;,经济与管理;, 王恒;,沈利生,3505.0,1,1
沈国兵,3100.0,2005-06-01;2015-04-01;2015-06-01;2010-06-01;2004-12-01;,2,上海财经大学;;复旦大学;;,F;F;F;F;F;F;F;F;F;F;F;,经济与管理;经济与管理;经济与管理;经济与管理;经济与管理;,nan 张鑫; 姚白羽;,沈国兵,3100.0,1,1
沈国兵,3301.0,2002-06-01;,1,浙江大学;;,F;,经济与管理;,nan,沈国兵,3301.0,1,1
沈悦,1100.0,2004-06-01;,1,清华大学;;,F;,经济与管理;, 刘洪玉;,沈悦,1100.0,1,1
沈悦,5101.0,2012-05-01;,1,西南财经大学;;,F;F;F;,经济与管理;, 储巍;,沈悦,5101.0,1,1
沈悦,6101.0,2013-03-01;2007-10-01;,1,西安交通大学;;,F;F;F;F;,经济与管理;经济与管理;, 谢坤锋; 谢勇; 田嫄;,沈悦,6101.0,1,1
沈沛龙,1401.0,2012-02-01;2013-08-01;,1,山西财经大学;;,F;F;F;,经济与管理;经济与管理;, 樊欢; 王晓婷;,沈沛龙,1401.0,1,1
沈沛龙,1100.0,2002-06-01;2001-02-01;,1,北京航空航天大学;;,F;F;,经济与管理;经济与管理;, 任若恩; 任若恩;,沈沛龙,1100.0,1,1
潘珊,1100.0,2015-09-01;,1,北京大学;;,F;,经济与管理;, 龚六堂;,潘珊,1100.0,1,1
潘珊,4401.0,2016-10-01;,1,暨南大学;;,F;F;,经济与管理;, 龚六堂; 李尚骜;,潘珊,4401.0,1,1
燕志雄,3100.0,2007-02-01;2007-10-01;,1,上海交通大学;;,F;F;F;,经济与管理;经济与管理;, 费方域; 费方域;,燕志雄,3100.0,1,1
燕志雄,4401.0,2016-09-01;,1,暨南大学;;,F;F;,经济与管理;, 张敬卫; 费方域;,燕志雄,4401.0,1,1
王伟光,1100.0,2016-03-01;2010-12-01;,1,中国社会科学院;;,F;F;,经济与管理;经济与管理;, 陈锡文; 李扬; 刘世锦; 刘诗白; 刘伟; 蔡昉; 白钦先; 李稻葵;,王伟光,1100.0,1,1
王伟光,2101.0,2015-06-01;,1,辽宁大学;;,F;,经济与管理;, 冯荣凯; 尹博;,王伟光,2101.0,1,1
王俊,3403.0,2010-09-01;,1,安徽财经大学;;,F;F;,经济与管理;, 王刚贞;,王俊,3403.0,1,1
王俊,1100.0,2012-01-01;2008-07-01;2007-12-01;2007-04-01;,1,中央财经大学;;,D;F;R;F;F;F;,经济与管理;经济与管理;经济与管理;经济与管理;, 龚强; 王威; 昌忠泽; 刘宏; 昌忠泽; 昌忠泽;,王俊,1100.0,3,1
王倩,3701.0,2016-05-01;,1,山东财经大学;;,F;F;,经济与管理;, 马云霄;,王倩,3701.0,1,1
王倩,1200.0,2012-05-01;,1,南开大学;;,F;,经济与管理;, 李颖华;,王倩,1200.0,1,1
王兰芳,1200.0,2001-06-01;,1,南开大学;;,F;,经济与管理;,nan,王兰芳,1200.0,1,1
王兰芳,3100.0,2010-10-01;,1,上海财经大学;;,F;F;,经济与管理;, 王苏生;,王兰芳,3100.0,1,1
王勇,1100.0,2003-02-01;2002-04-01;,1,北京大学;;,F;G;,经济与管理;经济与管理;,nan,王勇,1100.0,2,1
王勇,3302.0,2005-01-01;2003-12-01;,1,浙江万里学院;;,F;F;,经济与管理;经济与管理;, 袁葵芳;,王勇,3302.0,1,1
王博,1200.0,2013-05-01;2013-03-01;2012-06-01;,1,南开大学;;,F;F;F;F;F;F;F;,经济与管理;经济与管理;经济与管理;, 郭廓; 马君潞; 刘永余; 刘澜飚;,王博,1200.0,1,1
王博,5101.0,2017-04-01;,1,西南财经大学;;,F;F;,经济与管理;, 张晓玫; 卢露;,王博,5101.0,1,1
王向楠,1100.0,2012-08-01;,1,北京大学;;,F;F;,经济与管理;, 徐舒;,王向楠,1100.0,1,1
王向楠,5101.0,2011-10-01;,1,西南财经大学;;,F;F;,经济与管理;,nan,王向楠,5101.0,1,1
王国静,3506.0,2014-09-01;,1,华安证券;;,F;F;,经济与管理;, 田国强;,王国静,3506.0,1,1
王国静,3100.0,2014-03-01;,1,上海财经大学;;,F;F;,经济与管理;, 田国强;,王国静,3100.0,1,1
王宇,1100.0,2015-04-01;,1,中国人民银行;;,F;F;,经济与管理;, 李宏瑾;,王宇,1100.0,1,1
王宇,1501.0,2014-10-01;,1,内蒙古大学;;,F;F;,经济与管理;, 郭新强; 干春晖;,王宇,1501.0,1,1
王小龙,1100.0,2015-11-01;2011-08-01;2004-04-01;,2,中国人民大学;;北京大学;;,F;F;D;F;F;,经济与管理;经济与管理;经济与管理;, 方金金; 兰永生;nan,王小龙,1100.0,2,1
王小龙,6101.0,2002-01-01;2002-04-01;,1,西北大学;;,F;F;F;,经济与管理;经济与管理;, 李斌;,王小龙,6101.0,1,1
王平,1100.0,2012-05-01;,1,对外经济贸易大学;;,F;F;,经济与管理;, 肖军;,王平,1100.0,1,1
王平,5101.0,2009-06-01;,1,四川大学;;,F;,经济与管理;, 邹易; 唐柳;,王平,5101.0,1,1
王弟海,3100.0,2016-08-01;2012-06-01;2008-01-01;,1,复旦大学;;,R;F;F;F;F;F;,经济与管理;经济与管理;经济与管理;, 黄亮; 李宏毅; 龚六堂;,王弟海,3100.0,2,1
王弟海,1100.0,2006-04-01;,1,北京大学;;,F;F;,经济与管理;, 龚六堂;,王弟海,1100.0,1,1
王晓,1100.0,2010-01-01;,1,中央财经大学;;,F;,经济与管理;, 李佳;,王晓,1100.0,1,1
王晓,3701.0,2012-04-01;,1,山东财经大学;;,F;,经济与管理;,nan,王晓,3701.0,1,1
王欢,3701.0,2014-08-01;,1,山东大学;;,F;F;,经济与管理;, 郭建强;,王欢,3701.0,1,1
王欢,6101.0,2017-04-01;,1,陕西师范大学;;,G;G;,经济与管理;, 史耀疆; 王爱琴; 罗朴尚; 罗思高; 诸彦杰;,王欢,6101.0,1,1
王永进,1200.0,2016-07-01;2014-04-01;2012-07-01;,1,南开大学;;,F;F;F;F;,经济与管理;经济与管理;经济与管理;, 张国峰; 施炳展; 盛丹;,王永进,1200.0,1,1
王永进,3502.0,2010-07-01;,1,厦门大学;;,F;F;,经济与管理;, 盛丹; 施炳展; 李坤望;,王永进,3502.0,1,1
王海港,1100.0,2009-09-01;2005-01-01;,2,中央财经大学;;北京大学;;,F;F;F;,经济与管理;经济与管理;, 黄少安; 李琴; 罗凤金;nan,王海港,1100.0,1,1
王海港,4401.0,2007-08-01;,1,中山大学;;,G;,经济与管理;, 李实; 刘京军;,王海港,4401.0,1,1
王爱俭,3209.0,2014-04-01;2017-10-01;,1,中国滨海金融协同创新中心;;,F;F;F;F;,经济与管理;经济与管理;, 王璟怡; 杜强;,王爱俭,3209.0,1,1
王爱俭,1200.0,2007-10-01;2007-02-01;,1,天津财经大学;;,F;F;F;F;,经济与管理;经济与管理;, 林楠; 温博慧;,王爱俭,1200.0,1,1
王玲玲,4201.0,2012-06-01;,1,华中科技大学;;,F;F;,经济与管理;, 王宗军; 毛磊;,王玲玲,4201.0,1,1
王玲玲,5301.0,2015-02-01;,1,云南财经大学;;,F;F;,经济与管理;, 尹晓冰;,王玲玲,5301.0,1,1
王珏,1100.0,2004-02-01;,1,中国人民大学;;,F;,经济与管理;, 饶晓鹏;,王珏,1100.0,1,1
王珏,2102.0,2012-01-01;,1,东北财经大学;;,F;F;,经济与管理;,nan,王珏,2102.0,1,1
王璐,1200.0,2008-06-01;,1,南开大学;;,F;,经济与管理;, 柳欣;,王璐,1200.0,1,1
王璐,3201.0,2014-11-01;,1,南京师范大学;;,F;F;,经济与管理;, 童中文;,王璐,3201.0,1,1
王璐,5101.0,2008-04-01;,1,西南财经大学;;,F;F;,经济与管理;, 庞皓;,王璐,5101.0,1,1
王艳,4401.0,2017-12-01;,1,广东财经大学;;,F;,经济与管理;, 李善民;,王艳,4401.0,1,1
王艳,1200.0,2002-06-01;,1,南开大学;;,F;,经济与管理;,nan,王艳,1200.0,1,1
王苍峰,3100.0,2007-08-01;,1,上海财经大学;;,F;,经济与管理;,nan,王苍峰,3100.0,1,1
王苍峰,3701.0,2011-12-01;,1,山东财经大学;;,F;F;F;,经济与管理;, 司传宁;,王苍峰,3701.0,1,1
王锋,3203.0,2017-09-01;,1,中国矿业大学;;,F;F;,经济与管理;, 李紧想; 张芳; 吴艳杰;,王锋,3203.0,1,1
王锋,3502.0,2010-02-01;,1,厦门大学;;,X;,经济与管理;, 吴丽华; 杨超;,王锋,3502.0,1,1
王锋,6101.0,2013-08-01;,1,西安交通大学;;,X;F;,经济与管理;, 冯根福; 吴丽华;,王锋,6101.0,2,1
王静,1200.0,2016-04-01;,1,南开大学;;,F;,经济与管理;, 张卓; 武舜臣;,王静,1200.0,1,1
王静,3301.0,2002-11-01;,1,浙江大学;;,F;,经济与管理;,nan,王静,3301.0,1,1
王静,4102.0,2017-02-01;,1,河南大学;;,F;,经济与管理;, 庄鹏睿; 罗良清;,王静,4102.0,1,1
王鹏,1100.0,2008-02-01;2012-12-01;,2,中国人民银行;;北京交通大学;;,F;F;,经济与管理;经济与管理;,nannan,王鹏,1100.0,1,1
王鹏,1401.0,2002-08-01;,1,山西财经大学;;,F;,经济与管理;,nan,王鹏,1401.0,1,1
王鹏,5101.0,2014-12-01;,1,西南财经大学;;,F;,经济与管理;, 付延平; 李文贺;,王鹏,5101.0,1,1
田利辉,1100.0,2005-10-01;2005-10-01;2004-10-01;,1,北京大学;;,F;F;F;F;,经济与管理;经济与管理;经济与管理;,nan,田利辉,1100.0,1,1
田利辉,1200.0,2017-11-01;2014-01-01;2013-04-01;2013-11-01;2015-04-01;2014-04-01;,1,南开大学;;,F;F;F;F;F;F;F;F;F;F;F;F;,经济与管理;经济与管理;经济与管理;经济与管理;经济与管理;经济与管理;, 王可第; 张伟; 谭德凯; 王冠英;,田利辉,1200.0,1,1
田青,1100.0,2017-01-01;,1,中央财经大学;;,F;,经济与管理;,nan,田青,1100.0,1,1
田青,2102.0,2009-10-01;,1,东北财经大学;;,F;F;,经济与管理;, 高铁梅;,田青,2102.0,1,1
白钦先,4401.0,2001-04-01;,1,中山大学;;,F;,经济与管理;, 薛誉华;,白钦先,4401.0,1,1
白钦先,2101.0,2011-10-01;2017-04-01;2005-06-01;,1,辽宁大学;;,F;F;F;,经济与管理;经济与管理;经济与管理;, 张志文; 张坤; 常海中;,白钦先,2101.0,1,1
皮建才,3201.0,2014-10-01;2012-10-01;2011-02-01;,1,南京大学;;,D;D;F;,经济与管理;经济与管理;经济与管理;, 殷军; 周愚;,皮建才,3201.0,2,1
皮建才,1100.0,2008-03-01;2007-05-01;2007-01-01;2006-10-01;2007-08-01;,1,北京大学;;,F;F;F;C;F;F;F;,经济与管理;经济与管理;经济与管理;经济与管理;经济与管理;,nan,皮建才,1100.0,2,1
程令国,1100.0,2012-01-01;2011-08-01;,1,北京大学;;,R;F;,经济与管理;经济与管理;, 张晔; 张晔;,程令国,1100.0,2,1
程令国,3100.0,2016-01-01;2014-10-01;,1,上海财经大学;;,D;F;G;,经济与管理;经济与管理;, 张晔; 刘志彪; 张晔; 沈可;,程令国,3100.0,3,1
程令国,3201.0,2013-08-01;,1,南京大学;;,F;F;,经济与管理;, 张晔; 刘志彪;,程令国,3201.0,1,1
程培堽,3205.0,2009-07-01;,1,苏州农业职业技术学院;;,F;F;,经济与管理;, 周应恒; 殷志扬;,程培堽,3205.0,1,1
程培堽,3502.0,2003-06-01;,1,厦门大学;;,F;,经济与管理;,nan,程培堽,3502.0,1,1
简泽,3100.0,2013-05-01;2014-08-01;,1,同济大学;;,F;F;F;F;,经济与管理;经济与管理;, 干春晖; 余典范; 张涛; 伏玉林;,简泽,3100.0,1,1
简泽,3601.0,2017-05-01;,1,江西财经大学;;,F;F;,经济与管理;, 谭利萍; 吕大国; 符通;,简泽,3601.0,1,1
管七海,1100.0,2005-08-01;2005-04-01;,1,北京大学;;,F;F;,经济与管理;经济与管理;,nan,管七海,1100.0,1,1
管七海,4403.0,2006-01-01;,1,招商银行;;,F;,经济与管理;,nan,管七海,4403.0,1,1
胡洁,3100.0,2014-08-01;,1,华东师范大学;;,F;,经济与管理;, 陈彦煌;,胡洁,3100.0,1,1
胡洁,6101.0,2010-08-01;,1,西安交通大学;;,F;F;F;,经济与管理;, 陈彦煌;,胡洁,6101.0,1,1
范子英,3100.0,2015-05-01;2017-02-01;2016-01-01;2016-07-01;2010-03-01;2010-04-01;2008-10-01;,2,上海财经大学;;复旦大学;;,F;F;F;D;F;F;F;D;F;F;K;K;,经济与管理;经济与管理;经济与管理;经济与管理;经济与管理;经济与管理;经济与管理;, 刘甲炎; 彭飞; 彭飞; 刘冲; 田彬彬; 张军; 孟令杰; 石慧;,范子英,3100.0,3,1
范子英,3201.0,2006-08-01;2007-01-01;,1,南京农业大学;;,F;F;F;,经济与管理;经济与管理;, 孟令杰; 孟令杰;,范子英,3201.0,1,1
范子英,4201.0,2014-06-01;2013-09-01;2013-01-01;,1,华中科技大学;;,F;F;F;F;,经济与管理;经济与管理;经济与管理;, 李欣; 田彬彬; 石慧;,范子英,4201.0,1,1
葛兆强,1100.0,2006-02-01;2005-05-01;,1,中国社会科学院;;,F;F;,经济与管理;经济与管理;,nan,葛兆强,1100.0,1,1
葛兆强,4403.0,2009-08-01;2002-11-01;2001-10-01;,1,招商银行;;,F;F;F;,经济与管理;经济与管理;经济与管理;,nan,葛兆强,4403.0,1,1
董保民,3502.0,2003-10-01;,1,厦门大学;;,D;,经济与管理;,nan,董保民,3502.0,1,1
董保民,1100.0,2006-07-01;,1,对外经济贸易大学;;,F;F;,经济与管理;, 郭桂霞;,董保民,1100.0,1,1
蒙英华,3100.0,2015-10-01;2009-12-01;,2,上海对外经贸大学;;复旦大学;;,F;F;,经济与管理;经济与管理;, 蔡宏波; 黄建忠; 蔡宏波;,蒙英华,3100.0,1,1
蒙英华,3502.0,2008-02-01;,1,厦门大学;;,F;F;F;,经济与管理;, 黄建忠;,蒙英华,3502.0,1,1
蒲成毅,1200.0,2005-02-01;,1,南开大学;;,F;,经济与管理;,nan,蒲成毅,1200.0,1,1
蒲成毅,5101.0,2012-12-01;,1,西南民族大学;;,F;F;F;,经济与管理;, 潘小军;,蒲成毅,5101.0,1,1
蔡宁,1100.0,2017-02-01;,1,北京大学;;,F;,经济与管理;, 刘勇;,蔡宁,1100.0,1,1
蔡宁,3301.0,2017-03-01;,1,浙江大学;;,F;F;F;,经济与管理;, 贺锦江; 王节祥;,蔡宁,3301.0,1,1
蔡昱,5301.0,2016-02-01;2014-12-01;,1,云南财经大学;;,C;A;,经济与管理;经济与管理;, 龚刚; 龚刚;,蔡昱,5301.0,2,1
蔡昱,1200.0,2013-02-01;2008-04-01;,1,天津医科大学;;,R;D;,经济与管理;经济与管理;, 龚刚; 张前程; 龚刚;,蔡昱,1200.0,2,1
薛白,4506.0,2011-12-01;,1,东兴证券;;,F;F;,经济与管理;,nan,薛白,4506.0,1,1
薛白,1100.0,2014-12-01;,1,中信银行;;,F;F;,经济与管理;,nan,薛白,1100.0,1,1
许伟,1100.0,2009-04-01;2016-05-01;,2,北京大学;;国务院;;,F;F;F;F;,经济与管理;经济与管理;, 陈斌开; 陈斌开;,许伟,1100.0,1,1
许伟,4501.0,2008-06-01;,1,广西大学;;,F;,经济与管理;, 曾屹; 陈兴海;,许伟,4501.0,1,1
许年行,1100.0,2016-12-01;2012-07-01;2011-04-01;2013-01-01;,1,中国人民大学;;,C;F;F;F;F;F;D;D;,经济与管理;经济与管理;经济与管理;经济与管理;, 李哲; 江轩宇; 伊志宏; 徐信忠; 洪涛; 吴世农; 徐信忠; 江轩宇; 伊志宏; 袁清波;,许年行,1100.0,3,1
许年行,3502.0,2007-01-01;2006-04-01;,1,厦门大学;;,F;F;F;,经济与管理;经济与管理;, 吴世农; 吴世农;,许年行,3502.0,1,1
许承明,3100.0,2001-08-01;,1,复旦大学;;,F;,经济与管理;,nan,许承明,3100.0,1,1
许承明,3201.0,2005-03-01;,1,南京财经大学;;,F;,经济与管理;, 宋海林;,许承明,3201.0,1,1
谢刚,1100.0,2009-01-01;,1,中国人民大学;;,F;,经济与管理;, 李勇;,谢刚,1100.0,1,1
谢刚,5101.0,2011-06-01;,1,西南交通大学;;,F;,经济与管理;, 侯景亮; 贾建民;,谢刚,5101.0,1,1
谢康,4401.0,2017-08-01;2016-02-01;2016-04-01;2012-01-01;2001-05-01;,1,中山大学;;,D;F;F;F;F;F;F;F;,经济与管理;经济与管理;经济与管理;经济与管理;经济与管理;, 刘意; 肖静华; 刘亚平; 吴瑶; 肖静华; 廖雪华; 赖金天; 肖静华; 乌家培; 肖静华; 周先波; 乌家培;,谢康,4401.0,2,1
谢康,3100.0,2002-02-01;,1,上海社会科学院;;,F;,经济与管理;,nan,谢康,3100.0,1,1
谢建国,1200.0,2004-04-01;,1,南开大学;;,F;,经济与管理;,nan,谢建国,1200.0,1,1
谢建国,3201.0,2007-06-01;2014-07-01;2006-07-01;2010-12-01;2005-12-01;,1,南京大学;;,F;F;F;F;F;F;G;F;,经济与管理;经济与管理;经济与管理;经济与管理;经济与管理;, 姜珮珊; 张悦; 徐华;,谢建国,3201.0,2,1
谭之博,1100.0,2012-12-01;,1,北京大学;;,F;F;,经济与管理;, 赵岳;,谭之博,1100.0,1,1
谭之博,3100.0,2016-02-01;2015-04-01;,1,复旦大学;;,C;R;D;F;,经济与管理;经济与管理;, 张晓波; 周黎安; 赵岳;,谭之博,3100.0,4,1
谭旭东,1100.0,2004-12-01;,1,中国社会科学院;;,F;,经济与管理;,nan,谭旭东,1100.0,1,1
谭旭东,3502.0,2008-09-01;2007-02-01;,1,厦门大学;;,F;F;F;F;,经济与管理;经济与管理;,nan,谭旭东,3502.0,1,1
贺京同,1200.0,2014-07-01;2011-12-01;2007-06-01;2004-04-01;2002-12-01;,1,南开大学;;,C;C;F;F;F;F;F;F;F;,经济与管理;经济与管理;经济与管理;经济与管理;经济与管理;, 那艺; 郝身永; 冯尧; 徐璐; 李峰; 霍焰; 李大勇;,贺京同,1200.0,2,1
贺京同,3701.0,2013-12-01;,1,山东大学;;,F;,经济与管理;, 郝身永;,贺京同,3701.0,1,1
贾良定,3201.0,2001-03-01;,1,南京大学;;,F;,经济与管理;, 陈秋霖;,贾良定,3201.0,1,1
贾良定,1100.0,2002-04-01;,1,北京大学;;,F;F;,经济与管理;,nan,贾良定,1100.0,1,1
赵文军,3201.0,2008-12-01;2009-08-01;,1,南京大学;;,F;F;F;F;,经济与管理;经济与管理;, 于津平; 于津平;,赵文军,3201.0,1,1
赵文军,4403.0,2012-08-01;2014-06-01;,1,深圳大学;;,F;F;F;F;F;F;F;,经济与管理;经济与管理;, 于津平; 于津平;,赵文军,4403.0,1,1
赵旭,3100.0,2013-12-01;,1,上海对外经贸大学;;,F;,经济与管理;, 李浩;,赵旭,3100.0,1,1
赵旭,3201.0,2007-12-01;2006-12-01;,1,南京财经大学;;,F;F;F;,经济与管理;经济与管理;,nan,赵旭,3201.0,1,1
赵进文,1200.0,2004-06-01;,1,南开大学;;,F;,经济与管理;, 高辉;,赵进文,1200.0,1,1
赵进文,2102.0,2013-04-01;2010-12-01;2007-08-01;2005-12-01;2005-02-01;2004-10-01;2004-07-01;2001-12-01;,1,东北财经大学;;,F;F;F;F;F;F;F;F;F;C;F;F;F;,经济与管理;经济与管理;经济与管理;经济与管理;经济与管理;经济与管理;经济与管理;经济与管理;, 苏明政; 邢天才; 邢天才; 熊磊; 范继涛; 闵捷; 闵捷; 高辉; 邵国莉;,赵进文,2102.0,2,1
逄锦聚,1100.0,2017-11-01;2016-10-01;,1,中国特色社会主义经济建设协同创新中心;;,D;F;F;,经济与管理;经济与管理;,nan,逄锦聚,1100.0,2,1
逄锦聚,1200.0,2005-02-01;2004-02-01;2002-02-01;2001-10-01;,1,南开大学;;,F;F;F;F;,经济与管理;经济与管理;经济与管理;经济与管理;,nan,逄锦聚,1200.0,1,1
邓伟,4201.0,2013-01-01;,1,华中科技大学;;,F;F;,经济与管理;, 唐齐鸣;,邓伟,4201.0,1,1
邓伟,1100.0,2009-10-01;,1,北京大学;;,F;,经济与管理;,nan,邓伟,1100.0,1,1
邓伟,3201.0,2012-06-01;,1,南京财经大学;;,F;F;F;,经济与管理;, 叶林祥;,邓伟,3201.0,1,1
邵帅,2301.0,2008-04-01;,1,哈尔滨工业大学;;,F;F;F;,经济与管理;, 齐中英;,邵帅,2301.0,1,1
邵帅,3100.0,2016-09-01;2013-02-01;2011-12-01;2017-03-01;2015-05-01;,2,上海财经大学;;复旦大学;;,X;X;F;F;F;F;F;F;F;X;F;,经济与管理;经济与管理;经济与管理;经济与管理;经济与管理;, 李欣; 曹建华; 杨莉莉; 杨莉莉; 黄涛; 杨莉莉; 张曦; 赵兴荣; 吕长江;,邵帅,3100.0,2,1
邵挺,1100.0,2017-02-01;2011-04-01;,1,国务院;;,F;F;F;,经济与管理;经济与管理;, 王瑞民; 王微; 崔凡; 范英; 许庆;,邵挺,1100.0,1,1
邵挺,3100.0,2010-06-01;,1,复旦大学;;,F;,经济与管理;, 袁志刚;,邵挺,3100.0,1,1
邹薇,4201.0,2005-05-01;,1,武汉大学;;,F;,经济与管理;, 钱雪松;,邹薇,4201.0,1,1
邹薇,4303.0,2007-06-01;,1,湘潭大学;;,F;F;,经济与管理;, 陈云;,邹薇,4303.0,1,1
郑挺国,3502.0,2013-06-01;2012-03-01;2010-03-01;2010-10-01;,1,厦门大学;;,F;F;F;F;F;F;F;,经济与管理;经济与管理;经济与管理;经济与管理;, 王霞; 王霞; 苏娜; 刘金全; 王霞;,郑挺国,3502.0,1,1
郑挺国,2201.0,2008-01-01;,1,吉林大学;;,F;F;,经济与管理;, 刘金全;,郑挺国,2201.0,1,1
郭克莎,1100.0,2002-11-01;,1,中国社会科学院;;,F;,经济与管理;,nan,郭克莎,1100.0,1,1
郭克莎,3505.0,2017-02-01;2017-10-01;2016-09-01;,1,华侨大学;;,F;F;F;F;,经济与管理;经济与管理;经济与管理;, 杨阔;,郭克莎,3505.0,1,1
郭凯明,1100.0,2011-12-01;2011-07-01;,1,北京大学;;,F;F;C;,经济与管理;经济与管理;, 张全升; 龚六堂; 颜色;,郭凯明,1100.0,2,1
郭凯明,4401.0,2017-03-01;2017-04-01;2016-06-01;2015-07-01;2016-04-01;,2,中山大学;;暨南大学;;,F;F;F;C;F;F;F;C;,经济与管理;经济与管理;经济与管理;经济与管理;经济与管理;, 杭静; 颜色; 颜色; 颜色; 颜色; 余靖雯; 龚六堂;,郭凯明,4401.0,2,1
郭峰,1100.0,2016-06-01;,1,北京大学;;,D;F;,经济与管理;,nan,郭峰,1100.0,2,1
郭峰,3100.0,2015-04-01;2017-07-01;2017-07-01;,2,上海新金融研究院;;上海财经大学;;,F;D;X;G;,经济与管理;经济与管理;经济与管理;,nan 石庆玲; 李欣;,郭峰,3100.0,4,1
郭广珍,3100.0,2014-02-01;,1,复旦大学;;,F;,经济与管理;, 张军;,郭广珍,3100.0,1,1
郭广珍,2101.0,2017-03-01;,1,辽宁大学;;,F;F;,经济与管理;, 张玉兰; 胡可嘉;,郭广珍,2101.0,1,1
郭强,1200.0,2017-06-01;2014-10-01;2013-12-01;2012-08-01;2015-02-01;,1,天津财经大学;;,F;F;F;F;F;F;F;F;F;F;,经济与管理;经济与管理;经济与管理;经济与管理;经济与管理;, 张明; 邓黎桥; 殷无弦; 董昀; 谭小芬; 董昀; 李向前; 李向前; 付志刚;,郭强,1200.0,1,1
郭强,1100.0,2011-08-01;,1,中国社会科学院;;,F;F;F;,经济与管理;, 谭小芬; 李向前;,郭强,1100.0,1,1
郭玉清,1100.0,2006-06-01;,1,中国人民大学;;,F;F;,经济与管理;,nan,郭玉清,1100.0,1,1
郭玉清,1200.0,2017-06-01;2016-03-01;2011-08-01;,1,南开大学;;,F;D;F;F;,经济与管理;经济与管理;经济与管理;, 孙希芳; 何杨; 何杨; 李龙;,郭玉清,1200.0,2,1
钟昌标,3302.0,2010-01-01;2007-09-01;,1,宁波大学;;,F;F;F;,经济与管理;经济与管理;,nan,钟昌标,3302.0,1,1
钟昌标,5301.0,2014-12-01;2013-12-01;,1,云南财经大学;;,F;F;F;F;,经济与管理;经济与管理;, 黄远浙; 刘伟; 黄远浙; 刘伟;,钟昌标,5301.0,1,1
钟春平,1100.0,2015-05-01;,1,中国社会科学院;;,F;,经济与管理;, 田敏;,钟春平,1100.0,1,1
钟春平,4201.0,2012-12-01;2006-08-01;2011-01-01;,1,华中科技大学;;,F;F;F;F;F;F;,经济与管理;经济与管理;经济与管理;, 陈静; 孙焕民; 徐长生; 徐长生;,钟春平,4201.0,1,1
钟春平,4403.0,2005-07-01;,1,招商银行;;,F;,经济与管理;, 徐长生;,钟春平,4403.0,1,1
钱先航,3701.0,2017-02-01;2015-07-01;2017-12-01;2014-07-01;,1,山东大学;;,D;F;D;C;F;D;F;,经济与管理;经济与管理;经济与管理;经济与管理;, 曹廷求; 曹廷求; 曹春方; 王可; 徐业坤;,钱先航,3701.0,3,1
钱先航,1200.0,2011-12-01;,1,南开大学;;,F;,经济与管理;, 曹廷求; 李维安;,钱先航,1200.0,1,1
闫国庆,2101.0,2002-05-01;,1,辽宁大学;;,F;,经济与管理;,nan,闫国庆,2101.0,1,1
闫国庆,3302.0,2009-05-01;,1,浙江万里学院;;,F;,经济与管理;, 孙琪; 仲鸿生; 赵娜; 荆娴;,闫国庆,3302.0,1,1
陆磊,1100.0,2001-04-01;,1,中国人民银行;;,F;,经济与管理;,nan,陆磊,1100.0,1,1
陆磊,4401.0,2005-08-01;,1,中山大学;;,F;,经济与管理;,nan,陆磊,4401.0,1,1
陆磊,5101.0,2004-10-01;,1,西南财经大学;;,F;,经济与管理;, 李世宏;,陆磊,5101.0,1,1
陆立军,3307.0,2007-04-01;,1,浙江师范大学;;,F;F;,经济与管理;, 杨海军;,陆立军,3307.0,1,1
陆立军,3301.0,2002-02-01;,1,浙江省软科学研究所;;,F;,经济与管理;,nan,陆立军,3301.0,1,1
陆蓉,4401.0,2004-03-01;2004-01-01;,1,中山大学;;,F;F;,经济与管理;经济与管理;, 徐龙炳; 徐龙炳;,陆蓉,4401.0,1,1
陆蓉,3100.0,2017-11-01;2017-11-01;2007-06-01;,1,上海财经大学;;,F;O;F;F;,经济与管理;经济与管理;经济与管理;, 邓鸣茂; 何婧; 崔晓蕾; 陈百助; 徐龙炳; 谢新厚;,陆蓉,3100.0,2,1
陈仕华,1200.0,2015-09-01;,1,天津财经大学;;,F;F;,经济与管理;, 卢昌崇; 姜广省; 王雅茹;,陈仕华,1200.0,1,1
陈仕华,2102.0,2017-05-01;2016-06-01;2014-10-01;,1,东北财经大学;;,F;F;F;D;,经济与管理;经济与管理;经济与管理;, 卢昌崇; 李维安; 姜广省; 李维安; 王春林;,陈仕华,2102.0,2,1
陈健,1100.0,2007-11-01;,1,中国社会科学院;;,F;,经济与管理;,nan,陈健,1100.0,1,1
陈健,3201.0,2009-04-01;,1,东南大学;;,F;F;,经济与管理;, 徐康宁;,陈健,3201.0,1,1
陈健,3701.0,2013-09-01;,1,山东大学;;,F;D;,经济与管理;, 黄少安;,陈健,3701.0,2,1
陈冬华,3100.0,2005-02-01;,1,上海财经大学;;,F;,经济与管理;, 陈信元; 万华林;,陈冬华,3100.0,1,1
陈冬华,3201.0,2017-05-01;2015-05-01;2013-09-01;2011-12-01;2010-07-01;2008-03-01;,1,南京大学;;,F;F;F;B;D;F;F;F;F;D;,经济与管理;经济与管理;经济与管理;经济与管理;经济与管理;经济与管理;, 相加凤; 范从来; 沈永建; 胡晓莉; 梁上坤; 新夫; 陈富生; 沈永建; 尤海峰; 范从来; 沈永建; 周亚虹; 章铁生; 李翔;,陈冬华,3201.0,3,1
陈利平,3100.0,2007-07-01;,1,上海财经大学;;,F;F;,经济与管理;,nan,陈利平,3100.0,1,1
陈利平,4201.0,2001-03-01;2003-04-01;,1,武汉大学;;,F;F;,经济与管理;经济与管理;,nan,陈利平,4201.0,1,1
陈叶烽,1100.0,2012-02-01;,1,北京师范大学;;,F;,经济与管理;, 叶航; 汪丁丁;,陈叶烽,1100.0,1,1
陈叶烽,3301.0,2011-06-01;2009-12-01;,1,浙江大学;;,F;C;,经济与管理;经济与管理;, 周业安; 宋紫峰;,陈叶烽,3301.0,2,1
陈平,1100.0,2006-10-01;2002-01-01;,1,北京大学;;,F;F;F;,经济与管理;经济与管理;,nan,陈平,1100.0,1,1
陈平,4401.0,2002-06-01;,1,中山大学;;,F;,经济与管理;, 王曦;,陈平,4401.0,1,1
陈强,3501.0,2009-04-01;,1,福建省福州大学;;,F;F;F;,经济与管理;, 叶阿忠;,陈强,3501.0,1,1
陈强,3701.0,2011-07-01;2015-07-01;2014-10-01;2017-08-01;,1,山东大学;;,F;K;K;F;X;,经济与管理;经济与管理;经济与管理;经济与管理;, 乔兆纲; 孙丰凯; 徐艳娴;,陈强,3701.0,3,1
陈志俊,4201.0,2003-10-01;,1,武汉大学;;,F;,经济与管理;, 邱敬渊;,陈志俊,4201.0,1,1
陈志俊,3301.0,2004-10-01;,1,浙江大学;;,G;,经济与管理;, 张昕竹;,陈志俊,3301.0,1,1
陈昆亭,5301.0,2017-07-01;,1,云南财经大学;;,F;,经济与管理;, 周炎;,陈昆亭,5301.0,1,1
陈昆亭,3701.0,2008-02-01;2004-07-01;,1,山东大学;;,F;F;F;,经济与管理;经济与管理;, 周炎; 龚六堂;,陈昆亭,3701.0,1,1
陈昆亭,3301.0,2015-06-01;2014-12-01;,1,浙江工业大学;;,F;F;,经济与管理;经济与管理;, 周炎; 黄晶; 周炎; 虞晓芬;,陈昆亭,3301.0,1,1
陈昆亭,3302.0,2012-01-01;2011-11-01;,1,宁波大学;;,F;F;F;,经济与管理;经济与管理;, 周炎; 龚六堂; 李浩; 熊爱民; 柯建飞;,陈昆亭,3302.0,1,1
陈浪南,1100.0,2010-04-01;2007-10-01;,1,中国立信风险管理研究院;;,F;F;F;,经济与管理;经济与管理;, 孙坚强; 林伟斌; 欧阳永卫;,陈浪南,1100.0,1,1
陈浪南,3502.0,2002-05-01;,1,厦门大学;;,F;,经济与管理;, 黄杰鲲;,陈浪南,3502.0,1,1
陈浪南,4401.0,2009-03-01;2007-04-01;2007-11-01;2004-05-01;2014-10-01;2008-10-01;,1,中山大学;;,F;F;F;F;F;F;F;F;,经济与管理;经济与管理;经济与管理;经济与管理;经济与管理;经济与管理;, 刘宏伟; 洪如明; 黄洵; 田磊; 陈云;,陈浪南,4401.0,1,1
陈灯塔,1100.0,2003-10-01;,1,北京大学;;,F;,经济与管理;, 洪永淼;,陈灯塔,1100.0,1,1
陈灯塔,3502.0,2006-01-01;,1,厦门大学;;,F;F;,经济与管理;, 周颖刚;,陈灯塔,3502.0,1,1
陈琳,1200.0,2010-04-01;,1,南开大学;;,F;,经济与管理;, 翟崇碧;,陈琳,1200.0,1,1
陈琳,3100.0,2015-10-01;,1,复旦大学;;,F;,经济与管理;,nan,陈琳,3100.0,1,1
陈良文,1100.0,2007-10-01;,1,北京大学;;,F;,经济与管理;, 杨开忠;,陈良文,1100.0,1,1
陈良文,1200.0,2008-10-01;,1,天津新技术产业园区科技局;;,F;F;F;,经济与管理;, 杨开忠; 沈体雁; 王伟;,陈良文,1200.0,1,1
陈霄,4401.0,2016-04-01;,1,暨南大学;;,F;F;C;,经济与管理;, 叶德珠;,陈霄,4401.0,2,1
陈霄,4503.0,2013-11-01;,1,广西师范大学;;,F;F;,经济与管理;, 丁晓裕; 王贝芬;,陈霄,4503.0,1,1
陈飞,2102.0,2015-10-01;2014-02-01;2010-11-01;,1,东北财经大学;;,F;F;F;F;F;,经济与管理;经济与管理;经济与管理;, 翟伟娟; 卢建词; 范庆泉; 高铁梅;,陈飞,2102.0,1,1
陈飞,2201.0,2002-10-01;,1,吉林大学;;,F;,经济与管理;, 赵昕东; 高铁梅;,陈飞,2201.0,1,1
陶江,1200.0,2003-10-01;,1,南开大学;;,F;,经济与管理;,nan,陶江,1200.0,1,1
陶江,4301.0,2012-05-01;,1,湖南大学;;,F;,经济与管理;, 胡荣尚;,陶江,4301.0,1,1
雷鸣,3201.0,2013-04-01;,1,南京财经大学;;,F;F;F;,经济与管理;, 王军; 叶五一;,雷鸣,3201.0,1,1
雷鸣,1200.0,2007-04-01;,1,南开大学;;,F;,经济与管理;,nan,雷鸣,1200.0,1,1
靳卫东,3201.0,2007-02-01;,1,南京大学;;,F;F;,经济与管理;,nan,靳卫东,3201.0,1,1
靳卫东,3701.0,2017-04-01;,1,山东财经大学;;,F;R;,经济与管理;, 王鹏帆; 毛中根;,靳卫东,3701.0,2,1
靳卫萍,1100.0,2012-10-01;,1,清华大学;;,F;,经济与管理;, 熊柴;,靳卫萍,1100.0,1,1
靳卫萍,1200.0,2002-10-01;,1,南开大学;;,F;,经济与管理;,nan,靳卫萍,1200.0,1,1
鞠晓生,1100.0,2013-01-01;,1,中国人民大学;;,F;F;,经济与管理;, 卢荻; 虞义华;,鞠晓生,1100.0,1,1
鞠晓生,4301.0,2016-03-01;2015-01-01;,1,国防科学技术大学;;,F;E;F;F;F;,经济与管理;经济与管理;, 黄朝峰; 卢荻; 黄朝峰; 管瑞龙;,鞠晓生,4301.0,2,1
韩胜飞,4401.0,2007-07-01;,1,华南理工大学;;,F;,经济与管理;,nan,韩胜飞,4401.0,1,1
韩胜飞,1200.0,2006-04-01;,1,南开大学;;,F;,经济与管理;, 戴金平;,韩胜飞,1200.0,1,1
顾标,1100.0,2007-10-01;,1,北京大学;;,F;,经济与管理;, 周纪恩;,顾标,1100.0,1,1
顾标,3100.0,2009-10-01;,1,上海大学;;,F;,经济与管理;, 周纪恩;,顾标,3100.0,1,1
马亚明,1200.0,2003-08-01;,1,南开大学;;,F;,经济与管理;, 张岩贵;,马亚明,1200.0,1,1
马亚明,3209.0,2014-12-01;,1,中国滨海金融协同创新中心;;,F;F;,经济与管理;, 刘翠;,马亚明,3209.0,1,1
马明,1100.0,2002-04-01;,1,国务院;;,F;,经济与管理;, 向桢;,马明,1100.0,1,1
马明,1200.0,2004-10-01;,1,南开大学;;,F;,经济与管理;,nan,马明,1200.0,1,1
马涛,3100.0,2002-06-01;,1,复旦大学;;,F;,经济与管理;,nan,马涛,3100.0,1,1
马涛,1100.0,2010-08-01;,1,中国社会科学院;;,F;F;F;,经济与管理;, 刘仕国;,马涛,1100.0,1,1
马草原,6101.0,2017-11-01;2013-07-01;2015-04-01;,1,西安交通大学;;,F;F;F;X;F;,经济与管理;经济与管理;经济与管理;, 马文涛; 李成; 李成; 周亚雄;,马草原,6101.0,2,1
马草原,1200.0,2010-08-01;,1,南开大学;;,F;F;F;,经济与管理;, 李运达;,马草原,1200.0,1,1
马骏,1100.0,2015-05-01;,1,中国人民银行;;,F;F;,经济与管理;,nan,马骏,1100.0,1,1
马骏,4401.0,2004-10-01;2003-01-01;2003-06-01;,1,中山大学;;,F;D;F;,经济与管理;经济与管理;经济与管理;, 侯一麟;,马骏,4401.0,2,1
高保中,1200.0,2004-08-01;,1,南开大学;;,F;,经济与管理;,nan,高保中,1200.0,1,1
高保中,4102.0,2015-12-01;,1,河南大学;;,F;,经济与管理;, 赵学增;,高保中,4102.0,1,1
高凌云,1100.0,2011-01-01;2010-01-01;,1,中国社会科学院;;,F;F;F;F;F;F;,经济与管理;经济与管理;, 毛日昇; 王洛林;,高凌云,1100.0,1,1
高凌云,5301.0,2012-05-01;,1,云南民族大学;;,F;,经济与管理;, 王洛林; 苏庆义;,高凌云,5301.0,1,1
高峰,1100.0,2003-03-01;,1,清华大学;;,F;,经济与管理;, 宋逢明;,高峰,1100.0,1,1
高峰,1200.0,2005-10-01;2004-10-01;2001-12-01;,1,南开大学;;,F;F;F;,经济与管理;经济与管理;经济与管理;, 张仁德; 陈瑞华;,高峰,1200.0,1,1
高梦滔,5301.0,2006-12-01;,1,云南民族大学;;,F;F;,经济与管理;, 姚洋;,高梦滔,5301.0,1,1
高梦滔,1100.0,2004-07-01;2005-12-01;,2,北京大学;;北京师范大学;;,C;F;,经济与管理;经济与管理;, 姚洋; 姚洋;,高梦滔,1100.0,2,1
高阳,1200.0,2015-02-01;,1,南开大学;;,F;,经济与管理;,nan,高阳,1200.0,1,1
高阳,5301.0,2017-02-01;,1,云南财经大学;;,F;,经济与管理;, 田友春;,高阳,5301.0,1,1
魏巍贤,1100.0,2007-12-01;,1,对外经济贸易大学;;,F;F;,经济与管理;, 林伯强;,魏巍贤,1100.0,1,1
魏巍贤,3502.0,2006-04-01;,1,厦门大学;;,F;,经济与管理;,nan,魏巍贤,3502.0,1,1
黄勋敬,3201.0,2013-07-01;2012-09-01;2010-03-01;,1,南京大学;;,F;F;F;,经济与管理;经济与管理;经济与管理;, 赵曙明; 程秋虎; 赵曙明; 赵曙明;,黄勋敬,3201.0,1,1
黄勋敬,4401.0,2009-05-01;2007-01-01;,2,中山大学;;华南师范大学;;,F;F;F;,经济与管理;经济与管理;,nan 胡晔;,黄勋敬,4401.0,1,1
黄志刚,3501.0,2010-05-01;,1,福州大学;;,F;F;,经济与管理;, 陈晓杰;,黄志刚,3501.0,1,1
黄志刚,1100.0,2017-05-01;2011-03-01;2012-04-01;2010-07-01;2009-06-01;,2,中央财经大学;;北京大学;;,F;F;F;F;F;F;F;F;F;F;F;F;F;F;,经济与管理;经济与管理;经济与管理;经济与管理;经济与管理;, 许伟;nan,黄志刚,1100.0,1,1
黄枫,3100.0,2015-07-01;2012-12-01;2013-01-01;2017-02-01;,1,上海财经大学;;,F;F;R;F;F;C;,经济与管理;经济与管理;经济与管理;经济与管理;, 孙世龙; 吴纯杰; 吴纯杰; 傅伟;,黄枫,3100.0,3,1
黄枫,5101.0,2010-06-01;2009-12-01;,1,西南财经大学;;,F;F;,经济与管理;经济与管理;, 甘犁; 吴纯杰;,黄枫,5101.0,1,1
黄荣哲,4401.0,2008-12-01;,1,暨南大学;;,F;F;,经济与管理;, 何问陶; 农丽娜;,黄荣哲,4401.0,1,1
黄荣哲,4501.0,2013-05-01;,1,广西财经学院;;,F;F;F;,经济与管理;, 农丽娜;,黄荣哲,4501.0,1,1
黄飞鸣,3502.0,2009-12-01;,1,厦门大学;;,F;F;,经济与管理;,nan,黄飞鸣,3502.0,1,1
黄飞鸣,3601.0,2010-10-01;,1,江西财经大学;;,F;F;,经济与管理;,nan,黄飞鸣,3601.0,1,1
黎峰,1200.0,2015-08-01;,1,南开大学;;,F;F;F;,经济与管理;,nan,黎峰,1200.0,1,1
黎峰,3201.0,2017-09-01;,1,江苏省社会科学院;;,F;,经济与管理;,nan,黎峰,3201.0,1,1
黎德福,1200.0,2006-02-01;,1,南开大学;;,F;,经济与管理;, 黄玖立;,黎德福,1200.0,1,1
黎德福,3100.0,2013-04-01;2006-10-01;2007-08-01;,1,同济大学;;,F;F;F;F;,经济与管理;经济与管理;经济与管理;, 唐雪梅; 陈宗胜; 黄玖立;,黎德福,3100.0,1,1
龚关,1200.0,2007-12-01;,1,南开大学;;,F;F;,经济与管理;,nan,龚关,1200.0,1,1
龚关,3100.0,2013-04-01;,1,上海财经大学;;,F;F;,经济与管理;, 胡关亮;,龚关,3100.0,1,1
龚刚,1100.0,2007-04-01;2004-07-01;2003-04-01;2007-04-01;,1,清华大学;;,F;F;F;F;F;,经济与管理;经济与管理;经济与管理;经济与管理;, 林毅夫; Willi Semmler; 陈琳;,龚刚,1100.0,1,1
龚刚,1200.0,2012-09-01;2008-06-01;2008-10-01;2007-10-01;,1,南开大学;;,F;F;F;F;F;F;F;,经济与管理;经济与管理;经济与管理;经济与管理;, 高坚; 李炳念; 高坚; 何学中;,龚刚,1200.0,1,1
龚刚,5301.0,2016-06-01;2013-11-01;,1,云南财经大学;;,F;F;,经济与管理;经济与管理;, 徐文舸; 杨光; 高阳;,龚刚,5301.0,1,1
龚强,4201.0,2015-08-01;,1,中南财经政法大学;;,F;,经济与管理;, 雷丽衡; 袁燕;,龚强,4201.0,1,1
龚强,1100.0,2008-02-01;2011-01-01;2009-07-01;2010-02-01;2009-02-01;,1,北京大学;;,F;F;F;F;F;F;F;F;F;,经济与管理;经济与管理;经济与管理;经济与管理;经济与管理;, 徐朝阳; 张懿;,龚强,1100.0,1,1
龚强,5101.0,2014-04-01;2013-03-01;2012-06-01;2011-07-01;2014-02-01;2012-12-01;,1,西南财经大学;;,F;F;F;F;F;F;F;F;F;,经济与管理;经济与管理;经济与管理;经济与管理;经济与管理;经济与管理;, 张一林; 林毅夫; 张一林; 余建宇; 李涵; 张彤; 王俊; 贾珅; 成酩; 陈丰;,龚强,5101.0,1,1
龚锋,4201.0,2017-03-01;2015-08-01;,1,武汉大学;;,C;F;C;,经济与管理;经济与管理;, 李智; 雷欣; 余锦亮;,龚锋,4201.0,2,1
龚锋,4419.0,2016-01-01;,1,东莞理工学院;;,F;,经济与管理;, 曾爱玲;,龚锋,4419.0,1,1
