author_first,author_unit_first,unit_city_code,city_unitn,city_units,class_num,class_num_num,coauthor,mag_classn,mag_classn_num,ym,author_first0
万广华,云南财经大学;,5301.0,1.0,云南财经大学;,F;F;F;F;F;D;D;F;F;F;F;,2, 张茵; M.S.Qureshi; 伏润民; 吴一平; 张藕香;,经济与管理;经济与管理;经济与管理;经济与管理;经济与管理;经济与管理;,1,2013-05-01;2008-12-01;2008-04-01;2012-04-01;2008-10-01;2008-04-01;,万广华
万广华,西北农林科技大学;,6104.0,1.0,西北农林科技大学;,F;F;,1, 张茵;,经济与管理;经济与管理;,1,2006-06-01;2004-08-01;,万广华
云鹤,中山大学;,4401.0,1.0,中山大学;,F;F;,1, 刘涛; 舒元;,经济与管理;,1,2004-07-01;,云鹤
云鹤,浙江理工大学;,3301.0,1.0,浙江理工大学;,F;F;F;F;F;F;,1, 舒元; 胡剑锋; 吕品; 舒元;,经济与管理;经济与管理;经济与管理;,1,2005-06-01;2012-01-01;2008-07-01;,云鹤
付强,山东大学;,3701.0,1.0,山东大学;,F;,1,,经济与管理;,1,2017-03-01;,付强
付强,重庆大学;,5000.0,1.0,重庆大学;,F;,1, 刘星; 计方;,经济与管理;,1,2013-04-01;,付强
付文林,上海财经大学;,3100.0,1.0,上海财经大学;,F;F;F;F;,1, 赵永辉; 沈坤荣;,经济与管理;经济与管理;,1,2014-05-01;2012-05-01;,付文林
付文林,南京大学;,3201.0,1.0,南京大学;,F;F;F;,1, 耿强;,经济与管理;,1,2011-07-01;,付文林
代谦,厦门大学;,3502.0,1.0,厦门大学;,K;D;,2, 别朝霞;,经济与管理;,1,2015-10-01;,代谦
代谦,武汉大学;,4201.0,1.0,武汉大学;,F;F;F;F;F;F;F;,1, 何祚宇; 李唐; 李唐; 别朝霞;,经济与管理;经济与管理;经济与管理;经济与管理;,1,2015-05-01;2010-06-01;2009-03-01;2006-04-01;,代谦
任寿根,江西财经大学;,3601.0,1.0,江西财经大学;,F;F;F;,1,,经济与管理;经济与管理;,1,2003-02-01;2002-01-01;,任寿根
任寿根,南京大学;,3201.0,1.0,南京大学;,F;,1,,经济与管理;,1,2001-03-01;,任寿根
何启志,南京大学;,3201.0,1.0,南京大学;,F;F;,1, 范从来;,经济与管理;,1,2011-07-01;,何启志
何启志,安徽财经大学;,3403.0,1.0,安徽财经大学;,F;,1, 姚梦雨;,经济与管理;,1,2017-05-01;,何启志
何德旭,中国社会科学院;,1100.0,1.0,中国社会科学院;,F;F;F;F;F;F;F;F;F;F;F;,1, 苗文龙; 姚战琪; 余升国; 蒋照辉; 周宇; 钟震; 娄峰; 吴伯磊;,经济与管理;经济与管理;经济与管理;经济与管理;经济与管理;经济与管理;经济与管理;经济与管理;经济与管理;,1,2016-02-01;2006-09-01;2002-09-01;2017-08-01;2015-02-01;2013-10-01;2012-10-01;2011-04-01;2002-08-01;,何德旭
何德旭,山西财经大学;,1401.0,1.0,山西财经大学;,F;F;,1, 常戈;,经济与管理;,1,2010-04-01;,何德旭
何德旭,湖北经济学院;,4201.0,1.0,湖北经济学院;,F;,1, 张雪兰;,经济与管理;,1,2009-03-01;,何德旭
何自力,华南理工大学;,4401.0,1.0,华南理工大学;,F;F;F;,1,,经济与管理;经济与管理;,1,2007-01-01;2006-01-01;,何自力
何自力,南开大学;,1200.0,1.0,南开大学;,F;F;,1,,经济与管理;经济与管理;,1,2009-08-01;2001-02-01;,何自力
何诚颖,国信证券;,4403.0,1.0,国信证券;,F;,1,,经济与管理;,1,2003-09-01;,何诚颖
何诚颖,浙江财经大学;,3301.0,1.0,浙江财经大学;,F;F;F;,1, 刘林; 徐向阳; 王占海;,经济与管理;,1,2013-10-01;,何诚颖
何雄浪,,5101.0,2.0,西南财经大学;西南民族大学;;,F;F;X;F;,2, 赵峰;;,经济与管理;经济与管理;,1,2013-04-01;2015-04-01;,何雄浪
何雄浪,宜宾学院;,5115.0,1.0,宜宾学院;,F;F;F;,1, 李国平; 李国平; 杨继瑞;,经济与管理;经济与管理;经济与管理;,1,2007-07-01;2007-12-01;2006-06-01;,何雄浪
何青,中国人民大学;,1100.0,1.0,中国人民大学;,F;F;F;,1, 钱宗鑫; 郭俊杰; 杜巨澜; 薛畅;,经济与管理;经济与管理;,1,2015-12-01;2014-12-01;,何青
何青,南开大学;,1200.0,1.0,南开大学;,F;F;F;F;,1, 李皓鹏; 王冲;,经济与管理;经济与管理;,1,2013-06-01;2008-12-01;,何青
余翔,中国人民银行;,1100.0,1.0,中国人民银行;,F;,1,,经济与管理;,1,2016-01-01;,余翔
余翔,华中科技大学;,4201.0,1.0,华中科技大学;,F;,1, 邱洪华;,经济与管理;,1,2007-12-01;,余翔
俞乔,复旦大学;,3100.0,1.0,复旦大学;,F;F;F;,1, 程滢; 陈剑波; 杨江; 张玮;,经济与管理;经济与管理;,1,2001-04-01;2002-04-01;,俞乔
俞乔,清华大学;,1100.0,1.0,清华大学;,F;F;F;,1, 刘家鹏; 赵昌文;,经济与管理;经济与管理;,1,2013-02-01;2009-06-01;,俞乔
俞红海,上海财经大学;,3100.0,1.0,上海财经大学;,F;F;,1, 徐龙炳; 陈百助;,经济与管理;,1,2010-08-01;,俞红海
俞红海,南京大学;,3201.0,1.0,南京大学;,F;F;,1, 陆蓉; 徐龙炳;,经济与管理;,1,2014-05-01;,俞红海
倪馨,北京师范大学;,1100.0,1.0,北京师范大学;,F;;,2,,经济与管理;,1,2005-10-01;,倪馨
倪馨,河北经贸大学;,1301.0,1.0,河北经贸大学;,F;,1, 李海燕;,经济与管理;,1,2002-11-01;,倪馨
冯旭南,上海大学;,3100.0,1.0,上海大学;,F;F;,1,,经济与管理;,1,2012-04-01;,冯旭南
冯旭南,西南财经大学;,5101.0,1.0,西南财经大学;,F;F;F;,1,,经济与管理;经济与管理;,1,2016-10-01;2014-04-01;,冯旭南
刘冲,上海财经大学;,3100.0,1.0,上海财经大学;,D;F;,2, 郭峰; 傅家范; 周强龙;,经济与管理;,1,2017-10-01;,刘冲
刘冲,北京大学;,1100.0,1.0,北京大学;,F;F;,1, 厉行;,经济与管理;,1,2013-02-01;,刘冲
刘刚,广东财经大学;,4401.0,1.0,广东财经大学;,F;F;F;F;F;,1, 屈恒; 吴思虹; 卢燕峰;,经济与管理;经济与管理;,1,2017-08-01;2015-03-01;,刘刚
刘刚,中国人民大学;,1100.0,1.0,中国人民大学;,F;F;,1, 王泽宇; 程熙鎔;,经济与管理;,1,2016-08-01;,刘刚
刘刚,南开大学;,1200.0,1.0,南开大学;,F;F;,1,,经济与管理;经济与管理;,1,2003-10-01;2002-04-01;,刘刚
刘力,广东外语外贸大学;,4401.0,1.0,广东外语外贸大学;,F;,1,,经济与管理;,1,2005-08-01;,刘力
刘力,北京大学;,1100.0,1.0,北京大学;,F;,1, 俞竞;,经济与管理;,1,2002-08-01;,刘力
刘勇,武汉大学;,4201.0,1.0,武汉大学;,F;F;,1, 白小滢; 邹薇;,经济与管理;,1,2012-12-01;,刘勇
刘勇,江西财经大学;,3601.0,1.0,江西财经大学;,F;,1,,经济与管理;,1,2001-03-01;,刘勇
刘啟仁,厦门大学;,3502.0,1.0,厦门大学;,F;,1, 黄建忠;,经济与管理;,1,2015-12-01;,刘啟仁
刘啟仁,暨南大学;,4401.0,1.0,暨南大学;,F;,1, 黄建忠;,经济与管理;,1,2016-12-01;,刘啟仁
刘喜和,上海大学;,3100.0,1.0,上海大学;,F;F;,1, 周扬; 穆圆媛;,经济与管理;,1,2017-06-01;,刘喜和
刘喜和,天津财经大学;,1200.0,1.0,天津财经大学;,F;F;F;F;F;,1,,经济与管理;经济与管理;,1,2013-06-01;2008-08-01;,刘喜和
刘德鹏,南京大学;,3201.0,1.0,南京大学;,C;,1, 贾良定; 孙雀密; 蔡亚华; 杨椅伊;,经济与管理;,1,2015-12-01;,刘德鹏
刘德鹏,山东大学;,3701.0,1.0,山东大学;,F;,1, 贾良定; 刘畅唱; 蔡亚华; 郑雅琴;,经济与管理;,1,2017-11-01;,刘德鹏
刘拥军,中国农业大学;,1100.0,1.0,中国农业大学;,F;,1,,经济与管理;,1,2004-04-01;,刘拥军
刘拥军,南开大学;,1200.0,1.0,南开大学;,F;,1,,经济与管理;,1,2002-02-01;,刘拥军
刘文革,浙江工商大学;,3301.0,1.0,浙江工商大学;,F;F;F;F;,1, 周方召; 肖园园; 谢杰; 孙瑾;,经济与管理;经济与管理;,1,2016-11-01;2016-01-01;,刘文革
刘文革,哈尔滨商业大学;,2301.0,1.0,哈尔滨商业大学;,F;F;,1, 关立新; 张广中; 曲振涛;,经济与管理;经济与管理;,1,2005-07-01;2003-12-01;,刘文革
刘斌,,1100.0,2.0,对外经济贸易大学;中国人民银行;;,F;F;F;F;F;F;F;,1, 魏倩; 吕越; 祝坤福; 王乃嘉; 张怀清;,经济与管理;经济与管理;经济与管理;经济与管理;经济与管理;经济与管理;,1,2016-03-01;2016-09-01;2003-09-01;2002-07-01;2001-07-01;2001-10-01;,刘斌
刘斌,南开大学;,1200.0,1.0,南开大学;,F;F;F;,1, 李磊;,经济与管理;,1,2012-01-01;,刘斌
刘晴,合肥工业大学;,3401.0,1.0,合肥工业大学;,F;F;,1, 程玲; 邵智; 陈清萍;,经济与管理;,1,2017-05-01;,刘晴
刘晴,上海财经大学;,3100.0,1.0,上海财经大学;,F;F;,1, 徐蕾;,经济与管理;,1,2013-09-01;,刘晴
刘洪军,南开大学;,1200.0,1.0,南开大学;,F;,1,,经济与管理;,1,2002-10-01;,刘洪军
刘洪军,哈尔滨商业大学;,2301.0,1.0,哈尔滨商业大学;,F;,1,,经济与管理;,1,2004-04-01;,刘洪军
刘瑞明,中国人民大学;,1100.0,1.0,中国人民大学;,G;F;D;F;,3, 赵仁杰; 段雨玮; 黄维乔;,经济与管理;经济与管理;,1,2016-10-01;2017-03-01;,刘瑞明
刘瑞明,复旦大学;,3100.0,1.0,复旦大学;,F;F;F;F;F;,1, 石磊;,经济与管理;经济与管理;,1,2010-01-01;2011-01-01;,刘瑞明
刘瑞明,西北大学;,6101.0,1.0,西北大学;,F;F;F;F;F;F;F;,1, 赵仁杰; 石磊; 石磊; 白永秀;,经济与管理;经济与管理;经济与管理;经济与管理;经济与管理;,1,2015-08-01;2015-04-01;2011-12-01;2011-12-01;2007-10-01;,刘瑞明
刘瑶,东北财经大学;,2102.0,1.0,东北财经大学;,F;F;F;,1, 孙浦阳;,经济与管理;,1,2012-10-01;,刘瑶
刘瑶,南开大学;,1200.0,1.0,南开大学;,F;F;,1,,经济与管理;,1,2011-03-01;,刘瑶
刘畅,南京农业大学;,3201.0,1.0,南京农业大学;,C;,1, 易福金; 徐志刚;,经济与管理;,1,2017-07-01;,刘畅
刘畅,北京大学;,1100.0,1.0,北京大学;,F;F;,1, 刘冲; 马光荣;,经济与管理;,1,2017-08-01;,刘畅
刘胜会,中国人民银行;,1100.0,1.0,中国人民银行;,F;,1,,经济与管理;,1,2011-10-01;,刘胜会
刘胜会,南开大学;,1200.0,1.0,南开大学;,F;,1,,经济与管理;,1,2006-06-01;,刘胜会
刘阳,南京师范大学;,3201.0,1.0,南京师范大学;,F;,1, 董俊杰;,经济与管理;,1,2013-12-01;,刘阳
刘阳,南开大学;,1200.0,1.0,南开大学;,F;,1,,经济与管理;,1,2003-08-01;,刘阳
刘青,南开大学;,1200.0,1.0,南开大学;,F;,1, 刘志远; 张健;,经济与管理;,1,2007-02-01;,刘青
刘青,,1100.0,2.0,对外经济贸易大学;中国社会科学院;;,F;F;,1, 陶攀; 洪俊杰;;,经济与管理;经济与管理;,1,2017-01-01;2012-07-01;,刘青
刘静,中国农业科学院;,1100.0,1.0,中国农业科学院;,F;,1, Ruth Meinzen-Dick; 钱克明; 张陆彪; 蒋藜;,经济与管理;,1,2008-01-01;,刘静
刘静,南开大学;,1200.0,1.0,南开大学;,F;,1,,经济与管理;,1,2002-06-01;,刘静
刘飞,中南财经政法大学;,4201.0,1.0,中南财经政法大学;,F;F;F;,1,,经济与管理;,1,2013-02-01;,刘飞
刘飞,,6101.0,2.0,西安邮电大学;西安交通大学;;,F;F;F;F;,1,;;,经济与管理;经济与管理;经济与管理;,1,2015-04-01;2014-06-01;2011-08-01;,刘飞
卢晶亮,上海财经大学;,3100.0,1.0,上海财经大学;,D;F;F;,2, 冯帅章; 艾春荣;,经济与管理;,1,2014-04-01;,卢晶亮
卢晶亮,暨南大学;,4401.0,1.0,暨南大学;,F;F;,1,,经济与管理;,1,2017-01-01;,卢晶亮
叶光亮,中山大学;,4401.0,1.0,中山大学;,F;F;,1, 邓国营;,经济与管理;,1,2010-01-01;,叶光亮
叶光亮,中国人民大学;,1100.0,1.0,中国人民大学;,F;F;,1, 邓国营; 黎志刚;,经济与管理;,1,2011-12-01;,叶光亮
吴先明,武汉大学;,4201.0,1.0,武汉大学;,F;F;,1, 张楠; 赵奇伟;,经济与管理;,1,2017-10-01;,吴先明
吴先明,南开大学;,1200.0,1.0,南开大学;,F;,1,,经济与管理;,1,2002-08-01;,吴先明
吴志峰,招商银行;,4403.0,1.0,招商银行;,F;F;,1,,经济与管理;,1,2006-05-01;,吴志峰
吴志峰,北京大学;,1100.0,1.0,北京大学;,F;,1,,经济与管理;,1,2005-06-01;,吴志峰
吴联生,北京大学;,1100.0,1.0,北京大学;,F;F;F;F;F;F;F;F;,1, 王亚平; 王亚平;,经济与管理;经济与管理;经济与管理;经济与管理;经济与管理;经济与管理;,1,2009-10-01;2007-08-01;2005-07-01;2004-03-01;2003-06-01;2002-04-01;,吴联生
吴联生,厦门大学;,3502.0,1.0,厦门大学;,F;,1,,经济与管理;,1,2001-02-01;,吴联生
周丹,浙江财经大学;,3301.0,1.0,浙江财经大学;,F;F;,1, 金雪军;,经济与管理;,1,2014-02-01;,周丹
周丹,北京农学院;,1100.0,1.0,北京农学院;,F;F;,1,,经济与管理;,1,2015-06-01;,周丹
周云波,南开大学;,1200.0,1.0,南开大学;,F;F;F;F;F;,1, 田柳; 陈岑;,经济与管理;经济与管理;经济与管理;,1,2017-11-01;2009-07-01;2004-06-01;,周云波
周云波,中国特色社会主义经济建设协同创新中心;,1100.0,1.0,中国特色社会主义经济建设协同创新中心;,F;F;,1, 陈岑; 田柳;,经济与管理;,1,2015-12-01;,周云波
周冰,南开大学;,1200.0,1.0,南开大学;,F;D;F;F;,2, 郑志; 黄卫华; 商晨; 谭庆刚; 谭庆刚;,经济与管理;经济与管理;经济与管理;经济与管理;,1,2001-01-01;2008-04-01;2006-12-01;2004-10-01;,周冰
周冰,申银万国证券;,3100.0,1.0,申银万国证券;,F;,1,,经济与管理;,1,2012-02-01;,周冰
周密,河海大学;,3201.0,1.0,河海大学;,F;,1, 张桂霞;,经济与管理;,1,2006-09-01;,周密
周密,南开大学;,1200.0,1.0,南开大学;,F;F;F;,1, 刘秉镰; 盛玉雪;,经济与管理;经济与管理;,1,2017-02-01;2012-06-01;,周密
周建,上海财经大学;,3100.0,1.0,上海财经大学;,F;F;F;F;F;F;F;F;,1, 艾春荣; 王丹枫; 唐莹; 况明; 杨秀祯;,经济与管理;经济与管理;经济与管理;经济与管理;,1,2013-02-01;2015-02-01;2009-01-01;2007-06-01;,周建
周建,清华大学;,1100.0,1.0,清华大学;,F;,1,,经济与管理;,1,2002-04-01;,周建
周建波,上海财经大学;,3100.0,1.0,上海财经大学;,F;,1, 孙菊生;,经济与管理;,1,2003-05-01;,周建波
周建波,北京大学;,1100.0,1.0,北京大学;,F;F;K;,2, 张博; 周建涛; 张博; 周建涛;,经济与管理;经济与管理;,1,2017-04-01;2013-10-01;,周建波
周彬,浙江大学;,3301.0,1.0,浙江大学;,F;,1,,经济与管理;,1,2003-09-01;,周彬
周彬,工商银行;,1100.0,1.0,工商银行;,F;,1,,经济与管理;,1,2001-02-01;,周彬
周文,云南财经大学;,5301.0,1.0,云南财经大学;,F;F;,1, 赵果庆;,经济与管理;,1,2012-05-01;,周文
周文,复旦大学;,3100.0,1.0,复旦大学;,D;F;F;F;,2, 赵方; 杨飞; 李鲁;,经济与管理;经济与管理;,1,2017-06-01;2016-03-01;,周文
周炎,云南财经大学;,5301.0,1.0,云南财经大学;,F;,1, 王如丰; 魏熙晔; 黄晶;,经济与管理;,1,2017-12-01;,周炎
周炎,北京大学;,1100.0,1.0,北京大学;,F;F;,1, 陈昆亭;,经济与管理;,1,2012-07-01;,周炎
周炎,浙江工业大学;,3301.0,1.0,浙江工业大学;,F;,1, 黄晶; 魏熙晔; 陈昆亭;,经济与管理;,1,2016-01-01;,周炎
周燕,南开大学;,1200.0,1.0,南开大学;,F;F;,1, 佟家栋;,经济与管理;,1,2012-10-01;,周燕
周燕,中山大学;,4401.0,1.0,中山大学;,D;F;,2,,经济与管理;,1,2017-08-01;,周燕
周鹏,中国银行;,1100.0,1.0,中国银行;,F;,1,,经济与管理;,1,2001-09-01;,周鹏
周鹏,东北财经大学;,2102.0,1.0,东北财经大学;,F;F;F;,1, 燕浩珍; 张思杰; 张宏志;,经济与管理;经济与管理;经济与管理;,1,2014-12-01;2004-10-01;2002-06-01;,周鹏
唐庆春,中国民生银行;,1100.0,1.0,中国民生银行;,F;,1,,经济与管理;,1,2001-06-01;,唐庆春
唐庆春,南开大学;,1200.0,1.0,南开大学;,F;,1, 庞继英;,经济与管理;,1,2001-12-01;,唐庆春
唐跃军,南开大学;,1200.0,1.0,南开大学;,F;,1, 谢仍明;,经济与管理;,1,2006-02-01;,唐跃军
唐跃军,复旦大学;,3100.0,1.0,复旦大学;,D;F;F;F;F;D;F;F;,2, 左晶晶; 李汇东; 宋渊洋; 吕斐适; 程新生; 赵武阳;,经济与管理;经济与管理;经济与管理;经济与管理;经济与管理;,1,2014-02-01;2010-01-01;2008-01-01;2009-02-01;2007-12-01;,唐跃军
姚勇,中国人民大学;,1100.0,1.0,中国人民大学;,F;,1, 董利;,经济与管理;,1,2005-04-01;,姚勇
姚勇,南开大学;,1200.0,1.0,南开大学;,F;,1, 罗娅;,经济与管理;,1,2003-04-01;,姚勇
姚树洁,西安交通大学;,6101.0,1.0,西安交通大学;,F;,1, 冯根福; 韩钟伟;,经济与管理;,1,2005-07-01;,姚树洁
姚树洁,重庆大学;,5000.0,1.0,重庆大学;,F;F;F;F;F;,1, 冯根福; 王攀; 欧璄华;,经济与管理;经济与管理;经济与管理;,1,2017-05-01;2015-12-01;2014-11-01;,姚树洁
姚洪心,东华大学;,3100.0,1.0,东华大学;,F;F;F;,1, 海闻;,经济与管理;,1,2012-07-01;,姚洪心
姚洪心,西南交通大学;,5101.0,1.0,西南交通大学;,F;,1, 刘存绪; 武振业;,经济与管理;,1,2005-08-01;,姚洪心
孙军,南京大学;,3201.0,1.0,南京大学;,F;F;F;,1,,经济与管理;,1,2008-10-01;,孙军
孙军,淮海工学院;,3207.0,1.0,淮海工学院;,F;,1, 高彦彦;,经济与管理;,1,2016-05-01;,孙军
孙凤,南开大学;,1200.0,1.0,南开大学;,F;,1,,经济与管理;,1,2001-02-01;,孙凤
孙凤,清华大学;,1100.0,1.0,清华大学;,F;,1,,经济与管理;,1,2002-04-01;,孙凤
孙君阳,山东大学;,3701.0,1.0,山东大学;,F;,1, 殷世波;,经济与管理;,1,2008-09-01;,孙君阳
孙君阳,中央财经大学;,1100.0,1.0,中央财经大学;,F;F;,1, 徐娜;,经济与管理;,1,2011-08-01;,孙君阳
孙天琦,山东大学;,3701.0,1.0,山东大学;,F;,1,,经济与管理;,1,2004-08-01;,孙天琦
孙天琦,西安交通大学;,6101.0,1.0,西安交通大学;,F;,1,,经济与管理;,1,2001-10-01;,孙天琦
孙楚仁,西南财经大学;,5101.0,1.0,西南财经大学;,F;F;F;,1, 凌海涛; 陈瑾;,经济与管理;,1,2017-06-01;,孙楚仁
孙楚仁,上海对外经贸大学;,3100.0,1.0,上海对外经贸大学;,F;,1, 王松; 赵瑞丽;,经济与管理;,1,2014-10-01;,孙楚仁
孙涛,中国人民银行;,1100.0,1.0,中国人民银行;,F;,1, 张晓晶;,经济与管理;,1,2007-07-01;,孙涛
孙涛,山东大学;,3701.0,1.0,山东大学;,F;F;,1, 黄少安;,经济与管理;,1,2010-12-01;,孙涛
孙红梅,上海师范大学;,3100.0,1.0,上海师范大学;,F;F;F;,1, 王雪;,经济与管理;,1,2013-07-01;,孙红梅
孙红梅,重庆大学;,5000.0,1.0,重庆大学;,F;,1, 宋宗宇;,经济与管理;,1,2017-05-01;,孙红梅
孙茂辉,上海师范大学;,3100.0,1.0,上海师范大学;,F;,1,,经济与管理;,1,2006-11-01;,孙茂辉
孙茂辉,中山大学;,4401.0,1.0,中山大学;,F;,1,,经济与管理;,1,2001-08-01;,孙茂辉
孟庆斌,中国人民大学;,1100.0,1.0,中国人民大学;,F;F;F;,1, 吴卫星; 于上尧; 杨俊华; 鲁冰;,经济与管理;经济与管理;,1,2015-03-01;2017-12-01;,孟庆斌
孟庆斌,南开大学;,1200.0,1.0,南开大学;,F;F;,1, 周爱民; 靳晓婷;,经济与管理;,1,2008-08-01;,孟庆斌
宋凌云,中山大学;,4401.0,1.0,中山大学;,F;F;,1, 王贤彬; 徐现祥;,经济与管理;,1,2012-10-01;,宋凌云
宋凌云,广西师范大学;,4503.0,1.0,广西师范大学;,F;,1, 王贤彬;,经济与管理;,1,2016-12-01;,宋凌云
尹振东,山东大学;,3701.0,1.0,山东大学;,D;,1,,经济与管理;,1,2011-04-01;,尹振东
尹振东,中央财经大学;,1100.0,1.0,中央财经大学;,F;,1, 汤玉刚;,经济与管理;,1,2016-04-01;,尹振东
巫强,南京大学;,3201.0,1.0,南京大学;,F;F;,1, 刘志彪;,经济与管理;,1,2009-06-01;,巫强
巫强,对外经济贸易大学;,1100.0,1.0,对外经济贸易大学;,F;,1, 周波;,经济与管理;,1,2017-08-01;,巫强
巴曙松,国务院;,1100.0,1.0,国务院;,F;,1, 韦勇凤; 孙兴亮;,经济与管理;,1,2012-06-01;,巴曙松
巴曙松,中国科学技术大学;,3401.0,1.0,中国科学技术大学;,F;F;F;,1, 严敏;,经济与管理;,1,2009-06-01;,巴曙松
张东刚,南开大学;,1200.0,1.0,南开大学;,F;,1,,经济与管理;,1,2001-06-01;,张东刚
张东刚,中国社会历史研究中心;,1100.0,1.0,中国社会历史研究中心;,F;,1,,经济与管理;,1,2002-12-01;,张东刚
张云,中国农业银行;,1100.0,1.0,中国农业银行;,F;F;,1,,经济与管理;,1,2015-07-01;,张云
张云,南开大学;,1200.0,1.0,南开大学;,F;F;,1, 刘帅光; 李双建;,经济与管理;,1,2017-10-01;,张云
张伟,南京航空航天大学;,3201.0,1.0,南京航空航天大学;,F;F;F;,1, 朱启贵; 高辉;,经济与管理;,1,2016-12-01;,张伟
张伟,中国人民银行;,1100.0,1.0,中国人民银行;,F;,1,,经济与管理;,1,2004-07-01;,张伟
张伟,,5201.0,2.0,贵州财经大学;贵州大学;;,F;X;F;F;,2, 朱启贵; 李汉文; 吴文元;,经济与管理;经济与管理;,1,2013-10-01;2011-10-01;,张伟
张伟,山东大学;,3701.0,1.0,山东大学;,F;,1, 于良春;,经济与管理;,1,2017-03-01;,张伟
张兵,南开大学;,1200.0,1.0,南开大学;,F;F;F;F;F;,1, 李翠莲;,经济与管理;经济与管理;经济与管理;,1,2011-09-01;2015-06-01;2012-08-01;,张兵
张兵,,3201.0,2.0,南京大学;南京农业大学;;,F;F;F;F;F;F;F;F;F;,1, 范致镇; 李心丹; 封思贤; 李心丹; 汪慧建; 李晓明; 陈晓莹; 李丹; 孟德峰;,经济与管理;经济与管理;经济与管理;经济与管理;经济与管理;,1,2010-11-01;2008-09-01;2003-01-01;2017-10-01;2015-01-01;,张兵
张勇,东北财经大学;,2102.0,1.0,东北财经大学;,F;F;F;,1,,经济与管理;,1,2017-04-01;,张勇
张勇,华南师范大学;,4401.0,1.0,华南师范大学;,F;F;,1,,经济与管理;,1,2008-02-01;,张勇
张勇,,1100.0,2.0,北京大学;中国人民大学;;,F;F;F;F;F;,1, 李政军; 龚六堂; 王玺; 古明明;,经济与管理;经济与管理;,1,2014-10-01;2009-05-01;,张勇
张勇,南京师范大学;,3201.0,1.0,南京师范大学;,F;,1,,经济与管理;,1,2015-07-01;,张勇
张卫国,,3701.0,2.0,山东社会科学院;山东大学;;,F;D;H;,3, 任燕燕; 花小安;;,经济与管理;经济与管理;,1,2011-08-01;2008-02-01;,张卫国
张卫国,,5000.0,2.0,重庆大学;西南大学;;,F;F;F;F;F;F;,1, 梁小翠; 陆静; 罗超平; 李海明;,经济与管理;经济与管理;,1,2011-07-01;2015-08-01;,张卫国
张卫平,复旦大学;,3100.0,1.0,复旦大学;,F;F;,1, 李天栋;,经济与管理;,1,2012-04-01;,张卫平
张卫平,北京大学;,1100.0,1.0,北京大学;,F;F;,1,,经济与管理;,1,2007-07-01;,张卫平
张同龙,华南农业大学;,4401.0,1.0,华南农业大学;,D;,1, 张林秀;,经济与管理;,1,2017-01-01;,张同龙
张同龙,天津师范大学;,1200.0,1.0,天津师范大学;,F;,1,,经济与管理;,1,2008-01-01;,张同龙
张宁,清华大学;,1100.0,1.0,清华大学;,F;,1, 胡鞍钢; 郑京海;,经济与管理;,1,2006-07-01;,张宁
张宁,中山大学;,4401.0,1.0,中山大学;,F;F;,1,,经济与管理;,1,2005-06-01;,张宁
张宇,中国人民大学;,1100.0,1.0,中国人民大学;,F;F;F;,1,,经济与管理;经济与管理;,1,2017-05-01;2016-06-01;,张宇
张宇,南开大学;,1200.0,1.0,南开大学;,F;F;F;F;F;F;F;F;F;,1, 蒋殿春;,经济与管理;经济与管理;经济与管理;,1,2014-04-01;2010-07-01;2013-06-01;,张宇
张峰,中国特色社会主义经济建设协同创新中心;,1100.0,1.0,中国特色社会主义经济建设协同创新中心;,D;,1, 黄玖立; 禹航;,经济与管理;,1,2017-04-01;,张峰
张峰,南开大学;,1200.0,1.0,南开大学;,F;D;,2, 黄玖立; 王睿;,经济与管理;,1,2016-02-01;,张峰
张平,中国社会科学院;,1100.0,1.0,中国社会科学院;,F;F;,1, 郭冠清;,经济与管理;经济与管理;,1,2016-08-01;2006-02-01;,张平
张平,复旦大学;,3100.0,1.0,复旦大学;,F;F;D;F;F;,2, 侯一麟; 赵国昌; 罗知;,经济与管理;经济与管理;,1,2016-12-01;2012-01-01;,张平
张庆君,中国社会科学院;,1100.0,1.0,中国社会科学院;,F;F;,1, 何德旭;,经济与管理;,1,2013-06-01;,张庆君
张庆君,天津财经大学;,1200.0,1.0,天津财经大学;,F;F;,1, 刘靖;,经济与管理;,1,2017-07-01;,张庆君
张建军,中国人民银行;,1100.0,1.0,中国人民银行;,F;,1,,经济与管理;,1,2001-09-01;,张建军
张建军,华中科技大学;,4201.0,1.0,华中科技大学;,D;,1,,经济与管理;,1,2017-03-01;,张建军
张强,云南财经大学;,5301.0,1.0,云南财经大学;,F;,1, 李颖异;,经济与管理;,1,2015-10-01;,张强
张强,,1100.0,2.0,中国人民银行;中国人民大学;;,F;F;F;,1, 刘西顺; 王伟; 卢荻;,经济与管理;经济与管理;,1,2002-11-01;2011-04-01;,张强
张强,湖南大学;,4301.0,1.0,湖南大学;,F;F;F;,1, 武次冰; 刘彦; 付强;,经济与管理;经济与管理;经济与管理;,1,2010-04-01;2005-09-01;2002-05-01;,张强
张惠,华南师范大学;,4401.0,1.0,华南师范大学;,D;,1,,经济与管理;,1,2015-06-01;,张惠
张惠,南京财经大学;,3201.0,1.0,南京财经大学;,F;,1, 陆岷峰;,经济与管理;,1,2010-12-01;,张惠
张晏,北京大学;,1100.0,1.0,北京大学;,F;,1, 龚六堂;,经济与管理;,1,2004-07-01;,张晏
张晏,复旦大学;,3100.0,1.0,复旦大学;,F;F;,1, 龚六堂;,经济与管理;,1,2005-10-01;,张晏
张杰,中国人民大学;,1100.0,1.0,中国人民大学;,F;F;F;F;F;F;F;F;F;F;F;F;F;F;F;F;F;F;F;F;F;F;F;B;F;F;F;F;F;F;F;F;F;F;F;F;F;F;F;F;F;F;F;,2, 陈志远; 杨连星; 新夫; 杨连星; 新夫; 郑文平; 郑文平; 翟福昕; 陈志远; 刘元春; 周晓艳; 李勇; 张培丽; 黄泰岩; 郑文平; 翟福昕; 郑文平; 陈志远; 李克; 刘志彪; 李勇; 刘志彪; 郑文平; 新夫;,经济与管理;经济与管理;经济与管理;经济与管理;经济与管理;经济与管理;经济与管理;经济与管理;经济与管理;经济与管理;经济与管理;经济与管理;经济与管理;经济与管理;经济与管理;经济与管理;经济与管理;经济与管理;经济与管理;经济与管理;经济与管理;经济与管理;经济与管理;经济与管理;经济与管理;经济与管理;,1,2015-10-01;2016-05-01;2017-03-01;2016-01-01;2014-10-01;2013-10-01;2011-03-01;2011-08-01;2010-08-01;2006-06-01;2004-06-01;2003-01-01;2017-08-01;2017-02-01;2015-12-01;2013-12-01;2013-04-01;2011-04-01;2011-12-01;2010-10-01;2017-02-01;2016-04-01;2015-04-01;2011-01-01;2010-07-01;2017-10-01;,张杰
张杰,南京大学;,3201.0,1.0,南京大学;,F;,1, 张少军; 刘志彪;,经济与管理;,1,2007-06-01;,张杰
张杰,西安交通大学;,6101.0,1.0,西安交通大学;,F;,1,,经济与管理;,1,2001-03-01;,张杰
张波,上海财经大学;,3100.0,1.0,上海财经大学;,D;F;,2,,经济与管理;,1,2011-11-01;,张波
张波,南开大学;,1200.0,1.0,南开大学;,F;,1,,经济与管理;,1,2002-02-01;,张波
张波,招商银行;,4403.0,1.0,招商银行;,F;,1,,经济与管理;,1,2008-05-01;,张波
张海洋,对外经济贸易大学;,1100.0,1.0,对外经济贸易大学;,F;F;,1,,经济与管理;,1,2016-10-01;,张海洋
张海洋,,3301.0,2.0,浙江理工大学;浙江大学;;,F;F;F;F;F;F;,1, 金则杨; 史晋川;,经济与管理;经济与管理;经济与管理;,1,2017-09-01;2011-01-01;2010-04-01;,张海洋
张琦,中南财经政法大学;,4201.0,1.0,中南财经政法大学;,F;F;F;,1, 吕敏康; 步丹璐; 郁智;,经济与管理;经济与管理;,1,2015-06-01;2016-05-01;,张琦
张琦,南开大学;,1200.0,1.0,南开大学;,F;,1,,经济与管理;,1,2003-12-01;,张琦
张红,暨南大学;,4401.0,1.0,暨南大学;,F;,1, 周黎安; 梁建章;,经济与管理;,1,2017-12-01;,张红
张红,北京大学;,1100.0,1.0,北京大学;,F;F;,1, 周黎安; 梁建章; 周黎安; 徐晋涛; 赵锦勇;,经济与管理;经济与管理;,1,2016-04-01;2016-04-01;,张红
张羽,中国人民银行;,1100.0,1.0,中国人民银行;,F;,1, 李黎;,经济与管理;,1,2010-08-01;,张羽
张羽,东北财经大学;,2102.0,1.0,东北财经大学;,F;,1, 李黎;,经济与管理;,1,2005-05-01;,张羽
张超,南开大学;,1200.0,1.0,南开大学;,F;,1,,经济与管理;,1,2007-12-01;,张超
张超,上海交通大学;,3100.0,1.0,上海交通大学;,F;,1, 顾锋;,经济与管理;,1,2005-10-01;,张超
张辉,北京大学;,1100.0,1.0,北京大学;,F;,1,,经济与管理;,1,2014-11-01;,张辉
张辉,南开大学;,1200.0,1.0,南开大学;,F;F;,1, 刘鹏; 于涛; 安虎森; 戚安邦;,经济与管理;,1,2016-12-01;,张辉
彭恒文,中国人民银行;,1100.0,1.0,中国人民银行;,F;,1, 石磊;,经济与管理;,1,2009-12-01;,彭恒文
彭恒文,复旦大学;,3100.0,1.0,复旦大学;,C;,1, 石磊;,经济与管理;,1,2008-04-01;,彭恒文
彭江波,中国人民银行;,1100.0,1.0,中国人民银行;,F;,1,,经济与管理;,1,2002-12-01;,彭江波
彭江波,西南财经大学;,5101.0,1.0,西南财经大学;,X;,1, 郭琪;,经济与管理;,1,2010-09-01;,彭江波
徐枫,华南理工大学;,4401.0,1.0,华南理工大学;,F;,1,,经济与管理;,1,2004-09-01;,徐枫
徐枫,中国社会科学院;,1100.0,1.0,中国社会科学院;,F;F;F;,1,,经济与管理;经济与管理;,1,2016-04-01;2014-12-01;,徐枫
徐琰超,北京师范大学;,1100.0,1.0,北京师范大学;,F;F;F;,1, 沈拓彬; 尹恒;,经济与管理;,1,2010-04-01;,徐琰超
徐琰超,云南大学;,5301.0,1.0,云南大学;,F;F;F;,1, 柳荻; 杨龙见; 杨龙见;,经济与管理;经济与管理;,1,2016-08-01;2014-04-01;,徐琰超
戈建国,中国人民银行;,1100.0,1.0,中国人民银行;,F;F;,1, 周继忠;,经济与管理;,1,2011-10-01;,戈建国
戈建国,上海财经大学;,3100.0,1.0,上海财经大学;,F;,1,,经济与管理;,1,2007-11-01;,戈建国
戴翔,安徽财经大学;,3403.0,1.0,安徽财经大学;,F;F;F;F;F;F;F;F;F;,1, 金碚; 张雨;,经济与管理;经济与管理;经济与管理;经济与管理;,1,2014-07-01;2013-07-01;2013-04-01;2011-06-01;,戴翔
戴翔,南京审计大学;,3201.0,1.0,南京审计大学;,F;F;F;F;F;F;,1, 郑岚; 张为付; 刘梦; 任志成;,经济与管理;经济与管理;经济与管理;,1,2016-09-01;2016-12-01;2016-09-01;,戴翔
方红生,上海财经大学;,3100.0,1.0,上海财经大学;,F;,1,,经济与管理;,1,2002-08-01;,方红生
方红生,浙江大学;,3301.0,1.0,浙江大学;,F;,1, 张军;,经济与管理;,1,2013-03-01;,方红生
易先忠,南京审计大学;,3201.0,1.0,南京审计大学;,F;F;,1, 包群; 高凌云; 张亚斌;,经济与管理;,1,2017-07-01;,易先忠
易先忠,湖南商学院;,4301.0,1.0,湖南商学院;,F;,1, 欧阳峣; 傅晓岚;,经济与管理;,1,2014-06-01;,易先忠
曲振涛,哈尔滨商业大学;,2301.0,1.0,哈尔滨商业大学;,F;,1,,经济与管理;,1,2005-09-01;,曲振涛
曲振涛,北京大学;,1100.0,1.0,北京大学;,F;,1, 刘文革;,经济与管理;,1,2002-07-01;,曲振涛
曹春方,西南财经大学;,5101.0,1.0,西南财经大学;,F;F;D;F;F;,2, 周大伟; 吴澄澄; 张婷婷; 马连福; 沈小秀;,经济与管理;经济与管理;,1,2015-09-01;2014-07-01;,曹春方
曹春方,中山大学;,4401.0,1.0,中山大学;,F;,1, 张婷婷; 范子英;,经济与管理;,1,2017-12-01;,曹春方
曹艳华,青岛大学;,3702.0,1.0,青岛大学;,F;F;,1, 牛筱颖;,经济与管理;,1,2009-01-01;,曹艳华
曹艳华,西安交通大学;,6101.0,1.0,西安交通大学;,F;F;F;,1, 张芳洁;,经济与管理;经济与管理;,1,2009-05-01;2007-02-01;,曹艳华
曹阳,西南交通大学;,5101.0,1.0,西南交通大学;,F;,1,,经济与管理;,1,2015-12-01;,曹阳
曹阳,华东师范大学;,3100.0,1.0,华东师范大学;,F;,1, 王波;,经济与管理;,1,2005-10-01;,曹阳
曹静,南开大学;,1200.0,1.0,南开大学;,F;,1,,经济与管理;,1,2003-08-01;,曹静
曹静,清华大学;,1100.0,1.0,清华大学;,X;D;,2, 王鑫; 钟笑寒;,经济与管理;,1,2014-04-01;,曹静
曾建光,北京大学;,1100.0,1.0,北京大学;,D;F;F;,2, 伍利娜; 王立彦;,经济与管理;,1,2013-07-01;,曾建光
曾建光,西南财经大学;,5101.0,1.0,西南财经大学;,B;F;F;F;,2, 张英; 杨勋;,经济与管理;经济与管理;,1,2016-04-01;2015-07-01;,曾建光
曾海舰,广西大学;,4501.0,1.0,广西大学;,F;F;F;,1, 林灵;,经济与管理;,1,2015-10-01;,曾海舰
曾海舰,暨南大学;,4401.0,1.0,暨南大学;,F;F;,1,,经济与管理;,1,2010-04-01;,曾海舰
朱文晖,中国人民大学;,1100.0,1.0,中国人民大学;,F;,1,,经济与管理;,1,2003-12-01;,朱文晖
朱文晖,复旦大学;,3100.0,1.0,复旦大学;,F;,1, 汪前明;,经济与管理;,1,2002-12-01;,朱文晖
权小锋,厦门大学;,3502.0,1.0,厦门大学;,F;F;,1, 吴世农; 文芳;,经济与管理;,1,2010-11-01;,权小锋
权小锋,苏州大学;,3205.0,1.0,苏州大学;,F;F;F;F;,1, 尹洪英; 肖斌卿; 吴世农; 吴世农; 尹洪英;,经济与管理;经济与管理;经济与管理;,1,2017-01-01;2016-01-01;2015-11-01;,权小锋
李世刚,中南大学;,4301.0,1.0,中南大学;,nan;,1, 李晓萍;,经济与管理;,1,2016-11-01;,李世刚
李世刚,中山大学;,4401.0,1.0,中山大学;,C;F;,2, 尹恒;,经济与管理;,1,2017-04-01;,李世刚
李世刚,北京师范大学;,1100.0,1.0,北京师范大学;,F;C;,2, 尹恒;,经济与管理;,1,2014-07-01;,李世刚
李任玉,西南财经大学;,5101.0,1.0,西南财经大学;,F;,1, 杜在超; 何勤英; 龚强;,经济与管理;,1,2014-10-01;,李任玉
李任玉,深圳大学;,4403.0,1.0,深圳大学;,F;,1, 陈悉榕; 甘犁;,经济与管理;,1,2017-09-01;,李任玉
李佳,中国人民大学;,1100.0,1.0,中国人民大学;,F;F;,1,,经济与管理;经济与管理;,1,2013-05-01;2012-10-01;,李佳
李佳,浙江财经大学;,3301.0,1.0,浙江财经大学;,F;F;F;,1,,经济与管理;,1,2016-09-01;,李佳
李健,华中科技大学;,4201.0,1.0,华中科技大学;,F;F;,1, 卫平;,经济与管理;,1,2015-10-01;,李健
李健,中央财经大学;,1100.0,1.0,中央财经大学;,F;F;F;,1, 范祚军; 谢巧燕; 林文浩;,经济与管理;经济与管理;,1,2012-12-01;2017-04-01;,李健
李君华,湖南师范大学;,4301.0,1.0,湖南师范大学;,F;,1, 彭玉兰;,经济与管理;,1,2011-04-01;,李君华
李君华,,4201.0,2.0,湖北经济学院;华中科技大学;;,F;F;F;,1, 欧阳峣;;,经济与管理;经济与管理;,1,2016-10-01;2009-04-01;,李君华
李四海,暨南大学;,4401.0,1.0,暨南大学;,F;F;,1, 刘星河; 吴伟炯;,经济与管理;,1,2013-04-01;,李四海
李四海,中南财经政法大学;,4201.0,1.0,中南财经政法大学;,F;F;C;F;F;,2, 陈旋; 宋献中; 宋献中; 罗俊伟;,经济与管理;经济与管理;,1,2016-05-01;2014-08-01;,李四海
李宏瑾,吉林大学;,2201.0,1.0,吉林大学;,F;,1, 项卫星;,经济与管理;,1,2001-02-01;,李宏瑾
李宏瑾,,1100.0,2.0,中国金融四十人论坛;中国人民银行;;,F;F;F;F;F;F;,1, 苏乃芳; 洪浩;;,经济与管理;经济与管理;经济与管理;,1,2016-01-01;2014-10-01;2012-04-01;,李宏瑾
李宾,湖南科技大学;,4303.0,1.0,湖南科技大学;,F;,1,,经济与管理;,1,2012-10-01;,李宾
李宾,北京大学;,1100.0,1.0,北京大学;,F;F;,1, 金一; 曾志雄;,经济与管理;,1,2008-10-01;,李宾
李小平,南京大学;,3201.0,1.0,南京大学;,F;,1, 朱钟棣;,经济与管理;,1,2006-02-01;,李小平
李小平,中南财经政法大学;,4201.0,1.0,中南财经政法大学;,F;X;F;F;F;,2, 周记顺; 卢现祥; 胡久凯; 卢现祥; 卢现祥; 朱钟棣;,经济与管理;经济与管理;经济与管理;,1,2015-08-01;2010-01-01;2008-01-01;,李小平
李尚骜,北京大学;,1100.0,1.0,北京大学;,F;F;,1, 龚六堂;,经济与管理;,1,2012-07-01;,李尚骜
李尚骜,,4201.0,2.0,武汉大学;华中科技大学;;,F;F;,1, 陈继勇; 李卓;;,经济与管理;经济与管理;,1,2011-06-01;2010-05-01;,李尚骜
李平,山东理工大学;,3703.0,1.0,山东理工大学;,F;F;F;F;F;F;F;F;,1, 许家云; 季永宝; 宫旭红; 齐丹丹; 张庆昌; 随洪光;,经济与管理;经济与管理;经济与管理;经济与管理;经济与管理;,1,2011-04-01;2014-12-01;2013-06-01;2010-06-01;2006-12-01;,李平
李平,中国社会科学院;,1100.0,1.0,中国社会科学院;,F;F;,1, 付一夫; 张艳芳;,经济与管理;,1,2017-12-01;,李平
李平,南开大学;,1200.0,1.0,南开大学;,F;,1, 刘志勇;,经济与管理;,1,2001-12-01;,李平
李庆海,北京航空航天大学;,1100.0,1.0,北京航空航天大学;,F;F;,1, 李锐; 王兆华;,经济与管理;,1,2011-10-01;,李庆海
李庆海,南京财经大学;,3201.0,1.0,南京财经大学;,F;F;F;,1, 吕小锋; 李锐; 孙光林;,经济与管理;,1,2017-10-01;,李庆海
李建军,西南财经大学;,5101.0,1.0,西南财经大学;,F;,1, 肖育才;,经济与管理;,1,2012-04-01;,李建军
李建军,,1100.0,2.0,人民大学;中央财经大学;;,F;F;F;F;,1, 田光宁;;,经济与管理;经济与管理;经济与管理;经济与管理;,1,2001-11-01;2004-01-01;2004-05-01;2004-09-01;,李建军
李强,南开大学;,1200.0,1.0,南开大学;,F;,1,,经济与管理;,1,2003-06-01;,李强
李强,西南财经大学;,5101.0,1.0,西南财经大学;,D;,1, 臧文斌;,经济与管理;,1,2010-10-01;,李强
李成,中国社会科学院;,1100.0,1.0,中国社会科学院;,F;F;,1,,经济与管理;,1,2016-12-01;,李成
李成,西安交通大学;,6101.0,1.0,西安交通大学;,F;F;F;F;F;F;F;F;F;F;F;F;F;F;F;F;F;F;F;F;F;F;F;F;,1, 马文涛; 王彬; 王彬; 马文涛; 郑怡; 白璐; 王建军; 尚振宁; 黎克俊; 王焱; 姜柳; 马文涛; 王彬; 马文涛; 王彬;,经济与管理;经济与管理;经济与管理;经济与管理;经济与管理;经济与管理;经济与管理;经济与管理;经济与管理;经济与管理;经济与管理;经济与管理;,1,2011-10-01;2010-03-01;2014-02-01;2013-04-01;2009-02-01;2009-10-01;2007-07-01;2006-09-01;2005-01-01;2004-06-01;2010-10-01;2009-12-01;,李成
李文星,华中科技大学;,4201.0,1.0,华中科技大学;,F;C;,2, 徐长生; 艾春荣;,经济与管理;,1,2008-07-01;,李文星
李文星,四川大学;,5101.0,1.0,四川大学;,F;,1, 蒋瑛;,经济与管理;,1,2002-04-01;,李文星
李斌,厦门大学;,3502.0,1.0,厦门大学;,F;F;,1, 江伟;,经济与管理;,1,2006-06-01;,李斌
李斌,,1100.0,2.0,北京大学;中国人民银行;;,F;F;,1,;;,经济与管理;经济与管理;,1,2004-06-01;2001-07-01;,李斌
李新,上海财经大学;,3100.0,1.0,上海财经大学;,F;,1,,经济与管理;,1,2001-04-01;,李新
李新,中国社会科学院;,1100.0,1.0,中国社会科学院;,F;,1,,经济与管理;,1,2001-03-01;,李新
李杰,浙江大学;,3301.0,1.0,浙江大学;,F;F;,1, 李捷瑜; 黄先海;,经济与管理;,1,2011-05-01;,李杰
李杰,深圳大学;,4403.0,1.0,深圳大学;,F;,1,,经济与管理;,1,2009-06-01;,李杰
李楠,上海财经大学;,3100.0,1.0,上海财经大学;,D;F;C;C;,3, 林友宏; 甄茂生; 林矗;,经济与管理;经济与管理;经济与管理;,1,2016-07-01;2015-02-01;2015-07-01;,李楠
李楠,,1100.0,3.0,中国社会科学院;中国科学院;中国人民大学;;,F;F;F;F;,1, 王家强; 陈暮紫; 陈敏; 黄旭; 谢尔曼;,经济与管理;经济与管理;经济与管理;,1,2013-01-01;2013-10-01;2014-11-01;,李楠
李永友,浙江财经大学;,3301.0,1.0,浙江财经大学;,D;F;R;F;F;,3, 张子楠; 郑春荣;,经济与管理;经济与管理;经济与管理;,1,2017-01-01;2016-07-01;2014-04-01;,李永友
李永友,南京大学;,3201.0,1.0,南京大学;,F;F;F;,1, 沈坤荣;,经济与管理;,1,2008-05-01;,李永友
李涛,,1100.0,2.0,中央财经大学;中国人民大学;;,C;F;F;B;F;F;F;F;F;F;D;F;F;,4, 朱俊兵; 伏霖; 陈斌开; 张文韬; 史宇鹏; 陈斌开; 王志芳; 王海港; 谭松涛; 郭杰; 黄纯纯; 何兴强; 周开国;,经济与管理;经济与管理;经济与管理;经济与管理;经济与管理;经济与管理;经济与管理;经济与管理;,1,2017-03-01;2014-03-01;2015-06-01;2011-09-01;2010-07-01;2009-02-01;2008-01-01;2007-08-01;,李涛
李涛,重庆理工大学;,5000.0,1.0,重庆理工大学;,F;F;X;,2,,经济与管理;,1,2013-01-01;,李涛
李涛,中山大学;,4401.0,1.0,中山大学;,F;F;F;F;F;F;F;,1, 李红;,经济与管理;经济与管理;经济与管理;经济与管理;经济与管理;经济与管理;,1,2006-01-01;2006-08-01;2005-07-01;2004-11-01;2003-12-01;2004-10-01;,李涛
李猛,中国社会科学院;,1100.0,1.0,中国社会科学院;,F;,1,,经济与管理;,1,2015-04-01;,李猛
李猛,上海市委党校;,3100.0,1.0,上海市委党校;,F;,1, 沈坤荣;,经济与管理;,1,2010-12-01;,李猛
李虹,北京大学;,1100.0,1.0,北京大学;,F;X;F;F;,2, 熊振兴; 董亮; 谢明华;,经济与管理;经济与管理;经济与管理;,1,2017-07-01;2011-02-01;2004-11-01;,李虹
李虹,上海财经大学;,3100.0,1.0,上海财经大学;,D;,1,,经济与管理;,1,2007-09-01;,李虹
李超,中国社会科学院;,1100.0,1.0,中国社会科学院;,F;C;,2, 倪鹏飞; 万海远;,经济与管理;,1,2015-05-01;,李超
李超,西南财经大学;,5101.0,1.0,西南财经大学;,F;F;X;,2, 李涵;,经济与管理;,1,2017-08-01;,李超
李超,暨南大学;,4401.0,1.0,暨南大学;,F;F;,1, 覃成林;,经济与管理;,1,2011-08-01;,李超
李雪莲,南开大学;,1200.0,1.0,南开大学;,F;F;,1, 张运鹏; 安辉;,经济与管理;经济与管理;,1,2003-10-01;2001-06-01;,李雪莲
李雪莲,西南财经大学;,5101.0,1.0,西南财经大学;,D;D;F;,2, 马双; 邓翔;,经济与管理;,1,2015-05-01;,李雪莲
李静,安徽大学;,3401.0,1.0,安徽大学;,F;F;,1, 楠玉; 刘霞辉;,经济与管理;,1,2017-03-01;,李静
李静,山西财经大学;,1401.0,1.0,山西财经大学;,F;F;G;,2,,经济与管理;,1,2017-06-01;,李静
李静,南开大学;,1200.0,1.0,南开大学;,F;,1,,经济与管理;,1,2005-04-01;,李静
杨俊,南开大学;,1200.0,1.0,南开大学;,F;,1, 张玉利; 刘依冉;,经济与管理;,1,2015-09-01;,杨俊
杨俊,,1100.0,2.0,北京大学;中国人民大学;;,F;F;F;,1, 龚六堂; 王亚平; 龚六堂;,经济与管理;经济与管理;,1,2006-03-01;2008-06-01;,杨俊
杨光,上海财经大学;,3100.0,1.0,上海财经大学;,F;,1, 汪立;,经济与管理;,1,2017-12-01;,杨光
杨光,南开大学;,1200.0,1.0,南开大学;,F;F;F;F;F;F;,1, 孙浦阳; 龚刚; 孙浦阳;,经济与管理;经济与管理;经济与管理;,1,2015-02-01;2015-10-01;2008-06-01;,杨光
杨剑侠,上海交通大学;,3100.0,1.0,上海交通大学;,F;F;,1, 陈宏民; 包兴;,经济与管理;,1,2009-07-01;,杨剑侠
杨剑侠,重庆大学;,5000.0,1.0,重庆大学;,F;,1, 司有和; 孙兴征;,经济与管理;,1,2004-07-01;,杨剑侠
杨勇,南京大学;,3201.0,1.0,南京大学;,F;,1, 魏浩;,经济与管理;,1,2003-11-01;,杨勇
杨勇,武汉大学;,4201.0,1.0,武汉大学;,F;,1,,经济与管理;,1,2017-09-01;,杨勇
杨华磊,中国农业大学;,1100.0,1.0,中国农业大学;,F;,1, 何凌云; 周晓波;,经济与管理;,1,2014-04-01;,杨华磊
杨华磊,兰州大学;,6201.0,1.0,兰州大学;,F;F;F;,1, 周晓波;,经济与管理;,1,2012-12-01;,杨华磊
杨文,北京大学;,1100.0,1.0,北京大学;,F;F;,1, 孙蚌珠; 王学龙;,经济与管理;,1,2012-04-01;,杨文
杨文,深圳大学;,4403.0,1.0,深圳大学;,F;,1, 孙蚌珠; 程相宾;,经济与管理;,1,2015-01-01;,杨文
杨柳,,1100.0,2.0,中国政法大学;中国人民银行;;,F;F;,1,;;,经济与管理;经济与管理;,1,2015-08-01;2001-02-01;,杨柳
杨柳,华中师范大学;,4201.0,1.0,华中师范大学;,F;,1, 李力; 吴婷;,经济与管理;,1,2016-10-01;,杨柳
杨汝岱,北京大学;,1100.0,1.0,北京大学;,F;F;F;F;F;,1, 李艳; 朱诗娥;,经济与管理;经济与管理;经济与管理;,1,2016-03-01;2015-02-01;2013-07-01;,杨汝岱
杨汝岱,湘潭大学;,4303.0,1.0,湘潭大学;,F;F;G;F;F;F;F;,2, 陈斌开; 朱诗娥; 陈斌开; 姚洋; 朱诗娥;,经济与管理;经济与管理;经济与管理;经济与管理;,1,2011-11-01;2009-08-01;2008-08-01;2007-12-01;,杨汝岱
林伯强,闽江学院;,3501.0,1.0,闽江学院;,F;F;F;F;X;,2, 李江龙; 杜克锐; 李爱军;,经济与管理;经济与管理;经济与管理;,1,2014-04-01;2013-09-01;2012-11-01;,林伯强
林伯强,厦门大学;,3502.0,1.0,厦门大学;,F;F;F;F;X;F;F;F;F;F;F;F;F;F;F;F;F;F;F;F;F;F;,2, 刘泓汛; 孙传旺; 姚昕; 刘畅; 刘希颖; 姚昕; 王锋; 牟敦国; 何晓萍; 魏巍贤; 李丕东;,经济与管理;经济与管理;经济与管理;经济与管理;经济与管理;经济与管理;经济与管理;经济与管理;经济与管理;经济与管理;,1,2015-09-01;2017-09-01;2016-10-01;2012-03-01;2010-08-01;2009-06-01;2009-12-01;2008-11-01;2008-05-01;2007-02-01;,林伯强
林煜恩,温州大学;,3303.0,1.0,温州大学;,F;,1, 陈秀玲; 池祥萱;,经济与管理;,1,2014-12-01;,林煜恩
林煜恩,武夷学院;,3507.0,1.0,武夷学院;,F;F;F;,1, 池祥萱; 池祥萱; 李乐;,经济与管理;经济与管理;,1,2014-02-01;2014-03-01;,林煜恩
林煜恩,吉林大学;,2201.0,1.0,吉林大学;,F;F;F;F;,1, 尚铎; 陈宜群; 池祥萱; 郑玉敏; 邵文霞; 池祥萱; 王柘君;,经济与管理;经济与管理;经济与管理;,1,2017-08-01;2015-08-01;2016-07-01;,林煜恩
桂荷发,江西财经大学;,3601.0,1.0,江西财经大学;,F;F;,1, 蔡明超; 石劲; 汪勇祥;,经济与管理;,1,2011-11-01;,桂荷发
桂荷发,中国人民大学;,1100.0,1.0,中国人民大学;,F;,1,,经济与管理;,1,2002-06-01;,桂荷发
梁平汉,西南财经大学;,5101.0,1.0,西南财经大学;,C;F;,2,,经济与管理;,1,2012-10-01;,梁平汉
梁平汉,中山大学;,4401.0,1.0,中山大学;,D;,1, 高楠;,经济与管理;,1,2017-04-01;,梁平汉
梁正,南开大学;,1200.0,1.0,南开大学;,F;,1,,经济与管理;,1,2001-02-01;,梁正
梁正,清华大学;,1100.0,1.0,清华大学;,F;,1,,经济与管理;,1,2003-10-01;,梁正
梁琦,南京大学;,3201.0,1.0,南京大学;,F;F;F;F;F;,1, 施晓苏; 张二震;,经济与管理;经济与管理;经济与管理;经济与管理;,1,2005-07-01;2004-07-01;2002-10-01;2003-06-01;,梁琦
梁琦,中山大学;,4401.0,1.0,中山大学;,F;F;F;F;F;F;,1, 丁树; 王如玉; 黄卓; 吴俊;,经济与管理;经济与管理;经济与管理;,1,2012-04-01;2012-04-01;2008-07-01;,梁琦
楼国强,上海财经大学;,3100.0,1.0,上海财经大学;,F;C;F;F;F;,2,,经济与管理;经济与管理;经济与管理;,1,2010-12-01;2013-12-01;2011-08-01;,楼国强
楼国强,北京大学;,1100.0,1.0,北京大学;,F;,1,,经济与管理;,1,2005-08-01;,楼国强
樊丽明,上海财经大学;,3100.0,1.0,上海财经大学;,F;F;,1, 解垩;,经济与管理;,1,2014-08-01;,樊丽明
樊丽明,山东大学;,3701.0,1.0,山东大学;,F;,1,,经济与管理;,1,2002-04-01;,樊丽明
欧阳志刚,中南财经政法大学;,4201.0,1.0,中南财经政法大学;,F;F;F;F;,1, 薛龙; 潜力;,经济与管理;经济与管理;经济与管理;,1,2017-02-01;2013-07-01;2015-06-01;,欧阳志刚
欧阳志刚,华东交通大学;,3601.0,1.0,华东交通大学;,F;F;F;F;F;F;F;F;F;,1, 高凌云; 史焕平; 史焕平; 王世杰;,经济与管理;经济与管理;经济与管理;经济与管理;,1,2012-09-01;2011-07-01;2010-07-01;2009-09-01;,欧阳志刚
毛捷,对外经济贸易大学;,1100.0,1.0,对外经济贸易大学;,F;D;F;F;F;F;F;F;F;,2, 吕冰洋; 马光荣; 管汉晖; 林智贤; 汪德华; 白重恩; 汪德华; 白重恩;,经济与管理;经济与管理;经济与管理;经济与管理;,1,2015-07-01;2015-07-01;2011-12-01;2012-07-01;,毛捷
毛捷,浙江大学;,3301.0,1.0,浙江大学;,F;F;,1, 金雪军; 袁佳;,经济与管理;,1,2005-04-01;,毛捷
江求川,郑州大学;,4101.0,1.0,郑州大学;,D;F;,2,,经济与管理;,1,2015-07-01;,江求川
江求川,华中科技大学;,4201.0,1.0,华中科技大学;,F;F;,1, 张克中;,经济与管理;,1,2013-04-01;,江求川
汤二子,南京审计大学;,3201.0,1.0,南京审计大学;,F;,1,,经济与管理;,1,2017-02-01;,汤二子
汤二子,大连理工大学;,2102.0,1.0,大连理工大学;,F;F;F;,1, 李影; 张海英;,经济与管理;,1,2011-06-01;,汤二子
汤向俊,江苏科技大学;,3211.0,1.0,江苏科技大学;,D;F;,2, 刘瑞明; 马光辉;,经济与管理;,1,2015-10-01;,汤向俊
汤向俊,西北大学;,6101.0,1.0,西北大学;,F;F;,1, 任保平;,经济与管理;,1,2010-10-01;,汤向俊
汤玉刚,复旦大学;,3100.0,1.0,复旦大学;,F;,1, 赵大平;,经济与管理;,1,2007-01-01;,汤玉刚
汤玉刚,山东大学;,3701.0,1.0,山东大学;,F;F;F;F;,1, 关凤利; 陈强; 满利苹; 苑程浩;,经济与管理;经济与管理;经济与管理;,1,2010-09-01;2015-10-01;2010-10-01;,汤玉刚
汪伟,浙江大学;,3301.0,1.0,浙江大学;,F;,1, 金祥荣; 汪淼军;,经济与管理;,1,2006-03-01;,汪伟
汪伟,上海财经大学;,3100.0,1.0,上海财经大学;,F;C;F;F;F;C;F;C;F;F;C;F;F;F;F;,2, 艾春荣; 郭新强; 艾春荣;,经济与管理;经济与管理;经济与管理;经济与管理;经济与管理;经济与管理;,1,2015-06-01;2013-11-01;2010-10-01;2016-10-01;2009-10-01;2008-04-01;,汪伟
汪洋,中国人民银行;,1100.0,1.0,中国人民银行;,F;F;,1,,经济与管理;,1,2016-04-01;,汪洋
汪洋,江西财经大学;,3601.0,1.0,江西财经大学;,F;F;F;,1,,经济与管理;经济与管理;经济与管理;,1,2010-11-01;2007-04-01;2005-04-01;,汪洋
沈利生,华侨大学;,3505.0,1.0,华侨大学;,F;,1, 王恒;,经济与管理;,1,2006-03-01;,沈利生
沈利生,中国社会科学院;,1100.0,1.0,中国社会科学院;,F;,1, 吴振宇;,经济与管理;,1,2003-11-01;,沈利生
沈国兵,,3100.0,2.0,复旦大学;上海财经大学;;,F;F;F;F;F;F;F;F;F;F;F;,1, 张鑫; 姚白羽;;,经济与管理;经济与管理;经济与管理;经济与管理;经济与管理;,1,2015-04-01;2015-06-01;2010-06-01;2004-12-01;2005-06-01;,沈国兵
沈国兵,浙江大学;,3301.0,1.0,浙江大学;,F;,1,,经济与管理;,1,2002-06-01;,沈国兵
沈悦,清华大学;,1100.0,1.0,清华大学;,F;,1, 刘洪玉;,经济与管理;,1,2004-06-01;,沈悦
沈悦,西南财经大学;,5101.0,1.0,西南财经大学;,F;F;F;,1, 储巍;,经济与管理;,1,2012-05-01;,沈悦
沈悦,西安交通大学;,6101.0,1.0,西安交通大学;,F;F;F;F;,1, 谢坤锋; 谢勇; 田嫄;,经济与管理;经济与管理;,1,2013-03-01;2007-10-01;,沈悦
沈沛龙,北京航空航天大学;,1100.0,1.0,北京航空航天大学;,F;F;,1, 任若恩; 任若恩;,经济与管理;经济与管理;,1,2002-06-01;2001-02-01;,沈沛龙
沈沛龙,山西财经大学;,1401.0,1.0,山西财经大学;,F;F;F;,1, 樊欢; 王晓婷;,经济与管理;经济与管理;,1,2012-02-01;2013-08-01;,沈沛龙
潘珊,北京大学;,1100.0,1.0,北京大学;,F;,1, 龚六堂;,经济与管理;,1,2015-09-01;,潘珊
潘珊,暨南大学;,4401.0,1.0,暨南大学;,F;F;,1, 龚六堂; 李尚骜;,经济与管理;,1,2016-10-01;,潘珊
燕志雄,暨南大学;,4401.0,1.0,暨南大学;,F;F;,1, 张敬卫; 费方域;,经济与管理;,1,2016-09-01;,燕志雄
燕志雄,上海交通大学;,3100.0,1.0,上海交通大学;,F;F;F;,1, 费方域; 费方域;,经济与管理;经济与管理;,1,2007-02-01;2007-10-01;,燕志雄
王伟光,中国社会科学院;,1100.0,1.0,中国社会科学院;,F;F;,1, 陈锡文; 李扬; 刘世锦; 刘诗白; 刘伟; 蔡昉; 白钦先; 李稻葵;,经济与管理;经济与管理;,1,2016-03-01;2010-12-01;,王伟光
王伟光,辽宁大学;,2101.0,1.0,辽宁大学;,F;,1, 冯荣凯; 尹博;,经济与管理;,1,2015-06-01;,王伟光
王俊,中央财经大学;,1100.0,1.0,中央财经大学;,D;F;R;F;F;F;,3, 龚强; 王威; 昌忠泽; 刘宏; 昌忠泽; 昌忠泽;,经济与管理;经济与管理;经济与管理;经济与管理;,1,2012-01-01;2008-07-01;2007-12-01;2007-04-01;,王俊
王俊,安徽财经大学;,3403.0,1.0,安徽财经大学;,F;F;,1, 王刚贞;,经济与管理;,1,2010-09-01;,王俊
王倩,南开大学;,1200.0,1.0,南开大学;,F;,1, 李颖华;,经济与管理;,1,2012-05-01;,王倩
王倩,山东财经大学;,3701.0,1.0,山东财经大学;,F;F;,1, 马云霄;,经济与管理;,1,2016-05-01;,王倩
王兰芳,南开大学;,1200.0,1.0,南开大学;,F;,1,,经济与管理;,1,2001-06-01;,王兰芳
王兰芳,上海财经大学;,3100.0,1.0,上海财经大学;,F;F;,1, 王苏生;,经济与管理;,1,2010-10-01;,王兰芳
王勇,北京大学;,1100.0,1.0,北京大学;,F;G;,2,,经济与管理;经济与管理;,1,2003-02-01;2002-04-01;,王勇
王勇,浙江万里学院;,3302.0,1.0,浙江万里学院;,F;F;,1, 袁葵芳;,经济与管理;经济与管理;,1,2005-01-01;2003-12-01;,王勇
王博,南开大学;,1200.0,1.0,南开大学;,F;F;F;F;F;F;F;,1, 郭廓; 马君潞; 刘永余; 刘澜飚;,经济与管理;经济与管理;经济与管理;,1,2013-05-01;2013-03-01;2012-06-01;,王博
王博,西南财经大学;,5101.0,1.0,西南财经大学;,F;F;,1, 张晓玫; 卢露;,经济与管理;,1,2017-04-01;,王博
王向楠,北京大学;,1100.0,1.0,北京大学;,F;F;,1, 徐舒;,经济与管理;,1,2012-08-01;,王向楠
王向楠,西南财经大学;,5101.0,1.0,西南财经大学;,F;F;,1,,经济与管理;,1,2011-10-01;,王向楠
王国静,上海财经大学;,3100.0,1.0,上海财经大学;,F;F;,1, 田国强;,经济与管理;,1,2014-03-01;,王国静
王国静,华安证券;,3506.0,1.0,华安证券;,F;F;,1, 田国强;,经济与管理;,1,2014-09-01;,王国静
王宇,中国人民银行;,1100.0,1.0,中国人民银行;,F;F;,1, 李宏瑾;,经济与管理;,1,2015-04-01;,王宇
王宇,内蒙古大学;,1501.0,1.0,内蒙古大学;,F;F;,1, 郭新强; 干春晖;,经济与管理;,1,2014-10-01;,王宇
王小龙,,1100.0,2.0,北京大学;中国人民大学;;,F;F;F;D;F;,2,; 方金金; 兰永生;,经济与管理;经济与管理;经济与管理;,1,2004-04-01;2015-11-01;2011-08-01;,王小龙
王小龙,西北大学;,6101.0,1.0,西北大学;,F;F;F;,1, 李斌;,经济与管理;经济与管理;,1,2002-01-01;2002-04-01;,王小龙
王平,对外经济贸易大学;,1100.0,1.0,对外经济贸易大学;,F;F;,1, 肖军;,经济与管理;,1,2012-05-01;,王平
王平,四川大学;,5101.0,1.0,四川大学;,F;,1, 邹易; 唐柳;,经济与管理;,1,2009-06-01;,王平
王弟海,北京大学;,1100.0,1.0,北京大学;,F;F;,1, 龚六堂;,经济与管理;,1,2006-04-01;,王弟海
王弟海,复旦大学;,3100.0,1.0,复旦大学;,R;F;F;F;F;F;,2, 黄亮; 李宏毅; 龚六堂;,经济与管理;经济与管理;经济与管理;,1,2016-08-01;2012-06-01;2008-01-01;,王弟海
王晓,中央财经大学;,1100.0,1.0,中央财经大学;,F;,1, 李佳;,经济与管理;,1,2010-01-01;,王晓
王晓,山东财经大学;,3701.0,1.0,山东财经大学;,F;,1,,经济与管理;,1,2012-04-01;,王晓
王欢,山东大学;,3701.0,1.0,山东大学;,F;F;,1, 郭建强;,经济与管理;,1,2014-08-01;,王欢
王欢,陕西师范大学;,6101.0,1.0,陕西师范大学;,G;G;,1, 史耀疆; 王爱琴; 罗朴尚; 罗思高; 诸彦杰;,经济与管理;,1,2017-04-01;,王欢
王永进,南开大学;,1200.0,1.0,南开大学;,F;F;F;F;,1, 张国峰; 施炳展; 盛丹;,经济与管理;经济与管理;经济与管理;,1,2016-07-01;2014-04-01;2012-07-01;,王永进
王永进,厦门大学;,3502.0,1.0,厦门大学;,F;F;,1, 盛丹; 施炳展; 李坤望;,经济与管理;,1,2010-07-01;,王永进
王海港,中山大学;,4401.0,1.0,中山大学;,G;,1, 李实; 刘京军;,经济与管理;,1,2007-08-01;,王海港
王海港,,1100.0,2.0,北京大学;中央财经大学;;,F;F;F;,1,; 黄少安; 李琴; 罗凤金;,经济与管理;经济与管理;,1,2005-01-01;2009-09-01;,王海港
王爱俭,中国滨海金融协同创新中心;,3209.0,1.0,中国滨海金融协同创新中心;,F;F;F;F;,1, 王璟怡; 杜强;,经济与管理;经济与管理;,1,2014-04-01;2017-10-01;,王爱俭
王爱俭,天津财经大学;,1200.0,1.0,天津财经大学;,F;F;F;F;,1, 林楠; 温博慧;,经济与管理;经济与管理;,1,2007-10-01;2007-02-01;,王爱俭
王玲玲,云南财经大学;,5301.0,1.0,云南财经大学;,F;F;,1, 尹晓冰;,经济与管理;,1,2015-02-01;,王玲玲
王玲玲,华中科技大学;,4201.0,1.0,华中科技大学;,F;F;,1, 王宗军; 毛磊;,经济与管理;,1,2012-06-01;,王玲玲
王珏,东北财经大学;,2102.0,1.0,东北财经大学;,F;F;,1,,经济与管理;,1,2012-01-01;,王珏
王珏,中国人民大学;,1100.0,1.0,中国人民大学;,F;,1, 饶晓鹏;,经济与管理;,1,2004-02-01;,王珏
王璐,南京师范大学;,3201.0,1.0,南京师范大学;,F;F;,1, 童中文;,经济与管理;,1,2014-11-01;,王璐
王璐,南开大学;,1200.0,1.0,南开大学;,F;,1, 柳欣;,经济与管理;,1,2008-06-01;,王璐
王璐,西南财经大学;,5101.0,1.0,西南财经大学;,F;F;,1, 庞皓;,经济与管理;,1,2008-04-01;,王璐
王艳,南开大学;,1200.0,1.0,南开大学;,F;,1,,经济与管理;,1,2002-06-01;,王艳
王艳,广东财经大学;,4401.0,1.0,广东财经大学;,F;,1, 李善民;,经济与管理;,1,2017-12-01;,王艳
王苍峰,上海财经大学;,3100.0,1.0,上海财经大学;,F;,1,,经济与管理;,1,2007-08-01;,王苍峰
王苍峰,山东财经大学;,3701.0,1.0,山东财经大学;,F;F;F;,1, 司传宁;,经济与管理;,1,2011-12-01;,王苍峰
王锋,中国矿业大学;,3203.0,1.0,中国矿业大学;,F;F;,1, 李紧想; 张芳; 吴艳杰;,经济与管理;,1,2017-09-01;,王锋
王锋,厦门大学;,3502.0,1.0,厦门大学;,X;,1, 吴丽华; 杨超;,经济与管理;,1,2010-02-01;,王锋
王锋,西安交通大学;,6101.0,1.0,西安交通大学;,X;F;,2, 冯根福; 吴丽华;,经济与管理;,1,2013-08-01;,王锋
王静,南开大学;,1200.0,1.0,南开大学;,F;,1, 张卓; 武舜臣;,经济与管理;,1,2016-04-01;,王静
王静,河南大学;,4102.0,1.0,河南大学;,F;,1, 庄鹏睿; 罗良清;,经济与管理;,1,2017-02-01;,王静
王静,浙江大学;,3301.0,1.0,浙江大学;,F;,1,,经济与管理;,1,2002-11-01;,王静
王鹏,山西财经大学;,1401.0,1.0,山西财经大学;,F;,1,,经济与管理;,1,2002-08-01;,王鹏
王鹏,,1100.0,2.0,北京交通大学;中国人民银行;;,F;F;,1,;;,经济与管理;经济与管理;,1,2012-12-01;2008-02-01;,王鹏
王鹏,西南财经大学;,5101.0,1.0,西南财经大学;,F;,1, 付延平; 李文贺;,经济与管理;,1,2014-12-01;,王鹏
田利辉,南开大学;,1200.0,1.0,南开大学;,F;F;F;F;F;F;F;F;F;F;F;F;,1, 王可第; 张伟; 谭德凯; 王冠英;,经济与管理;经济与管理;经济与管理;经济与管理;经济与管理;经济与管理;,1,2017-11-01;2014-01-01;2013-04-01;2013-11-01;2015-04-01;2014-04-01;,田利辉
田利辉,北京大学;,1100.0,1.0,北京大学;,F;F;F;F;,1,,经济与管理;经济与管理;经济与管理;,1,2005-10-01;2005-10-01;2004-10-01;,田利辉
田青,东北财经大学;,2102.0,1.0,东北财经大学;,F;F;,1, 高铁梅;,经济与管理;,1,2009-10-01;,田青
田青,中央财经大学;,1100.0,1.0,中央财经大学;,F;,1,,经济与管理;,1,2017-01-01;,田青
白钦先,中山大学;,4401.0,1.0,中山大学;,F;,1, 薛誉华;,经济与管理;,1,2001-04-01;,白钦先
白钦先,辽宁大学;,2101.0,1.0,辽宁大学;,F;F;F;,1, 张志文; 张坤; 常海中;,经济与管理;经济与管理;经济与管理;,1,2011-10-01;2017-04-01;2005-06-01;,白钦先
皮建才,北京大学;,1100.0,1.0,北京大学;,F;F;F;C;F;F;F;,2,,经济与管理;经济与管理;经济与管理;经济与管理;经济与管理;,1,2008-03-01;2007-05-01;2007-01-01;2006-10-01;2007-08-01;,皮建才
皮建才,南京大学;,3201.0,1.0,南京大学;,D;D;F;,2, 殷军; 周愚;,经济与管理;经济与管理;经济与管理;,1,2014-10-01;2012-10-01;2011-02-01;,皮建才
程令国,上海财经大学;,3100.0,1.0,上海财经大学;,D;F;G;,3, 张晔; 刘志彪; 张晔; 沈可;,经济与管理;经济与管理;,1,2016-01-01;2014-10-01;,程令国
程令国,南京大学;,3201.0,1.0,南京大学;,F;F;,1, 张晔; 刘志彪;,经济与管理;,1,2013-08-01;,程令国
程令国,北京大学;,1100.0,1.0,北京大学;,R;F;,2, 张晔; 张晔;,经济与管理;经济与管理;,1,2012-01-01;2011-08-01;,程令国
程培堽,苏州农业职业技术学院;,3205.0,1.0,苏州农业职业技术学院;,F;F;,1, 周应恒; 殷志扬;,经济与管理;,1,2009-07-01;,程培堽
程培堽,厦门大学;,3502.0,1.0,厦门大学;,F;,1,,经济与管理;,1,2003-06-01;,程培堽
简泽,同济大学;,3100.0,1.0,同济大学;,F;F;F;F;,1, 干春晖; 余典范; 张涛; 伏玉林;,经济与管理;经济与管理;,1,2013-05-01;2014-08-01;,简泽
简泽,江西财经大学;,3601.0,1.0,江西财经大学;,F;F;,1, 谭利萍; 吕大国; 符通;,经济与管理;,1,2017-05-01;,简泽
管七海,北京大学;,1100.0,1.0,北京大学;,F;F;,1,,经济与管理;经济与管理;,1,2005-08-01;2005-04-01;,管七海
管七海,招商银行;,4403.0,1.0,招商银行;,F;,1,,经济与管理;,1,2006-01-01;,管七海
胡洁,华东师范大学;,3100.0,1.0,华东师范大学;,F;,1, 陈彦煌;,经济与管理;,1,2014-08-01;,胡洁
胡洁,西安交通大学;,6101.0,1.0,西安交通大学;,F;F;F;,1, 陈彦煌;,经济与管理;,1,2010-08-01;,胡洁
范子英,,3100.0,2.0,复旦大学;上海财经大学;;,F;F;K;K;F;F;F;D;F;F;F;D;,3, 张军; 孟令杰; 石慧; 刘甲炎; 彭飞; 彭飞; 刘冲; 田彬彬;,经济与管理;经济与管理;经济与管理;经济与管理;经济与管理;经济与管理;经济与管理;,1,2010-03-01;2010-04-01;2008-10-01;2015-05-01;2017-02-01;2016-01-01;2016-07-01;,范子英
范子英,南京农业大学;,3201.0,1.0,南京农业大学;,F;F;F;,1, 孟令杰; 孟令杰;,经济与管理;经济与管理;,1,2006-08-01;2007-01-01;,范子英
范子英,华中科技大学;,4201.0,1.0,华中科技大学;,F;F;F;F;,1, 李欣; 田彬彬; 石慧;,经济与管理;经济与管理;经济与管理;,1,2014-06-01;2013-09-01;2013-01-01;,范子英
葛兆强,中国社会科学院;,1100.0,1.0,中国社会科学院;,F;F;,1,,经济与管理;经济与管理;,1,2006-02-01;2005-05-01;,葛兆强
葛兆强,招商银行;,4403.0,1.0,招商银行;,F;F;F;,1,,经济与管理;经济与管理;经济与管理;,1,2009-08-01;2002-11-01;2001-10-01;,葛兆强
董保民,厦门大学;,3502.0,1.0,厦门大学;,D;,1,,经济与管理;,1,2003-10-01;,董保民
董保民,对外经济贸易大学;,1100.0,1.0,对外经济贸易大学;,F;F;,1, 郭桂霞;,经济与管理;,1,2006-07-01;,董保民
蒙英华,厦门大学;,3502.0,1.0,厦门大学;,F;F;F;,1, 黄建忠;,经济与管理;,1,2008-02-01;,蒙英华
蒙英华,,3100.0,2.0,复旦大学;上海对外经贸大学;;,F;F;,1, 蔡宏波; 蔡宏波; 黄建忠;,经济与管理;经济与管理;,1,2009-12-01;2015-10-01;,蒙英华
蒲成毅,南开大学;,1200.0,1.0,南开大学;,F;,1,,经济与管理;,1,2005-02-01;,蒲成毅
蒲成毅,西南民族大学;,5101.0,1.0,西南民族大学;,F;F;F;,1, 潘小军;,经济与管理;,1,2012-12-01;,蒲成毅
蔡宁,北京大学;,1100.0,1.0,北京大学;,F;,1, 刘勇;,经济与管理;,1,2017-02-01;,蔡宁
蔡宁,浙江大学;,3301.0,1.0,浙江大学;,F;F;F;,1, 贺锦江; 王节祥;,经济与管理;,1,2017-03-01;,蔡宁
蔡昱,天津医科大学;,1200.0,1.0,天津医科大学;,R;D;,2, 龚刚; 张前程; 龚刚;,经济与管理;经济与管理;,1,2013-02-01;2008-04-01;,蔡昱
蔡昱,云南财经大学;,5301.0,1.0,云南财经大学;,C;A;,2, 龚刚; 龚刚;,经济与管理;经济与管理;,1,2016-02-01;2014-12-01;,蔡昱
薛白,东兴证券;,4506.0,1.0,东兴证券;,F;F;,1,,经济与管理;,1,2011-12-01;,薛白
薛白,中信银行;,1100.0,1.0,中信银行;,F;F;,1,,经济与管理;,1,2014-12-01;,薛白
许伟,广西大学;,4501.0,1.0,广西大学;,F;,1, 曾屹; 陈兴海;,经济与管理;,1,2008-06-01;,许伟
许伟,,1100.0,2.0,国务院;北京大学;;,F;F;F;F;,1, 陈斌开; 陈斌开;,经济与管理;经济与管理;,1,2016-05-01;2009-04-01;,许伟
许年行,中国人民大学;,1100.0,1.0,中国人民大学;,C;F;F;F;F;F;D;D;,3, 李哲; 江轩宇; 伊志宏; 徐信忠; 洪涛; 吴世农; 徐信忠; 江轩宇; 伊志宏; 袁清波;,经济与管理;经济与管理;经济与管理;经济与管理;,1,2016-12-01;2012-07-01;2011-04-01;2013-01-01;,许年行
许年行,厦门大学;,3502.0,1.0,厦门大学;,F;F;F;,1, 吴世农; 吴世农;,经济与管理;经济与管理;,1,2007-01-01;2006-04-01;,许年行
许承明,复旦大学;,3100.0,1.0,复旦大学;,F;,1,,经济与管理;,1,2001-08-01;,许承明
许承明,南京财经大学;,3201.0,1.0,南京财经大学;,F;,1, 宋海林;,经济与管理;,1,2005-03-01;,许承明
谢刚,中国人民大学;,1100.0,1.0,中国人民大学;,F;,1, 李勇;,经济与管理;,1,2009-01-01;,谢刚
谢刚,西南交通大学;,5101.0,1.0,西南交通大学;,F;,1, 侯景亮; 贾建民;,经济与管理;,1,2011-06-01;,谢刚
谢康,上海社会科学院;,3100.0,1.0,上海社会科学院;,F;,1,,经济与管理;,1,2002-02-01;,谢康
谢康,中山大学;,4401.0,1.0,中山大学;,D;F;F;F;F;F;F;F;,2, 刘意; 肖静华; 刘亚平; 吴瑶; 肖静华; 廖雪华; 赖金天; 肖静华; 乌家培; 肖静华; 周先波; 乌家培;,经济与管理;经济与管理;经济与管理;经济与管理;经济与管理;,1,2017-08-01;2016-02-01;2016-04-01;2012-01-01;2001-05-01;,谢康
谢建国,南京大学;,3201.0,1.0,南京大学;,F;F;F;F;F;F;G;F;,2, 姜珮珊; 张悦; 徐华;,经济与管理;经济与管理;经济与管理;经济与管理;经济与管理;,1,2007-06-01;2014-07-01;2006-07-01;2010-12-01;2005-12-01;,谢建国
谢建国,南开大学;,1200.0,1.0,南开大学;,F;,1,,经济与管理;,1,2004-04-01;,谢建国
谭之博,北京大学;,1100.0,1.0,北京大学;,F;F;,1, 赵岳;,经济与管理;,1,2012-12-01;,谭之博
谭之博,复旦大学;,3100.0,1.0,复旦大学;,C;R;D;F;,4, 张晓波; 周黎安; 赵岳;,经济与管理;经济与管理;,1,2016-02-01;2015-04-01;,谭之博
谭旭东,中国社会科学院;,1100.0,1.0,中国社会科学院;,F;,1,,经济与管理;,1,2004-12-01;,谭旭东
谭旭东,厦门大学;,3502.0,1.0,厦门大学;,F;F;F;F;,1,,经济与管理;经济与管理;,1,2008-09-01;2007-02-01;,谭旭东
贺京同,山东大学;,3701.0,1.0,山东大学;,F;,1, 郝身永;,经济与管理;,1,2013-12-01;,贺京同
贺京同,南开大学;,1200.0,1.0,南开大学;,C;C;F;F;F;F;F;F;F;,2, 那艺; 郝身永; 冯尧; 徐璐; 李峰; 霍焰; 李大勇;,经济与管理;经济与管理;经济与管理;经济与管理;经济与管理;,1,2014-07-01;2011-12-01;2007-06-01;2004-04-01;2002-12-01;,贺京同
贾良定,北京大学;,1100.0,1.0,北京大学;,F;F;,1,,经济与管理;,1,2002-04-01;,贾良定
贾良定,南京大学;,3201.0,1.0,南京大学;,F;,1, 陈秋霖;,经济与管理;,1,2001-03-01;,贾良定
赵文军,南京大学;,3201.0,1.0,南京大学;,F;F;F;F;,1, 于津平; 于津平;,经济与管理;经济与管理;,1,2008-12-01;2009-08-01;,赵文军
赵文军,深圳大学;,4403.0,1.0,深圳大学;,F;F;F;F;F;F;F;,1, 于津平; 于津平;,经济与管理;经济与管理;,1,2012-08-01;2014-06-01;,赵文军
赵旭,上海对外经贸大学;,3100.0,1.0,上海对外经贸大学;,F;,1, 李浩;,经济与管理;,1,2013-12-01;,赵旭
赵旭,南京财经大学;,3201.0,1.0,南京财经大学;,F;F;F;,1,,经济与管理;经济与管理;,1,2007-12-01;2006-12-01;,赵旭
赵进文,东北财经大学;,2102.0,1.0,东北财经大学;,F;F;F;F;F;F;F;F;F;C;F;F;F;,2, 苏明政; 邢天才; 邢天才; 熊磊; 范继涛; 闵捷; 闵捷; 高辉; 邵国莉;,经济与管理;经济与管理;经济与管理;经济与管理;经济与管理;经济与管理;经济与管理;经济与管理;,1,2013-04-01;2010-12-01;2007-08-01;2005-12-01;2005-02-01;2004-10-01;2004-07-01;2001-12-01;,赵进文
赵进文,南开大学;,1200.0,1.0,南开大学;,F;,1, 高辉;,经济与管理;,1,2004-06-01;,赵进文
逄锦聚,中国特色社会主义经济建设协同创新中心;,1100.0,1.0,中国特色社会主义经济建设协同创新中心;,D;F;F;,2,,经济与管理;经济与管理;,1,2017-11-01;2016-10-01;,逄锦聚
逄锦聚,南开大学;,1200.0,1.0,南开大学;,F;F;F;F;,1,,经济与管理;经济与管理;经济与管理;经济与管理;,1,2005-02-01;2004-02-01;2002-02-01;2001-10-01;,逄锦聚
邓伟,北京大学;,1100.0,1.0,北京大学;,F;,1,,经济与管理;,1,2009-10-01;,邓伟
邓伟,华中科技大学;,4201.0,1.0,华中科技大学;,F;F;,1, 唐齐鸣;,经济与管理;,1,2013-01-01;,邓伟
邓伟,南京财经大学;,3201.0,1.0,南京财经大学;,F;F;F;,1, 叶林祥;,经济与管理;,1,2012-06-01;,邓伟
邵帅,,3100.0,2.0,复旦大学;上海财经大学;;,F;X;X;F;F;F;F;F;F;F;X;,2, 吕长江; 李欣; 曹建华; 杨莉莉; 杨莉莉; 黄涛; 杨莉莉; 张曦; 赵兴荣;,经济与管理;经济与管理;经济与管理;经济与管理;经济与管理;,1,2015-05-01;2016-09-01;2013-02-01;2011-12-01;2017-03-01;,邵帅
邵帅,哈尔滨工业大学;,2301.0,1.0,哈尔滨工业大学;,F;F;F;,1, 齐中英;,经济与管理;,1,2008-04-01;,邵帅
邵挺,国务院;,1100.0,1.0,国务院;,F;F;F;,1, 王瑞民; 王微; 崔凡; 范英; 许庆;,经济与管理;经济与管理;,1,2017-02-01;2011-04-01;,邵挺
邵挺,复旦大学;,3100.0,1.0,复旦大学;,F;,1, 袁志刚;,经济与管理;,1,2010-06-01;,邵挺
邹薇,武汉大学;,4201.0,1.0,武汉大学;,F;,1, 钱雪松;,经济与管理;,1,2005-05-01;,邹薇
邹薇,湘潭大学;,4303.0,1.0,湘潭大学;,F;F;,1, 陈云;,经济与管理;,1,2007-06-01;,邹薇
郑挺国,厦门大学;,3502.0,1.0,厦门大学;,F;F;F;F;F;F;F;,1, 王霞; 王霞; 苏娜; 刘金全; 王霞;,经济与管理;经济与管理;经济与管理;经济与管理;,1,2013-06-01;2012-03-01;2010-03-01;2010-10-01;,郑挺国
郑挺国,吉林大学;,2201.0,1.0,吉林大学;,F;F;,1, 刘金全;,经济与管理;,1,2008-01-01;,郑挺国
郭克莎,中国社会科学院;,1100.0,1.0,中国社会科学院;,F;,1,,经济与管理;,1,2002-11-01;,郭克莎
郭克莎,华侨大学;,3505.0,1.0,华侨大学;,F;F;F;F;,1, 杨阔;,经济与管理;经济与管理;经济与管理;,1,2017-02-01;2017-10-01;2016-09-01;,郭克莎
郭凯明,,4401.0,2.0,暨南大学;中山大学;;,F;C;F;F;F;C;F;F;,2, 颜色; 颜色; 余靖雯; 龚六堂; 杭静; 颜色; 颜色;,经济与管理;经济与管理;经济与管理;经济与管理;经济与管理;,1,2016-06-01;2015-07-01;2016-04-01;2017-03-01;2017-04-01;,郭凯明
郭凯明,北京大学;,1100.0,1.0,北京大学;,F;F;C;,2, 张全升; 龚六堂; 颜色;,经济与管理;经济与管理;,1,2011-12-01;2011-07-01;,郭凯明
郭峰,北京大学;,1100.0,1.0,北京大学;,D;F;,2,,经济与管理;,1,2016-06-01;,郭峰
郭峰,,3100.0,2.0,上海财经大学;上海新金融研究院;;,D;X;G;F;,4, 石庆玲; 李欣;;,经济与管理;经济与管理;经济与管理;,1,2017-07-01;2017-07-01;2015-04-01;,郭峰
郭广珍,复旦大学;,3100.0,1.0,复旦大学;,F;,1, 张军;,经济与管理;,1,2014-02-01;,郭广珍
郭广珍,辽宁大学;,2101.0,1.0,辽宁大学;,F;F;,1, 张玉兰; 胡可嘉;,经济与管理;,1,2017-03-01;,郭广珍
郭强,天津财经大学;,1200.0,1.0,天津财经大学;,F;F;F;F;F;F;F;F;F;F;,1, 张明; 邓黎桥; 殷无弦; 董昀; 谭小芬; 董昀; 李向前; 李向前; 付志刚;,经济与管理;经济与管理;经济与管理;经济与管理;经济与管理;,1,2017-06-01;2014-10-01;2013-12-01;2012-08-01;2015-02-01;,郭强
郭强,中国社会科学院;,1100.0,1.0,中国社会科学院;,F;F;F;,1, 谭小芬; 李向前;,经济与管理;,1,2011-08-01;,郭强
郭玉清,中国人民大学;,1100.0,1.0,中国人民大学;,F;F;,1,,经济与管理;,1,2006-06-01;,郭玉清
郭玉清,南开大学;,1200.0,1.0,南开大学;,F;D;F;F;,2, 孙希芳; 何杨; 何杨; 李龙;,经济与管理;经济与管理;经济与管理;,1,2017-06-01;2016-03-01;2011-08-01;,郭玉清
钟昌标,云南财经大学;,5301.0,1.0,云南财经大学;,F;F;F;F;,1, 黄远浙; 刘伟; 黄远浙; 刘伟;,经济与管理;经济与管理;,1,2014-12-01;2013-12-01;,钟昌标
钟昌标,宁波大学;,3302.0,1.0,宁波大学;,F;F;F;,1,,经济与管理;经济与管理;,1,2010-01-01;2007-09-01;,钟昌标
钟春平,招商银行;,4403.0,1.0,招商银行;,F;,1, 徐长生;,经济与管理;,1,2005-07-01;,钟春平
钟春平,中国社会科学院;,1100.0,1.0,中国社会科学院;,F;,1, 田敏;,经济与管理;,1,2015-05-01;,钟春平
钟春平,华中科技大学;,4201.0,1.0,华中科技大学;,F;F;F;F;F;F;,1, 陈静; 孙焕民; 徐长生; 徐长生;,经济与管理;经济与管理;经济与管理;,1,2012-12-01;2006-08-01;2011-01-01;,钟春平
钱先航,山东大学;,3701.0,1.0,山东大学;,D;F;D;C;F;D;F;,3, 曹廷求; 曹廷求; 曹春方; 王可; 徐业坤;,经济与管理;经济与管理;经济与管理;经济与管理;,1,2017-02-01;2015-07-01;2017-12-01;2014-07-01;,钱先航
钱先航,南开大学;,1200.0,1.0,南开大学;,F;,1, 曹廷求; 李维安;,经济与管理;,1,2011-12-01;,钱先航
闫国庆,浙江万里学院;,3302.0,1.0,浙江万里学院;,F;,1, 孙琪; 仲鸿生; 赵娜; 荆娴;,经济与管理;,1,2009-05-01;,闫国庆
闫国庆,辽宁大学;,2101.0,1.0,辽宁大学;,F;,1,,经济与管理;,1,2002-05-01;,闫国庆
陆磊,中国人民银行;,1100.0,1.0,中国人民银行;,F;,1,,经济与管理;,1,2001-04-01;,陆磊
陆磊,中山大学;,4401.0,1.0,中山大学;,F;,1,,经济与管理;,1,2005-08-01;,陆磊
陆磊,西南财经大学;,5101.0,1.0,西南财经大学;,F;,1, 李世宏;,经济与管理;,1,2004-10-01;,陆磊
陆立军,浙江师范大学;,3307.0,1.0,浙江师范大学;,F;F;,1, 杨海军;,经济与管理;,1,2007-04-01;,陆立军
陆立军,浙江省软科学研究所;,3301.0,1.0,浙江省软科学研究所;,F;,1,,经济与管理;,1,2002-02-01;,陆立军
陆蓉,中山大学;,4401.0,1.0,中山大学;,F;F;,1, 徐龙炳; 徐龙炳;,经济与管理;经济与管理;,1,2004-03-01;2004-01-01;,陆蓉
陆蓉,上海财经大学;,3100.0,1.0,上海财经大学;,F;O;F;F;,2, 邓鸣茂; 何婧; 崔晓蕾; 陈百助; 徐龙炳; 谢新厚;,经济与管理;经济与管理;经济与管理;,1,2017-11-01;2017-11-01;2007-06-01;,陆蓉
陈仕华,东北财经大学;,2102.0,1.0,东北财经大学;,F;F;F;D;,2, 卢昌崇; 李维安; 姜广省; 李维安; 王春林;,经济与管理;经济与管理;经济与管理;,1,2017-05-01;2016-06-01;2014-10-01;,陈仕华
陈仕华,天津财经大学;,1200.0,1.0,天津财经大学;,F;F;,1, 卢昌崇; 姜广省; 王雅茹;,经济与管理;,1,2015-09-01;,陈仕华
陈健,中国社会科学院;,1100.0,1.0,中国社会科学院;,F;,1,,经济与管理;,1,2007-11-01;,陈健
陈健,东南大学;,3201.0,1.0,东南大学;,F;F;,1, 徐康宁;,经济与管理;,1,2009-04-01;,陈健
陈健,山东大学;,3701.0,1.0,山东大学;,F;D;,2, 黄少安;,经济与管理;,1,2013-09-01;,陈健
陈冬华,南京大学;,3201.0,1.0,南京大学;,F;F;F;B;D;F;F;F;F;D;,3, 相加凤; 范从来; 沈永建; 胡晓莉; 梁上坤; 新夫; 陈富生; 沈永建; 尤海峰; 范从来; 沈永建; 周亚虹; 章铁生; 李翔;,经济与管理;经济与管理;经济与管理;经济与管理;经济与管理;经济与管理;,1,2017-05-01;2015-05-01;2013-09-01;2011-12-01;2010-07-01;2008-03-01;,陈冬华
陈冬华,上海财经大学;,3100.0,1.0,上海财经大学;,F;,1, 陈信元; 万华林;,经济与管理;,1,2005-02-01;,陈冬华
陈利平,武汉大学;,4201.0,1.0,武汉大学;,F;F;,1,,经济与管理;经济与管理;,1,2001-03-01;2003-04-01;,陈利平
陈利平,上海财经大学;,3100.0,1.0,上海财经大学;,F;F;,1,,经济与管理;,1,2007-07-01;,陈利平
陈叶烽,北京师范大学;,1100.0,1.0,北京师范大学;,F;,1, 叶航; 汪丁丁;,经济与管理;,1,2012-02-01;,陈叶烽
陈叶烽,浙江大学;,3301.0,1.0,浙江大学;,F;C;,2, 周业安; 宋紫峰;,经济与管理;经济与管理;,1,2011-06-01;2009-12-01;,陈叶烽
陈平,中山大学;,4401.0,1.0,中山大学;,F;,1, 王曦;,经济与管理;,1,2002-06-01;,陈平
陈平,北京大学;,1100.0,1.0,北京大学;,F;F;F;,1,,经济与管理;经济与管理;,1,2006-10-01;2002-01-01;,陈平
陈强,山东大学;,3701.0,1.0,山东大学;,F;K;K;F;X;,3, 乔兆纲; 孙丰凯; 徐艳娴;,经济与管理;经济与管理;经济与管理;经济与管理;,1,2011-07-01;2015-07-01;2014-10-01;2017-08-01;,陈强
陈强,福建省福州大学;,3501.0,1.0,福建省福州大学;,F;F;F;,1, 叶阿忠;,经济与管理;,1,2009-04-01;,陈强
陈志俊,武汉大学;,4201.0,1.0,武汉大学;,F;,1, 邱敬渊;,经济与管理;,1,2003-10-01;,陈志俊
陈志俊,浙江大学;,3301.0,1.0,浙江大学;,G;,1, 张昕竹;,经济与管理;,1,2004-10-01;,陈志俊
陈昆亭,云南财经大学;,5301.0,1.0,云南财经大学;,F;,1, 周炎;,经济与管理;,1,2017-07-01;,陈昆亭
陈昆亭,宁波大学;,3302.0,1.0,宁波大学;,F;F;F;,1, 周炎; 龚六堂; 李浩; 熊爱民; 柯建飞;,经济与管理;经济与管理;,1,2012-01-01;2011-11-01;,陈昆亭
陈昆亭,山东大学;,3701.0,1.0,山东大学;,F;F;F;,1, 周炎; 龚六堂;,经济与管理;经济与管理;,1,2008-02-01;2004-07-01;,陈昆亭
陈昆亭,浙江工业大学;,3301.0,1.0,浙江工业大学;,F;F;,1, 周炎; 黄晶; 周炎; 虞晓芬;,经济与管理;经济与管理;,1,2015-06-01;2014-12-01;,陈昆亭
陈浪南,中山大学;,4401.0,1.0,中山大学;,F;F;F;F;F;F;F;F;,1, 刘宏伟; 洪如明; 黄洵; 田磊; 陈云;,经济与管理;经济与管理;经济与管理;经济与管理;经济与管理;经济与管理;,1,2009-03-01;2007-04-01;2007-11-01;2004-05-01;2014-10-01;2008-10-01;,陈浪南
陈浪南,中国立信风险管理研究院;,1100.0,1.0,中国立信风险管理研究院;,F;F;F;,1, 孙坚强; 林伟斌; 欧阳永卫;,经济与管理;经济与管理;,1,2010-04-01;2007-10-01;,陈浪南
陈浪南,厦门大学;,3502.0,1.0,厦门大学;,F;,1, 黄杰鲲;,经济与管理;,1,2002-05-01;,陈浪南
陈灯塔,厦门大学;,3502.0,1.0,厦门大学;,F;F;,1, 周颖刚;,经济与管理;,1,2006-01-01;,陈灯塔
陈灯塔,北京大学;,1100.0,1.0,北京大学;,F;,1, 洪永淼;,经济与管理;,1,2003-10-01;,陈灯塔
陈琳,南开大学;,1200.0,1.0,南开大学;,F;,1, 翟崇碧;,经济与管理;,1,2010-04-01;,陈琳
陈琳,复旦大学;,3100.0,1.0,复旦大学;,F;,1,,经济与管理;,1,2015-10-01;,陈琳
陈良文,北京大学;,1100.0,1.0,北京大学;,F;,1, 杨开忠;,经济与管理;,1,2007-10-01;,陈良文
陈良文,天津新技术产业园区科技局;,1200.0,1.0,天津新技术产业园区科技局;,F;F;F;,1, 杨开忠; 沈体雁; 王伟;,经济与管理;,1,2008-10-01;,陈良文
陈霄,广西师范大学;,4503.0,1.0,广西师范大学;,F;F;,1, 丁晓裕; 王贝芬;,经济与管理;,1,2013-11-01;,陈霄
陈霄,暨南大学;,4401.0,1.0,暨南大学;,F;F;C;,2, 叶德珠;,经济与管理;,1,2016-04-01;,陈霄
陈飞,东北财经大学;,2102.0,1.0,东北财经大学;,F;F;F;F;F;,1, 翟伟娟; 卢建词; 范庆泉; 高铁梅;,经济与管理;经济与管理;经济与管理;,1,2015-10-01;2014-02-01;2010-11-01;,陈飞
陈飞,吉林大学;,2201.0,1.0,吉林大学;,F;,1, 赵昕东; 高铁梅;,经济与管理;,1,2002-10-01;,陈飞
陶江,南开大学;,1200.0,1.0,南开大学;,F;,1,,经济与管理;,1,2003-10-01;,陶江
陶江,湖南大学;,4301.0,1.0,湖南大学;,F;,1, 胡荣尚;,经济与管理;,1,2012-05-01;,陶江
雷鸣,南京财经大学;,3201.0,1.0,南京财经大学;,F;F;F;,1, 王军; 叶五一;,经济与管理;,1,2013-04-01;,雷鸣
雷鸣,南开大学;,1200.0,1.0,南开大学;,F;,1,,经济与管理;,1,2007-04-01;,雷鸣
靳卫东,山东财经大学;,3701.0,1.0,山东财经大学;,F;R;,2, 王鹏帆; 毛中根;,经济与管理;,1,2017-04-01;,靳卫东
靳卫东,南京大学;,3201.0,1.0,南京大学;,F;F;,1,,经济与管理;,1,2007-02-01;,靳卫东
靳卫萍,南开大学;,1200.0,1.0,南开大学;,F;,1,,经济与管理;,1,2002-10-01;,靳卫萍
靳卫萍,清华大学;,1100.0,1.0,清华大学;,F;,1, 熊柴;,经济与管理;,1,2012-10-01;,靳卫萍
鞠晓生,中国人民大学;,1100.0,1.0,中国人民大学;,F;F;,1, 卢荻; 虞义华;,经济与管理;,1,2013-01-01;,鞠晓生
鞠晓生,国防科学技术大学;,4301.0,1.0,国防科学技术大学;,F;E;F;F;F;,2, 黄朝峰; 卢荻; 黄朝峰; 管瑞龙;,经济与管理;经济与管理;,1,2016-03-01;2015-01-01;,鞠晓生
韩胜飞,华南理工大学;,4401.0,1.0,华南理工大学;,F;,1,,经济与管理;,1,2007-07-01;,韩胜飞
韩胜飞,南开大学;,1200.0,1.0,南开大学;,F;,1, 戴金平;,经济与管理;,1,2006-04-01;,韩胜飞
顾标,上海大学;,3100.0,1.0,上海大学;,F;,1, 周纪恩;,经济与管理;,1,2009-10-01;,顾标
顾标,北京大学;,1100.0,1.0,北京大学;,F;,1, 周纪恩;,经济与管理;,1,2007-10-01;,顾标
马亚明,中国滨海金融协同创新中心;,3209.0,1.0,中国滨海金融协同创新中心;,F;F;,1, 刘翠;,经济与管理;,1,2014-12-01;,马亚明
马亚明,南开大学;,1200.0,1.0,南开大学;,F;,1, 张岩贵;,经济与管理;,1,2003-08-01;,马亚明
马明,南开大学;,1200.0,1.0,南开大学;,F;,1,,经济与管理;,1,2004-10-01;,马明
马明,国务院;,1100.0,1.0,国务院;,F;,1, 向桢;,经济与管理;,1,2002-04-01;,马明
马涛,复旦大学;,3100.0,1.0,复旦大学;,F;,1,,经济与管理;,1,2002-06-01;,马涛
马涛,中国社会科学院;,1100.0,1.0,中国社会科学院;,F;F;F;,1, 刘仕国;,经济与管理;,1,2010-08-01;,马涛
马草原,南开大学;,1200.0,1.0,南开大学;,F;F;F;,1, 李运达;,经济与管理;,1,2010-08-01;,马草原
马草原,西安交通大学;,6101.0,1.0,西安交通大学;,F;F;F;X;F;,2, 马文涛; 李成; 李成; 周亚雄;,经济与管理;经济与管理;经济与管理;,1,2017-11-01;2013-07-01;2015-04-01;,马草原
马骏,中国人民银行;,1100.0,1.0,中国人民银行;,F;F;,1,,经济与管理;,1,2015-05-01;,马骏
马骏,中山大学;,4401.0,1.0,中山大学;,F;D;F;,2, 侯一麟;,经济与管理;经济与管理;经济与管理;,1,2004-10-01;2003-01-01;2003-06-01;,马骏
高保中,南开大学;,1200.0,1.0,南开大学;,F;,1,,经济与管理;,1,2004-08-01;,高保中
高保中,河南大学;,4102.0,1.0,河南大学;,F;,1, 赵学增;,经济与管理;,1,2015-12-01;,高保中
高凌云,中国社会科学院;,1100.0,1.0,中国社会科学院;,F;F;F;F;F;F;,1, 毛日昇; 王洛林;,经济与管理;经济与管理;,1,2011-01-01;2010-01-01;,高凌云
高凌云,云南民族大学;,5301.0,1.0,云南民族大学;,F;,1, 王洛林; 苏庆义;,经济与管理;,1,2012-05-01;,高凌云
高峰,南开大学;,1200.0,1.0,南开大学;,F;F;F;,1, 张仁德; 陈瑞华;,经济与管理;经济与管理;经济与管理;,1,2005-10-01;2004-10-01;2001-12-01;,高峰
高峰,清华大学;,1100.0,1.0,清华大学;,F;,1, 宋逢明;,经济与管理;,1,2003-03-01;,高峰
高梦滔,,1100.0,2.0,北京师范大学;北京大学;;,F;C;,2, 姚洋; 姚洋;,经济与管理;经济与管理;,1,2005-12-01;2004-07-01;,高梦滔
高梦滔,云南民族大学;,5301.0,1.0,云南民族大学;,F;F;,1, 姚洋;,经济与管理;,1,2006-12-01;,高梦滔
高阳,云南财经大学;,5301.0,1.0,云南财经大学;,F;,1, 田友春;,经济与管理;,1,2017-02-01;,高阳
高阳,南开大学;,1200.0,1.0,南开大学;,F;,1,,经济与管理;,1,2015-02-01;,高阳
魏巍贤,厦门大学;,3502.0,1.0,厦门大学;,F;,1,,经济与管理;,1,2006-04-01;,魏巍贤
魏巍贤,对外经济贸易大学;,1100.0,1.0,对外经济贸易大学;,F;F;,1, 林伯强;,经济与管理;,1,2007-12-01;,魏巍贤
黄勋敬,南京大学;,3201.0,1.0,南京大学;,F;F;F;,1, 赵曙明; 程秋虎; 赵曙明; 赵曙明;,经济与管理;经济与管理;经济与管理;,1,2013-07-01;2012-09-01;2010-03-01;,黄勋敬
黄勋敬,,4401.0,2.0,华南师范大学;中山大学;;,F;F;F;,1, 胡晔;;,经济与管理;经济与管理;,1,2007-01-01;2009-05-01;,黄勋敬
黄志刚,,1100.0,2.0,北京大学;中央财经大学;;,F;F;F;F;F;F;F;F;F;F;F;F;F;F;,1,; 许伟;,经济与管理;经济与管理;经济与管理;经济与管理;经济与管理;,1,2009-06-01;2017-05-01;2011-03-01;2012-04-01;2010-07-01;,黄志刚
黄志刚,福州大学;,3501.0,1.0,福州大学;,F;F;,1, 陈晓杰;,经济与管理;,1,2010-05-01;,黄志刚
黄枫,上海财经大学;,3100.0,1.0,上海财经大学;,F;F;R;F;F;C;,3, 孙世龙; 吴纯杰; 吴纯杰; 傅伟;,经济与管理;经济与管理;经济与管理;经济与管理;,1,2015-07-01;2012-12-01;2013-01-01;2017-02-01;,黄枫
黄枫,西南财经大学;,5101.0,1.0,西南财经大学;,F;F;,1, 甘犁; 吴纯杰;,经济与管理;经济与管理;,1,2010-06-01;2009-12-01;,黄枫
黄荣哲,广西财经学院;,4501.0,1.0,广西财经学院;,F;F;F;,1, 农丽娜;,经济与管理;,1,2013-05-01;,黄荣哲
黄荣哲,暨南大学;,4401.0,1.0,暨南大学;,F;F;,1, 何问陶; 农丽娜;,经济与管理;,1,2008-12-01;,黄荣哲
黄飞鸣,厦门大学;,3502.0,1.0,厦门大学;,F;F;,1,,经济与管理;,1,2009-12-01;,黄飞鸣
黄飞鸣,江西财经大学;,3601.0,1.0,江西财经大学;,F;F;,1,,经济与管理;,1,2010-10-01;,黄飞鸣
黎峰,南开大学;,1200.0,1.0,南开大学;,F;F;F;,1,,经济与管理;,1,2015-08-01;,黎峰
黎峰,江苏省社会科学院;,3201.0,1.0,江苏省社会科学院;,F;,1,,经济与管理;,1,2017-09-01;,黎峰
黎德福,南开大学;,1200.0,1.0,南开大学;,F;,1, 黄玖立;,经济与管理;,1,2006-02-01;,黎德福
黎德福,同济大学;,3100.0,1.0,同济大学;,F;F;F;F;,1, 唐雪梅; 陈宗胜; 黄玖立;,经济与管理;经济与管理;经济与管理;,1,2013-04-01;2006-10-01;2007-08-01;,黎德福
龚关,上海财经大学;,3100.0,1.0,上海财经大学;,F;F;,1, 胡关亮;,经济与管理;,1,2013-04-01;,龚关
龚关,南开大学;,1200.0,1.0,南开大学;,F;F;,1,,经济与管理;,1,2007-12-01;,龚关
龚刚,云南财经大学;,5301.0,1.0,云南财经大学;,F;F;,1, 徐文舸; 杨光; 高阳;,经济与管理;经济与管理;,1,2016-06-01;2013-11-01;,龚刚
龚刚,南开大学;,1200.0,1.0,南开大学;,F;F;F;F;F;F;F;,1, 高坚; 李炳念; 高坚; 何学中;,经济与管理;经济与管理;经济与管理;经济与管理;,1,2012-09-01;2008-06-01;2008-10-01;2007-10-01;,龚刚
龚刚,清华大学;,1100.0,1.0,清华大学;,F;F;F;F;F;,1, 林毅夫; Willi Semmler; 陈琳;,经济与管理;经济与管理;经济与管理;经济与管理;,1,2007-04-01;2004-07-01;2003-04-01;2007-04-01;,龚刚
龚强,中南财经政法大学;,4201.0,1.0,中南财经政法大学;,F;,1, 雷丽衡; 袁燕;,经济与管理;,1,2015-08-01;,龚强
龚强,北京大学;,1100.0,1.0,北京大学;,F;F;F;F;F;F;F;F;F;,1, 徐朝阳; 张懿;,经济与管理;经济与管理;经济与管理;经济与管理;经济与管理;,1,2008-02-01;2011-01-01;2009-07-01;2010-02-01;2009-02-01;,龚强
龚强,西南财经大学;,5101.0,1.0,西南财经大学;,F;F;F;F;F;F;F;F;F;,1, 张一林; 林毅夫; 张一林; 余建宇; 李涵; 张彤; 王俊; 贾珅; 成酩; 陈丰;,经济与管理;经济与管理;经济与管理;经济与管理;经济与管理;经济与管理;,1,2014-04-01;2013-03-01;2012-06-01;2011-07-01;2014-02-01;2012-12-01;,龚强
龚锋,武汉大学;,4201.0,1.0,武汉大学;,C;F;C;,2, 李智; 雷欣; 余锦亮;,经济与管理;经济与管理;,1,2017-03-01;2015-08-01;,龚锋
龚锋,东莞理工学院;,4419.0,1.0,东莞理工学院;,F;,1, 曾爱玲;,经济与管理;,1,2016-01-01;,龚锋
